Start time: Wed Mar 11 10:33:12 PM CET 2026
Host: albatros.polytechnique.fr
Wed Mar 11 22:33:12 2026       
+-----------------------------------------------------------------------------------------+
| NVIDIA-SMI 580.126.18             Driver Version: 580.126.18     CUDA Version: 13.0     |
+-----------------------------------------+------------------------+----------------------+
| GPU  Name                 Persistence-M | Bus-Id          Disp.A | Volatile Uncorr. ECC |
| Fan  Temp   Perf          Pwr:Usage/Cap |           Memory-Usage | GPU-Util  Compute M. |
|                                         |                        |               MIG M. |
|=========================================+========================+======================|
|   0  NVIDIA RTX A5000               Off |   00000000:01:00.0 Off |                  Off |
| 30%   36C    P8             27W /  230W |     138MiB /  24564MiB |      0%      Default |
|                                         |                        |                  N/A |
+-----------------------------------------+------------------------+----------------------+

+-----------------------------------------------------------------------------------------+
| Processes:                                                                              |
|  GPU   GI   CI              PID   Type   Process name                        GPU Memory |
|        ID   ID                                                               Usage      |
|=========================================================================================|
|    0   N/A  N/A            1786      G   /usr/libexec/Xorg                        94MiB |
|    0   N/A  N/A            1816      G   /usr/bin/gnome-shell                      8MiB |
+-----------------------------------------------------------------------------------------+
cuda available: True
device count: 1
device name: NVIDIA RTX A5000

================================================================================
Training alpha=0.0, seed=0
================================================================================
Using device: cuda
[Experiment] model_one_layer_FC_alpha_0
[Alpha] 0.0
[Run dir] outputs/compressibility_adv_robustness/model_one_layer_FC_alpha_0_seed_0
[Target Frobenius norm] 1.000000
[Early stopping patience] 10
[Epoch 001] train_ce=0.1589 | train_nuc=0.0000 | train_total=0.1589 | train_acc=0.9390 | val_loss=0.0885 | val_acc=0.9700 | test_acc=0.9692 | fro=13.7761 | nuc=238.0095
[Epoch 002] train_ce=0.0691 | train_nuc=0.0000 | train_total=0.0691 | train_acc=0.9763 | val_loss=0.0653 | val_acc=0.9773 | test_acc=0.9787 | fro=15.1495 | nuc=251.3467
[Epoch 003] train_ce=0.0499 | train_nuc=0.0000 | train_total=0.0499 | train_acc=0.9828 | val_loss=0.0564 | val_acc=0.9797 | test_acc=0.9816 | fro=16.3968 | nuc=263.5711
[Epoch 004] train_ce=0.0370 | train_nuc=0.0000 | train_total=0.0370 | train_acc=0.9874 | val_loss=0.0553 | val_acc=0.9797 | test_acc=0.9799 | fro=17.4718 | nuc=274.7077
[Epoch 005] train_ce=0.0272 | train_nuc=0.0000 | train_total=0.0272 | train_acc=0.9909 | val_loss=0.0441 | val_acc=0.9837 | test_acc=0.9831 | fro=18.4259 | nuc=285.0735
[Epoch 006] train_ce=0.0212 | train_nuc=0.0000 | train_total=0.0212 | train_acc=0.9930 | val_loss=0.0461 | val_acc=0.9840 | test_acc=0.9837 | fro=19.3054 | nuc=294.8081
[Epoch 007] train_ce=0.0158 | train_nuc=0.0000 | train_total=0.0158 | train_acc=0.9950 | val_loss=0.0419 | val_acc=0.9863 | test_acc=0.9837 | fro=20.1105 | nuc=303.5780
[Epoch 008] train_ce=0.0134 | train_nuc=0.0000 | train_total=0.0134 | train_acc=0.9956 | val_loss=0.0427 | val_acc=0.9867 | test_acc=0.9840 | fro=20.9475 | nuc=312.8080
[Epoch 009] train_ce=0.0103 | train_nuc=0.0000 | train_total=0.0103 | train_acc=0.9969 | val_loss=0.0429 | val_acc=0.9877 | test_acc=0.9839 | fro=21.6610 | nuc=320.7397
[Epoch 010] train_ce=0.0077 | train_nuc=0.0000 | train_total=0.0077 | train_acc=0.9978 | val_loss=0.0488 | val_acc=0.9837 | test_acc=0.9845 | fro=22.2746 | nuc=327.6229
[Epoch 011] train_ce=0.0067 | train_nuc=0.0000 | train_total=0.0067 | train_acc=0.9981 | val_loss=0.0467 | val_acc=0.9840 | test_acc=0.9841 | fro=22.8594 | nuc=333.9466
[Epoch 012] train_ce=0.0063 | train_nuc=0.0000 | train_total=0.0063 | train_acc=0.9980 | val_loss=0.0620 | val_acc=0.9827 | test_acc=0.9822 | fro=23.5191 | nuc=341.0411
[Epoch 013] train_ce=0.0083 | train_nuc=0.0000 | train_total=0.0083 | train_acc=0.9974 | val_loss=0.0513 | val_acc=0.9840 | test_acc=0.9818 | fro=24.4625 | nuc=350.6908
[Epoch 014] train_ce=0.0065 | train_nuc=0.0000 | train_total=0.0065 | train_acc=0.9981 | val_loss=0.0533 | val_acc=0.9853 | test_acc=0.9832 | fro=25.1134 | nuc=358.0510
[Epoch 015] train_ce=0.0045 | train_nuc=0.0000 | train_total=0.0045 | train_acc=0.9985 | val_loss=0.0466 | val_acc=0.9880 | test_acc=0.9841 | fro=25.6210 | nuc=363.5675
[Epoch 016] train_ce=0.0034 | train_nuc=0.0000 | train_total=0.0034 | train_acc=0.9991 | val_loss=0.0492 | val_acc=0.9880 | test_acc=0.9850 | fro=25.9886 | nuc=367.8084
[Epoch 017] train_ce=0.0020 | train_nuc=0.0000 | train_total=0.0020 | train_acc=0.9996 | val_loss=0.0537 | val_acc=0.9857 | test_acc=0.9856 | fro=26.2177 | nuc=370.5010
Early stopping triggered at epoch 17. Best val_loss=0.041950 at epoch 7.
Done. alpha=0.0 | best_val_loss=0.041950 | best_epoch=7

================================================================================
Training alpha=0.0, seed=1
================================================================================
Using device: cuda
[Experiment] model_one_layer_FC_alpha_0
[Alpha] 0.0
[Run dir] outputs/compressibility_adv_robustness/model_one_layer_FC_alpha_0_seed_1
[Target Frobenius norm] 1.000000
[Early stopping patience] 10
[Epoch 001] train_ce=0.1610 | train_nuc=0.0000 | train_total=0.1610 | train_acc=0.9391 | val_loss=0.0951 | val_acc=0.9673 | test_acc=0.9718 | fro=13.7936 | nuc=238.2605
[Epoch 002] train_ce=0.0659 | train_nuc=0.0000 | train_total=0.0659 | train_acc=0.9777 | val_loss=0.0742 | val_acc=0.9750 | test_acc=0.9783 | fro=15.2669 | nuc=252.5066
[Epoch 003] train_ce=0.0468 | train_nuc=0.0000 | train_total=0.0468 | train_acc=0.9839 | val_loss=0.0761 | val_acc=0.9710 | test_acc=0.9747 | fro=16.5615 | nuc=265.1165
[Epoch 004] train_ce=0.0339 | train_nuc=0.0000 | train_total=0.0339 | train_acc=0.9886 | val_loss=0.0607 | val_acc=0.9793 | test_acc=0.9810 | fro=17.6533 | nuc=276.7532
[Epoch 005] train_ce=0.0258 | train_nuc=0.0000 | train_total=0.0258 | train_acc=0.9914 | val_loss=0.0543 | val_acc=0.9827 | test_acc=0.9832 | fro=18.6552 | nuc=287.4174
[Epoch 006] train_ce=0.0198 | train_nuc=0.0000 | train_total=0.0198 | train_acc=0.9938 | val_loss=0.0564 | val_acc=0.9803 | test_acc=0.9827 | fro=19.5716 | nuc=297.4333
[Epoch 007] train_ce=0.0147 | train_nuc=0.0000 | train_total=0.0147 | train_acc=0.9955 | val_loss=0.0492 | val_acc=0.9823 | test_acc=0.9852 | fro=20.3569 | nuc=306.0781
[Epoch 008] train_ce=0.0136 | train_nuc=0.0000 | train_total=0.0136 | train_acc=0.9957 | val_loss=0.0656 | val_acc=0.9793 | test_acc=0.9822 | fro=21.2575 | nuc=315.8096
[Epoch 009] train_ce=0.0109 | train_nuc=0.0000 | train_total=0.0109 | train_acc=0.9965 | val_loss=0.0513 | val_acc=0.9827 | test_acc=0.9833 | fro=22.0419 | nuc=324.4663
[Epoch 010] train_ce=0.0070 | train_nuc=0.0000 | train_total=0.0070 | train_acc=0.9981 | val_loss=0.0526 | val_acc=0.9827 | test_acc=0.9844 | fro=22.5836 | nuc=330.3671
[Epoch 011] train_ce=0.0059 | train_nuc=0.0000 | train_total=0.0059 | train_acc=0.9983 | val_loss=0.0510 | val_acc=0.9843 | test_acc=0.9844 | fro=23.1297 | nuc=336.6178
[Epoch 012] train_ce=0.0049 | train_nuc=0.0000 | train_total=0.0049 | train_acc=0.9987 | val_loss=0.0631 | val_acc=0.9827 | test_acc=0.9844 | fro=23.6461 | nuc=342.2411
[Epoch 013] train_ce=0.0038 | train_nuc=0.0000 | train_total=0.0038 | train_acc=0.9991 | val_loss=0.0585 | val_acc=0.9820 | test_acc=0.9829 | fro=24.1166 | nuc=347.2998
[Epoch 014] train_ce=0.0034 | train_nuc=0.0000 | train_total=0.0034 | train_acc=0.9992 | val_loss=0.0640 | val_acc=0.9820 | test_acc=0.9826 | fro=24.5473 | nuc=351.7386
[Epoch 015] train_ce=0.0125 | train_nuc=0.0000 | train_total=0.0125 | train_acc=0.9954 | val_loss=0.0849 | val_acc=0.9787 | test_acc=0.9784 | fro=26.2134 | nuc=368.5096
[Epoch 016] train_ce=0.0087 | train_nuc=0.0000 | train_total=0.0087 | train_acc=0.9971 | val_loss=0.0701 | val_acc=0.9800 | test_acc=0.9830 | fro=27.1248 | nuc=379.0135
[Epoch 017] train_ce=0.0039 | train_nuc=0.0000 | train_total=0.0039 | train_acc=0.9987 | val_loss=0.0694 | val_acc=0.9840 | test_acc=0.9838 | fro=27.4805 | nuc=383.4099
Early stopping triggered at epoch 17. Best val_loss=0.049158 at epoch 7.
Done. alpha=0.0 | best_val_loss=0.049158 | best_epoch=7

================================================================================
Training alpha=0.0, seed=2
================================================================================
Using device: cuda
[Experiment] model_one_layer_FC_alpha_0
[Alpha] 0.0
[Run dir] outputs/compressibility_adv_robustness/model_one_layer_FC_alpha_0_seed_2
[Target Frobenius norm] 1.000000
[Early stopping patience] 10
[Epoch 001] train_ce=0.1603 | train_nuc=0.0000 | train_total=0.1603 | train_acc=0.9380 | val_loss=0.0723 | val_acc=0.9747 | test_acc=0.9714 | fro=13.6988 | nuc=237.4778
[Epoch 002] train_ce=0.0665 | train_nuc=0.0000 | train_total=0.0665 | train_acc=0.9772 | val_loss=0.0511 | val_acc=0.9830 | test_acc=0.9780 | fro=15.1163 | nuc=251.5729
[Epoch 003] train_ce=0.0479 | train_nuc=0.0000 | train_total=0.0479 | train_acc=0.9837 | val_loss=0.0439 | val_acc=0.9827 | test_acc=0.9809 | fro=16.4601 | nuc=265.1805
[Epoch 004] train_ce=0.0357 | train_nuc=0.0000 | train_total=0.0357 | train_acc=0.9882 | val_loss=0.0452 | val_acc=0.9833 | test_acc=0.9807 | fro=17.6225 | nuc=277.4654
[Epoch 005] train_ce=0.0278 | train_nuc=0.0000 | train_total=0.0278 | train_acc=0.9908 | val_loss=0.0420 | val_acc=0.9857 | test_acc=0.9818 | fro=18.7129 | nuc=289.3096
[Epoch 006] train_ce=0.0206 | train_nuc=0.0000 | train_total=0.0206 | train_acc=0.9932 | val_loss=0.0396 | val_acc=0.9843 | test_acc=0.9832 | fro=19.6897 | nuc=299.9403
[Epoch 007] train_ce=0.0163 | train_nuc=0.0000 | train_total=0.0163 | train_acc=0.9951 | val_loss=0.0399 | val_acc=0.9870 | test_acc=0.9837 | fro=20.5581 | nuc=309.4147
[Epoch 008] train_ce=0.0134 | train_nuc=0.0000 | train_total=0.0134 | train_acc=0.9960 | val_loss=0.0333 | val_acc=0.9880 | test_acc=0.9838 | fro=21.4060 | nuc=318.7101
[Epoch 009] train_ce=0.0083 | train_nuc=0.0000 | train_total=0.0083 | train_acc=0.9978 | val_loss=0.0376 | val_acc=0.9870 | test_acc=0.9833 | fro=21.9794 | nuc=325.2644
[Epoch 010] train_ce=0.0068 | train_nuc=0.0000 | train_total=0.0068 | train_acc=0.9981 | val_loss=0.0343 | val_acc=0.9883 | test_acc=0.9854 | fro=22.5783 | nuc=331.7717
[Epoch 011] train_ce=0.0072 | train_nuc=0.0000 | train_total=0.0072 | train_acc=0.9979 | val_loss=0.0477 | val_acc=0.9833 | test_acc=0.9847 | fro=23.3377 | nuc=339.9619
[Epoch 012] train_ce=0.0065 | train_nuc=0.0000 | train_total=0.0065 | train_acc=0.9981 | val_loss=0.0396 | val_acc=0.9863 | test_acc=0.9849 | fro=24.0814 | nuc=348.1502
[Epoch 013] train_ce=0.0046 | train_nuc=0.0000 | train_total=0.0046 | train_acc=0.9987 | val_loss=0.0542 | val_acc=0.9817 | test_acc=0.9831 | fro=24.6111 | nuc=353.8266
[Epoch 014] train_ce=0.0074 | train_nuc=0.0000 | train_total=0.0074 | train_acc=0.9973 | val_loss=0.0471 | val_acc=0.9833 | test_acc=0.9828 | fro=25.5132 | nuc=363.5818
[Epoch 015] train_ce=0.0060 | train_nuc=0.0000 | train_total=0.0060 | train_acc=0.9981 | val_loss=0.0477 | val_acc=0.9830 | test_acc=0.9835 | fro=26.3288 | nuc=372.3828
[Epoch 016] train_ce=0.0061 | train_nuc=0.0000 | train_total=0.0061 | train_acc=0.9980 | val_loss=0.0479 | val_acc=0.9857 | test_acc=0.9841 | fro=27.1574 | nuc=381.4041
[Epoch 017] train_ce=0.0049 | train_nuc=0.0000 | train_total=0.0049 | train_acc=0.9983 | val_loss=0.0600 | val_acc=0.9840 | test_acc=0.9813 | fro=27.7683 | nuc=387.9132
[Epoch 018] train_ce=0.0064 | train_nuc=0.0000 | train_total=0.0064 | train_acc=0.9980 | val_loss=0.0522 | val_acc=0.9837 | test_acc=0.9832 | fro=28.5354 | nuc=396.4760
Early stopping triggered at epoch 18. Best val_loss=0.033322 at epoch 8.
Done. alpha=0.0 | best_val_loss=0.033322 | best_epoch=8

================================================================================
Training alpha=0.0, seed=3
================================================================================
Using device: cuda
[Experiment] model_one_layer_FC_alpha_0
[Alpha] 0.0
[Run dir] outputs/compressibility_adv_robustness/model_one_layer_FC_alpha_0_seed_3
[Target Frobenius norm] 1.000000
[Early stopping patience] 10
[Epoch 001] train_ce=0.1493 | train_nuc=0.0000 | train_total=0.1493 | train_acc=0.9432 | val_loss=0.0848 | val_acc=0.9753 | test_acc=0.9703 | fro=13.9383 | nuc=239.7759
[Epoch 002] train_ce=0.0637 | train_nuc=0.0000 | train_total=0.0637 | train_acc=0.9776 | val_loss=0.0721 | val_acc=0.9773 | test_acc=0.9783 | fro=15.4740 | nuc=254.7318
[Epoch 003] train_ce=0.0447 | train_nuc=0.0000 | train_total=0.0447 | train_acc=0.9845 | val_loss=0.0721 | val_acc=0.9767 | test_acc=0.9762 | fro=16.7536 | nuc=267.7205
[Epoch 004] train_ce=0.0330 | train_nuc=0.0000 | train_total=0.0330 | train_acc=0.9883 | val_loss=0.0593 | val_acc=0.9797 | test_acc=0.9815 | fro=17.9130 | nuc=279.6629
[Epoch 005] train_ce=0.0246 | train_nuc=0.0000 | train_total=0.0246 | train_acc=0.9919 | val_loss=0.0698 | val_acc=0.9810 | test_acc=0.9807 | fro=18.9143 | nuc=290.3012
[Epoch 006] train_ce=0.0186 | train_nuc=0.0000 | train_total=0.0186 | train_acc=0.9940 | val_loss=0.0574 | val_acc=0.9837 | test_acc=0.9819 | fro=19.8570 | nuc=300.3265
[Epoch 007] train_ce=0.0145 | train_nuc=0.0000 | train_total=0.0145 | train_acc=0.9955 | val_loss=0.0644 | val_acc=0.9813 | test_acc=0.9837 | fro=20.6697 | nuc=309.1392
[Epoch 008] train_ce=0.0112 | train_nuc=0.0000 | train_total=0.0112 | train_acc=0.9967 | val_loss=0.0592 | val_acc=0.9843 | test_acc=0.9832 | fro=21.4560 | nuc=317.5555
[Epoch 009] train_ce=0.0093 | train_nuc=0.0000 | train_total=0.0093 | train_acc=0.9971 | val_loss=0.0627 | val_acc=0.9843 | test_acc=0.9848 | fro=22.1321 | nuc=325.2397
[Epoch 010] train_ce=0.0085 | train_nuc=0.0000 | train_total=0.0085 | train_acc=0.9971 | val_loss=0.0774 | val_acc=0.9823 | test_acc=0.9825 | fro=22.8848 | nuc=333.1099
[Epoch 011] train_ce=0.0066 | train_nuc=0.0000 | train_total=0.0066 | train_acc=0.9980 | val_loss=0.0713 | val_acc=0.9827 | test_acc=0.9839 | fro=23.5167 | nuc=339.8762
[Epoch 012] train_ce=0.0067 | train_nuc=0.0000 | train_total=0.0067 | train_acc=0.9980 | val_loss=0.0711 | val_acc=0.9807 | test_acc=0.9818 | fro=24.1670 | nuc=346.7789
[Epoch 013] train_ce=0.0063 | train_nuc=0.0000 | train_total=0.0063 | train_acc=0.9980 | val_loss=0.0807 | val_acc=0.9787 | test_acc=0.9836 | fro=24.8691 | nuc=354.4749
[Epoch 014] train_ce=0.0037 | train_nuc=0.0000 | train_total=0.0037 | train_acc=0.9989 | val_loss=0.0816 | val_acc=0.9810 | test_acc=0.9828 | fro=25.3318 | nuc=359.7545
[Epoch 015] train_ce=0.0052 | train_nuc=0.0000 | train_total=0.0052 | train_acc=0.9984 | val_loss=0.0755 | val_acc=0.9840 | test_acc=0.9839 | fro=26.1017 | nuc=367.8848
[Epoch 016] train_ce=0.0087 | train_nuc=0.0000 | train_total=0.0087 | train_acc=0.9969 | val_loss=0.0794 | val_acc=0.9810 | test_acc=0.9820 | fro=27.2874 | nuc=380.2119
Early stopping triggered at epoch 16. Best val_loss=0.057365 at epoch 6.
Done. alpha=0.0 | best_val_loss=0.057365 | best_epoch=6

================================================================================
Training alpha=0.0, seed=4
================================================================================
Using device: cuda
[Experiment] model_one_layer_FC_alpha_0
[Alpha] 0.0
[Run dir] outputs/compressibility_adv_robustness/model_one_layer_FC_alpha_0_seed_4
[Target Frobenius norm] 1.000000
[Early stopping patience] 10
[Epoch 001] train_ce=0.1528 | train_nuc=0.0000 | train_total=0.1528 | train_acc=0.9406 | val_loss=0.0918 | val_acc=0.9707 | test_acc=0.9687 | fro=14.0203 | nuc=240.1784
[Epoch 002] train_ce=0.0642 | train_nuc=0.0000 | train_total=0.0642 | train_acc=0.9783 | val_loss=0.0829 | val_acc=0.9703 | test_acc=0.9770 | fro=15.5425 | nuc=254.9090
[Epoch 003] train_ce=0.0448 | train_nuc=0.0000 | train_total=0.0448 | train_acc=0.9846 | val_loss=0.0672 | val_acc=0.9750 | test_acc=0.9827 | fro=16.8602 | nuc=268.0480
[Epoch 004] train_ce=0.0327 | train_nuc=0.0000 | train_total=0.0327 | train_acc=0.9892 | val_loss=0.0641 | val_acc=0.9767 | test_acc=0.9815 | fro=18.0343 | nuc=280.1266
[Epoch 005] train_ce=0.0248 | train_nuc=0.0000 | train_total=0.0248 | train_acc=0.9915 | val_loss=0.0679 | val_acc=0.9783 | test_acc=0.9814 | fro=19.1140 | nuc=291.6299
[Epoch 006] train_ce=0.0178 | train_nuc=0.0000 | train_total=0.0178 | train_acc=0.9942 | val_loss=0.0595 | val_acc=0.9797 | test_acc=0.9847 | fro=20.0737 | nuc=301.9728
[Epoch 007] train_ce=0.0146 | train_nuc=0.0000 | train_total=0.0146 | train_acc=0.9953 | val_loss=0.0544 | val_acc=0.9807 | test_acc=0.9832 | fro=20.9637 | nuc=311.5769
[Epoch 008] train_ce=0.0101 | train_nuc=0.0000 | train_total=0.0101 | train_acc=0.9971 | val_loss=0.0576 | val_acc=0.9790 | test_acc=0.9845 | fro=21.6567 | nuc=319.3277
[Epoch 009] train_ce=0.0090 | train_nuc=0.0000 | train_total=0.0090 | train_acc=0.9972 | val_loss=0.0677 | val_acc=0.9827 | test_acc=0.9831 | fro=22.3675 | nuc=326.9976
[Epoch 010] train_ce=0.0077 | train_nuc=0.0000 | train_total=0.0077 | train_acc=0.9977 | val_loss=0.0619 | val_acc=0.9847 | test_acc=0.9830 | fro=23.0744 | nuc=334.8168
[Epoch 011] train_ce=0.0074 | train_nuc=0.0000 | train_total=0.0074 | train_acc=0.9977 | val_loss=0.0748 | val_acc=0.9823 | test_acc=0.9826 | fro=23.8600 | nuc=342.8234
[Epoch 012] train_ce=0.0064 | train_nuc=0.0000 | train_total=0.0064 | train_acc=0.9979 | val_loss=0.0805 | val_acc=0.9797 | test_acc=0.9801 | fro=24.5370 | nuc=350.2030
[Epoch 013] train_ce=0.0075 | train_nuc=0.0000 | train_total=0.0075 | train_acc=0.9976 | val_loss=0.0691 | val_acc=0.9843 | test_acc=0.9821 | fro=25.3775 | nuc=359.0315
[Epoch 014] train_ce=0.0060 | train_nuc=0.0000 | train_total=0.0060 | train_acc=0.9979 | val_loss=0.0619 | val_acc=0.9857 | test_acc=0.9847 | fro=26.1175 | nuc=367.0049
[Epoch 015] train_ce=0.0035 | train_nuc=0.0000 | train_total=0.0035 | train_acc=0.9990 | val_loss=0.0758 | val_acc=0.9850 | test_acc=0.9841 | fro=26.4371 | nuc=370.8678
[Epoch 016] train_ce=0.0019 | train_nuc=0.0000 | train_total=0.0019 | train_acc=0.9996 | val_loss=0.0679 | val_acc=0.9853 | test_acc=0.9834 | fro=26.6407 | nuc=373.2956
[Epoch 017] train_ce=0.0011 | train_nuc=0.0000 | train_total=0.0011 | train_acc=0.9998 | val_loss=0.0669 | val_acc=0.9867 | test_acc=0.9848 | fro=26.7533 | nuc=374.5197
Early stopping triggered at epoch 17. Best val_loss=0.054404 at epoch 7.
Done. alpha=0.0 | best_val_loss=0.054404 | best_epoch=7

================================================================================
Training alpha=0.005, seed=0
================================================================================
Using device: cuda
[Experiment] model_one_layer_FC_alpha_0p005
[Alpha] 0.005
[Run dir] outputs/compressibility_adv_robustness/model_one_layer_FC_alpha_0p005_seed_0
[Target Frobenius norm] 1.000000
[Early stopping patience] 10
[Epoch 001] train_ce=0.2692 | train_nuc=3.8124 | train_total=0.2883 | train_acc=0.8953 | val_loss=0.2053 | val_acc=0.9283 | test_acc=0.9243 | fro=1.0000 | nuc=3.6522
[Epoch 002] train_ce=0.1946 | train_nuc=4.1244 | train_total=0.2152 | train_acc=0.9286 | val_loss=0.1761 | val_acc=0.9450 | test_acc=0.9375 | fro=1.0000 | nuc=4.5496
[Epoch 003] train_ce=0.1808 | train_nuc=4.7229 | train_total=0.2044 | train_acc=0.9342 | val_loss=0.1471 | val_acc=0.9563 | test_acc=0.9439 | fro=1.0000 | nuc=4.8945
[Epoch 004] train_ce=0.1663 | train_nuc=5.0720 | train_total=0.1917 | train_acc=0.9395 | val_loss=0.1772 | val_acc=0.9350 | test_acc=0.9386 | fro=1.0000 | nuc=5.1627
[Epoch 005] train_ce=0.1640 | train_nuc=5.3082 | train_total=0.1906 | train_acc=0.9406 | val_loss=0.1348 | val_acc=0.9563 | test_acc=0.9506 | fro=1.0000 | nuc=5.4409
[Epoch 006] train_ce=0.1625 | train_nuc=5.4685 | train_total=0.1899 | train_acc=0.9399 | val_loss=0.1317 | val_acc=0.9577 | test_acc=0.9536 | fro=1.0000 | nuc=5.4578
[Epoch 007] train_ce=0.1565 | train_nuc=5.5958 | train_total=0.1845 | train_acc=0.9426 | val_loss=0.1553 | val_acc=0.9410 | test_acc=0.9472 | fro=1.0000 | nuc=5.6826
[Epoch 008] train_ce=0.1539 | train_nuc=5.7151 | train_total=0.1824 | train_acc=0.9444 | val_loss=0.1525 | val_acc=0.9443 | test_acc=0.9373 | fro=1.0000 | nuc=5.6625
[Epoch 009] train_ce=0.1520 | train_nuc=5.7355 | train_total=0.1807 | train_acc=0.9442 | val_loss=0.1460 | val_acc=0.9437 | test_acc=0.9446 | fro=1.0000 | nuc=5.8124
[Epoch 010] train_ce=0.1558 | train_nuc=5.6511 | train_total=0.1841 | train_acc=0.9424 | val_loss=0.1481 | val_acc=0.9417 | test_acc=0.9394 | fro=1.0000 | nuc=5.6045
[Epoch 011] train_ce=0.1530 | train_nuc=5.6599 | train_total=0.1813 | train_acc=0.9428 | val_loss=0.1201 | val_acc=0.9570 | test_acc=0.9545 | fro=1.0000 | nuc=5.5881
[Epoch 012] train_ce=0.1496 | train_nuc=5.6242 | train_total=0.1777 | train_acc=0.9456 | val_loss=0.1489 | val_acc=0.9420 | test_acc=0.9408 | fro=1.0000 | nuc=5.7644
[Epoch 013] train_ce=0.1499 | train_nuc=5.6346 | train_total=0.1781 | train_acc=0.9451 | val_loss=0.1263 | val_acc=0.9570 | test_acc=0.9558 | fro=1.0000 | nuc=5.5767
[Epoch 014] train_ce=0.1387 | train_nuc=5.6654 | train_total=0.1670 | train_acc=0.9503 | val_loss=0.1303 | val_acc=0.9543 | test_acc=0.9530 | fro=1.0000 | nuc=5.7582
[Epoch 015] train_ce=0.1413 | train_nuc=5.7004 | train_total=0.1698 | train_acc=0.9488 | val_loss=0.1212 | val_acc=0.9620 | test_acc=0.9566 | fro=1.0000 | nuc=5.8085
[Epoch 016] train_ce=0.1450 | train_nuc=5.6398 | train_total=0.1732 | train_acc=0.9465 | val_loss=0.1267 | val_acc=0.9537 | test_acc=0.9551 | fro=1.0000 | nuc=5.4504
[Epoch 017] train_ce=0.1324 | train_nuc=5.6324 | train_total=0.1605 | train_acc=0.9529 | val_loss=0.1152 | val_acc=0.9620 | test_acc=0.9572 | fro=1.0000 | nuc=5.5809
[Epoch 018] train_ce=0.1337 | train_nuc=5.6301 | train_total=0.1618 | train_acc=0.9516 | val_loss=0.1111 | val_acc=0.9603 | test_acc=0.9591 | fro=1.0000 | nuc=5.6263
[Epoch 019] train_ce=0.1263 | train_nuc=5.6354 | train_total=0.1545 | train_acc=0.9541 | val_loss=0.1231 | val_acc=0.9567 | test_acc=0.9579 | fro=1.0000 | nuc=5.5771
[Epoch 020] train_ce=0.1302 | train_nuc=5.6284 | train_total=0.1583 | train_acc=0.9533 | val_loss=0.1143 | val_acc=0.9570 | test_acc=0.9577 | fro=1.0000 | nuc=5.6421
[Epoch 021] train_ce=0.1341 | train_nuc=5.5772 | train_total=0.1620 | train_acc=0.9518 | val_loss=0.1207 | val_acc=0.9570 | test_acc=0.9578 | fro=1.0000 | nuc=5.5928
[Epoch 022] train_ce=0.1240 | train_nuc=5.5948 | train_total=0.1520 | train_acc=0.9562 | val_loss=0.1540 | val_acc=0.9423 | test_acc=0.9391 | fro=1.0000 | nuc=5.5655
[Epoch 023] train_ce=0.1327 | train_nuc=5.5761 | train_total=0.1606 | train_acc=0.9528 | val_loss=0.1135 | val_acc=0.9627 | test_acc=0.9603 | fro=1.0000 | nuc=5.6019
[Epoch 024] train_ce=0.1272 | train_nuc=5.5666 | train_total=0.1551 | train_acc=0.9534 | val_loss=0.1055 | val_acc=0.9667 | test_acc=0.9603 | fro=1.0000 | nuc=5.6056
[Epoch 025] train_ce=0.1295 | train_nuc=5.5701 | train_total=0.1573 | train_acc=0.9534 | val_loss=0.1186 | val_acc=0.9640 | test_acc=0.9527 | fro=1.0000 | nuc=5.1709
[Epoch 026] train_ce=0.1277 | train_nuc=5.4719 | train_total=0.1550 | train_acc=0.9537 | val_loss=0.1144 | val_acc=0.9607 | test_acc=0.9594 | fro=1.0000 | nuc=5.6852
[Epoch 027] train_ce=0.1246 | train_nuc=5.6547 | train_total=0.1529 | train_acc=0.9551 | val_loss=0.1047 | val_acc=0.9613 | test_acc=0.9655 | fro=1.0000 | nuc=5.6419
[Epoch 028] train_ce=0.1269 | train_nuc=5.5205 | train_total=0.1545 | train_acc=0.9542 | val_loss=0.1077 | val_acc=0.9600 | test_acc=0.9624 | fro=1.0000 | nuc=5.3923
[Epoch 029] train_ce=0.1154 | train_nuc=5.5098 | train_total=0.1429 | train_acc=0.9592 | val_loss=0.1484 | val_acc=0.9450 | test_acc=0.9471 | fro=1.0000 | nuc=5.6933
[Epoch 030] train_ce=0.1257 | train_nuc=5.5528 | train_total=0.1535 | train_acc=0.9547 | val_loss=0.1109 | val_acc=0.9620 | test_acc=0.9581 | fro=1.0000 | nuc=5.6931
[Epoch 031] train_ce=0.1201 | train_nuc=5.5862 | train_total=0.1480 | train_acc=0.9567 | val_loss=0.1116 | val_acc=0.9597 | test_acc=0.9587 | fro=1.0000 | nuc=5.4695
[Epoch 032] train_ce=0.1137 | train_nuc=5.5964 | train_total=0.1417 | train_acc=0.9591 | val_loss=0.1016 | val_acc=0.9650 | test_acc=0.9613 | fro=1.0000 | nuc=5.6660
[Epoch 033] train_ce=0.1264 | train_nuc=5.4884 | train_total=0.1539 | train_acc=0.9539 | val_loss=0.1376 | val_acc=0.9533 | test_acc=0.9402 | fro=1.0000 | nuc=5.3616
[Epoch 034] train_ce=0.1309 | train_nuc=5.3394 | train_total=0.1576 | train_acc=0.9524 | val_loss=0.1173 | val_acc=0.9593 | test_acc=0.9533 | fro=1.0000 | nuc=5.3131
[Epoch 035] train_ce=0.1146 | train_nuc=5.5468 | train_total=0.1423 | train_acc=0.9593 | val_loss=0.0987 | val_acc=0.9650 | test_acc=0.9625 | fro=1.0000 | nuc=5.2585
[Epoch 036] train_ce=0.1129 | train_nuc=5.4279 | train_total=0.1400 | train_acc=0.9599 | val_loss=0.1202 | val_acc=0.9570 | test_acc=0.9517 | fro=1.0000 | nuc=5.4791
[Epoch 037] train_ce=0.1112 | train_nuc=5.5841 | train_total=0.1391 | train_acc=0.9610 | val_loss=0.0890 | val_acc=0.9653 | test_acc=0.9644 | fro=1.0000 | nuc=5.5489
[Epoch 038] train_ce=0.1175 | train_nuc=5.5116 | train_total=0.1451 | train_acc=0.9575 | val_loss=0.1028 | val_acc=0.9643 | test_acc=0.9625 | fro=1.0000 | nuc=5.4462
[Epoch 039] train_ce=0.1206 | train_nuc=5.4113 | train_total=0.1476 | train_acc=0.9553 | val_loss=0.1129 | val_acc=0.9587 | test_acc=0.9578 | fro=1.0000 | nuc=5.5205
[Epoch 040] train_ce=0.1112 | train_nuc=5.5250 | train_total=0.1388 | train_acc=0.9597 | val_loss=0.0875 | val_acc=0.9717 | test_acc=0.9620 | fro=1.0000 | nuc=5.6217
[Epoch 041] train_ce=0.1072 | train_nuc=5.5511 | train_total=0.1350 | train_acc=0.9617 | val_loss=0.0813 | val_acc=0.9707 | test_acc=0.9673 | fro=1.0000 | nuc=5.5288
[Epoch 042] train_ce=0.1099 | train_nuc=5.5208 | train_total=0.1375 | train_acc=0.9603 | val_loss=0.1120 | val_acc=0.9593 | test_acc=0.9543 | fro=1.0000 | nuc=5.3090
[Epoch 043] train_ce=0.1140 | train_nuc=5.3462 | train_total=0.1407 | train_acc=0.9590 | val_loss=0.0993 | val_acc=0.9607 | test_acc=0.9616 | fro=1.0000 | nuc=5.4428
[Epoch 044] train_ce=0.1123 | train_nuc=5.4375 | train_total=0.1395 | train_acc=0.9598 | val_loss=0.1057 | val_acc=0.9653 | test_acc=0.9596 | fro=1.0000 | nuc=5.4970
[Epoch 045] train_ce=0.1107 | train_nuc=5.4427 | train_total=0.1379 | train_acc=0.9605 | val_loss=0.0897 | val_acc=0.9690 | test_acc=0.9644 | fro=1.0000 | nuc=5.4125
[Epoch 046] train_ce=0.1145 | train_nuc=5.4595 | train_total=0.1418 | train_acc=0.9588 | val_loss=0.1109 | val_acc=0.9587 | test_acc=0.9571 | fro=1.0000 | nuc=5.4601
[Epoch 047] train_ce=0.1152 | train_nuc=5.4028 | train_total=0.1422 | train_acc=0.9580 | val_loss=0.1049 | val_acc=0.9627 | test_acc=0.9606 | fro=1.0000 | nuc=5.5306
[Epoch 048] train_ce=0.1079 | train_nuc=5.4998 | train_total=0.1354 | train_acc=0.9613 | val_loss=0.1432 | val_acc=0.9480 | test_acc=0.9474 | fro=1.0000 | nuc=5.3311
[Epoch 049] train_ce=0.1167 | train_nuc=5.2615 | train_total=0.1430 | train_acc=0.9572 | val_loss=0.0938 | val_acc=0.9687 | test_acc=0.9631 | fro=1.0000 | nuc=5.2656
[Epoch 050] train_ce=0.1167 | train_nuc=5.4006 | train_total=0.1437 | train_acc=0.9582 | val_loss=0.1200 | val_acc=0.9590 | test_acc=0.9575 | fro=1.0000 | nuc=5.3631
[Epoch 051] train_ce=0.1149 | train_nuc=5.3940 | train_total=0.1419 | train_acc=0.9585 | val_loss=0.0950 | val_acc=0.9683 | test_acc=0.9644 | fro=1.0000 | nuc=5.2789
Early stopping triggered at epoch 51. Best val_loss=0.081335 at epoch 41.
Done. alpha=0.005 | best_val_loss=0.081335 | best_epoch=41

================================================================================
Training alpha=0.005, seed=1
================================================================================
Using device: cuda
[Experiment] model_one_layer_FC_alpha_0p005
[Alpha] 0.005
[Run dir] outputs/compressibility_adv_robustness/model_one_layer_FC_alpha_0p005_seed_1
[Target Frobenius norm] 1.000000
[Early stopping patience] 10
[Epoch 001] train_ce=0.2656 | train_nuc=3.7832 | train_total=0.2845 | train_acc=0.8982 | val_loss=0.2002 | val_acc=0.9287 | test_acc=0.9343 | fro=1.0000 | nuc=3.7617
[Epoch 002] train_ce=0.1903 | train_nuc=4.2253 | train_total=0.2114 | train_acc=0.9308 | val_loss=0.1914 | val_acc=0.9320 | test_acc=0.9314 | fro=1.0000 | nuc=4.5922
[Epoch 003] train_ce=0.1685 | train_nuc=4.7897 | train_total=0.1925 | train_acc=0.9395 | val_loss=0.1711 | val_acc=0.9350 | test_acc=0.9419 | fro=1.0000 | nuc=4.9663
[Epoch 004] train_ce=0.1674 | train_nuc=5.1894 | train_total=0.1933 | train_acc=0.9384 | val_loss=0.1556 | val_acc=0.9397 | test_acc=0.9448 | fro=1.0000 | nuc=5.2577
[Epoch 005] train_ce=0.1614 | train_nuc=5.3893 | train_total=0.1883 | train_acc=0.9412 | val_loss=0.1486 | val_acc=0.9477 | test_acc=0.9489 | fro=1.0000 | nuc=5.4964
[Epoch 006] train_ce=0.1591 | train_nuc=5.5480 | train_total=0.1869 | train_acc=0.9427 | val_loss=0.1592 | val_acc=0.9453 | test_acc=0.9495 | fro=1.0000 | nuc=5.6562
[Epoch 007] train_ce=0.1596 | train_nuc=5.5984 | train_total=0.1876 | train_acc=0.9411 | val_loss=0.1701 | val_acc=0.9397 | test_acc=0.9459 | fro=1.0000 | nuc=5.6631
[Epoch 008] train_ce=0.1531 | train_nuc=5.7211 | train_total=0.1817 | train_acc=0.9446 | val_loss=0.1751 | val_acc=0.9293 | test_acc=0.9338 | fro=1.0000 | nuc=5.7149
[Epoch 009] train_ce=0.1512 | train_nuc=5.6739 | train_total=0.1795 | train_acc=0.9459 | val_loss=0.1550 | val_acc=0.9473 | test_acc=0.9468 | fro=1.0000 | nuc=5.7277
[Epoch 010] train_ce=0.1482 | train_nuc=5.7551 | train_total=0.1770 | train_acc=0.9453 | val_loss=0.1636 | val_acc=0.9390 | test_acc=0.9451 | fro=1.0000 | nuc=5.7282
[Epoch 011] train_ce=0.1438 | train_nuc=5.7620 | train_total=0.1726 | train_acc=0.9477 | val_loss=0.1465 | val_acc=0.9460 | test_acc=0.9512 | fro=1.0000 | nuc=5.7747
[Epoch 012] train_ce=0.1502 | train_nuc=5.6941 | train_total=0.1787 | train_acc=0.9447 | val_loss=0.1645 | val_acc=0.9417 | test_acc=0.9452 | fro=1.0000 | nuc=5.5905
[Epoch 013] train_ce=0.1426 | train_nuc=5.6366 | train_total=0.1707 | train_acc=0.9480 | val_loss=0.1602 | val_acc=0.9507 | test_acc=0.9479 | fro=1.0000 | nuc=5.6959
[Epoch 014] train_ce=0.1483 | train_nuc=5.5862 | train_total=0.1762 | train_acc=0.9457 | val_loss=0.1399 | val_acc=0.9450 | test_acc=0.9558 | fro=1.0000 | nuc=5.6534
[Epoch 015] train_ce=0.1335 | train_nuc=5.6355 | train_total=0.1617 | train_acc=0.9520 | val_loss=0.1473 | val_acc=0.9453 | test_acc=0.9515 | fro=1.0000 | nuc=5.6041
[Epoch 016] train_ce=0.1394 | train_nuc=5.4992 | train_total=0.1669 | train_acc=0.9493 | val_loss=0.1304 | val_acc=0.9550 | test_acc=0.9581 | fro=1.0000 | nuc=5.5955
[Epoch 017] train_ce=0.1331 | train_nuc=5.5638 | train_total=0.1609 | train_acc=0.9520 | val_loss=0.1233 | val_acc=0.9590 | test_acc=0.9601 | fro=1.0000 | nuc=5.6338
[Epoch 018] train_ce=0.1316 | train_nuc=5.5997 | train_total=0.1596 | train_acc=0.9526 | val_loss=0.1437 | val_acc=0.9467 | test_acc=0.9547 | fro=1.0000 | nuc=5.6757
[Epoch 019] train_ce=0.1333 | train_nuc=5.7221 | train_total=0.1619 | train_acc=0.9515 | val_loss=0.1543 | val_acc=0.9447 | test_acc=0.9536 | fro=1.0000 | nuc=5.6549
[Epoch 020] train_ce=0.1320 | train_nuc=5.6636 | train_total=0.1604 | train_acc=0.9523 | val_loss=0.1364 | val_acc=0.9463 | test_acc=0.9555 | fro=1.0000 | nuc=5.7027
[Epoch 021] train_ce=0.1251 | train_nuc=5.5953 | train_total=0.1530 | train_acc=0.9553 | val_loss=0.1298 | val_acc=0.9523 | test_acc=0.9583 | fro=1.0000 | nuc=5.5507
[Epoch 022] train_ce=0.1279 | train_nuc=5.5850 | train_total=0.1559 | train_acc=0.9533 | val_loss=0.1592 | val_acc=0.9327 | test_acc=0.9422 | fro=1.0000 | nuc=5.6201
[Epoch 023] train_ce=0.1375 | train_nuc=5.4146 | train_total=0.1646 | train_acc=0.9501 | val_loss=0.1475 | val_acc=0.9477 | test_acc=0.9494 | fro=1.0000 | nuc=5.5720
[Epoch 024] train_ce=0.1370 | train_nuc=5.4722 | train_total=0.1643 | train_acc=0.9496 | val_loss=0.1647 | val_acc=0.9353 | test_acc=0.9423 | fro=1.0000 | nuc=5.3456
[Epoch 025] train_ce=0.1218 | train_nuc=5.4162 | train_total=0.1489 | train_acc=0.9569 | val_loss=0.1323 | val_acc=0.9533 | test_acc=0.9555 | fro=1.0000 | nuc=5.3982
[Epoch 026] train_ce=0.1290 | train_nuc=5.4497 | train_total=0.1563 | train_acc=0.9536 | val_loss=0.1636 | val_acc=0.9440 | test_acc=0.9483 | fro=1.0000 | nuc=5.3423
[Epoch 027] train_ce=0.1169 | train_nuc=5.4594 | train_total=0.1442 | train_acc=0.9588 | val_loss=0.1105 | val_acc=0.9620 | test_acc=0.9651 | fro=1.0000 | nuc=5.5490
[Epoch 028] train_ce=0.1201 | train_nuc=5.4581 | train_total=0.1474 | train_acc=0.9565 | val_loss=0.1622 | val_acc=0.9383 | test_acc=0.9401 | fro=1.0000 | nuc=5.2590
[Epoch 029] train_ce=0.1335 | train_nuc=5.4485 | train_total=0.1607 | train_acc=0.9507 | val_loss=0.1485 | val_acc=0.9447 | test_acc=0.9545 | fro=1.0000 | nuc=5.1924
[Epoch 030] train_ce=0.1156 | train_nuc=5.4493 | train_total=0.1429 | train_acc=0.9594 | val_loss=0.1208 | val_acc=0.9563 | test_acc=0.9628 | fro=1.0000 | nuc=5.5922
[Epoch 031] train_ce=0.1227 | train_nuc=5.3917 | train_total=0.1497 | train_acc=0.9561 | val_loss=0.1948 | val_acc=0.9220 | test_acc=0.9263 | fro=1.0000 | nuc=5.2076
[Epoch 032] train_ce=0.1185 | train_nuc=5.2864 | train_total=0.1449 | train_acc=0.9575 | val_loss=0.1303 | val_acc=0.9557 | test_acc=0.9570 | fro=1.0000 | nuc=5.4386
[Epoch 033] train_ce=0.1245 | train_nuc=5.3031 | train_total=0.1510 | train_acc=0.9559 | val_loss=0.1422 | val_acc=0.9490 | test_acc=0.9503 | fro=1.0000 | nuc=5.4546
[Epoch 034] train_ce=0.1183 | train_nuc=5.3988 | train_total=0.1453 | train_acc=0.9581 | val_loss=0.1306 | val_acc=0.9573 | test_acc=0.9536 | fro=1.0000 | nuc=5.3058
[Epoch 035] train_ce=0.1180 | train_nuc=5.4075 | train_total=0.1450 | train_acc=0.9576 | val_loss=0.1278 | val_acc=0.9530 | test_acc=0.9627 | fro=1.0000 | nuc=5.3127
[Epoch 036] train_ce=0.1265 | train_nuc=5.3935 | train_total=0.1535 | train_acc=0.9534 | val_loss=0.1230 | val_acc=0.9557 | test_acc=0.9603 | fro=1.0000 | nuc=5.4744
[Epoch 037] train_ce=0.1129 | train_nuc=5.4430 | train_total=0.1401 | train_acc=0.9603 | val_loss=0.1572 | val_acc=0.9420 | test_acc=0.9475 | fro=1.0000 | nuc=5.5705
Early stopping triggered at epoch 37. Best val_loss=0.110459 at epoch 27.
Done. alpha=0.005 | best_val_loss=0.110459 | best_epoch=27

================================================================================
Training alpha=0.005, seed=2
================================================================================
Using device: cuda
[Experiment] model_one_layer_FC_alpha_0p005
[Alpha] 0.005
[Run dir] outputs/compressibility_adv_robustness/model_one_layer_FC_alpha_0p005_seed_2
[Target Frobenius norm] 1.000000
[Early stopping patience] 10
[Epoch 001] train_ce=0.2697 | train_nuc=3.7581 | train_total=0.2885 | train_acc=0.8984 | val_loss=0.1789 | val_acc=0.9403 | test_acc=0.9340 | fro=1.0000 | nuc=3.8003
[Epoch 002] train_ce=0.1916 | train_nuc=4.0886 | train_total=0.2121 | train_acc=0.9313 | val_loss=0.1588 | val_acc=0.9457 | test_acc=0.9443 | fro=1.0000 | nuc=4.3872
[Epoch 003] train_ce=0.1817 | train_nuc=4.6930 | train_total=0.2052 | train_acc=0.9330 | val_loss=0.1934 | val_acc=0.9307 | test_acc=0.9250 | fro=1.0000 | nuc=4.9531
[Epoch 004] train_ce=0.1709 | train_nuc=5.0257 | train_total=0.1960 | train_acc=0.9382 | val_loss=0.1547 | val_acc=0.9467 | test_acc=0.9444 | fro=1.0000 | nuc=5.1943
[Epoch 005] train_ce=0.1645 | train_nuc=5.3039 | train_total=0.1910 | train_acc=0.9406 | val_loss=0.1680 | val_acc=0.9357 | test_acc=0.9333 | fro=1.0000 | nuc=5.3657
[Epoch 006] train_ce=0.1620 | train_nuc=5.4771 | train_total=0.1894 | train_acc=0.9410 | val_loss=0.1305 | val_acc=0.9513 | test_acc=0.9525 | fro=1.0000 | nuc=5.4280
[Epoch 007] train_ce=0.1547 | train_nuc=5.5585 | train_total=0.1825 | train_acc=0.9432 | val_loss=0.1364 | val_acc=0.9517 | test_acc=0.9503 | fro=1.0000 | nuc=5.5848
[Epoch 008] train_ce=0.1532 | train_nuc=5.6198 | train_total=0.1813 | train_acc=0.9438 | val_loss=0.1407 | val_acc=0.9473 | test_acc=0.9435 | fro=1.0000 | nuc=5.6208
[Epoch 009] train_ce=0.1553 | train_nuc=5.6083 | train_total=0.1834 | train_acc=0.9433 | val_loss=0.1296 | val_acc=0.9583 | test_acc=0.9551 | fro=1.0000 | nuc=5.6546
[Epoch 010] train_ce=0.1546 | train_nuc=5.6576 | train_total=0.1828 | train_acc=0.9434 | val_loss=0.1915 | val_acc=0.9250 | test_acc=0.9216 | fro=1.0000 | nuc=5.6827
[Epoch 011] train_ce=0.1408 | train_nuc=5.7310 | train_total=0.1695 | train_acc=0.9496 | val_loss=0.1252 | val_acc=0.9600 | test_acc=0.9560 | fro=1.0000 | nuc=5.8650
[Epoch 012] train_ce=0.1475 | train_nuc=5.7223 | train_total=0.1762 | train_acc=0.9464 | val_loss=0.1326 | val_acc=0.9533 | test_acc=0.9549 | fro=1.0000 | nuc=5.7557
[Epoch 013] train_ce=0.1429 | train_nuc=5.6948 | train_total=0.1714 | train_acc=0.9483 | val_loss=0.1126 | val_acc=0.9577 | test_acc=0.9570 | fro=1.0000 | nuc=5.6143
[Epoch 014] train_ce=0.1407 | train_nuc=5.6847 | train_total=0.1691 | train_acc=0.9494 | val_loss=0.1203 | val_acc=0.9557 | test_acc=0.9510 | fro=1.0000 | nuc=5.6316
[Epoch 015] train_ce=0.1370 | train_nuc=5.6935 | train_total=0.1654 | train_acc=0.9504 | val_loss=0.1382 | val_acc=0.9470 | test_acc=0.9458 | fro=1.0000 | nuc=5.7355
[Epoch 016] train_ce=0.1407 | train_nuc=5.6997 | train_total=0.1692 | train_acc=0.9492 | val_loss=0.1042 | val_acc=0.9667 | test_acc=0.9598 | fro=1.0000 | nuc=5.7343
[Epoch 017] train_ce=0.1332 | train_nuc=5.6418 | train_total=0.1614 | train_acc=0.9524 | val_loss=0.1293 | val_acc=0.9543 | test_acc=0.9471 | fro=1.0000 | nuc=5.7603
[Epoch 018] train_ce=0.1293 | train_nuc=5.6769 | train_total=0.1577 | train_acc=0.9540 | val_loss=0.1015 | val_acc=0.9660 | test_acc=0.9595 | fro=1.0000 | nuc=5.7389
[Epoch 019] train_ce=0.1323 | train_nuc=5.6888 | train_total=0.1608 | train_acc=0.9521 | val_loss=0.1239 | val_acc=0.9530 | test_acc=0.9490 | fro=1.0000 | nuc=5.5691
[Epoch 020] train_ce=0.1254 | train_nuc=5.7380 | train_total=0.1541 | train_acc=0.9548 | val_loss=0.1081 | val_acc=0.9597 | test_acc=0.9602 | fro=1.0000 | nuc=5.7444
[Epoch 021] train_ce=0.1423 | train_nuc=5.6651 | train_total=0.1707 | train_acc=0.9464 | val_loss=0.1179 | val_acc=0.9560 | test_acc=0.9554 | fro=1.0000 | nuc=5.6155
[Epoch 022] train_ce=0.1258 | train_nuc=5.6370 | train_total=0.1540 | train_acc=0.9547 | val_loss=0.1035 | val_acc=0.9640 | test_acc=0.9575 | fro=1.0000 | nuc=5.6863
[Epoch 023] train_ce=0.1267 | train_nuc=5.6373 | train_total=0.1549 | train_acc=0.9538 | val_loss=0.1170 | val_acc=0.9623 | test_acc=0.9514 | fro=1.0000 | nuc=5.6671
[Epoch 024] train_ce=0.1300 | train_nuc=5.5879 | train_total=0.1579 | train_acc=0.9529 | val_loss=0.1021 | val_acc=0.9643 | test_acc=0.9604 | fro=1.0000 | nuc=5.6267
[Epoch 025] train_ce=0.1218 | train_nuc=5.6007 | train_total=0.1498 | train_acc=0.9563 | val_loss=0.0921 | val_acc=0.9690 | test_acc=0.9640 | fro=1.0000 | nuc=5.5491
[Epoch 026] train_ce=0.1209 | train_nuc=5.6607 | train_total=0.1492 | train_acc=0.9570 | val_loss=0.0974 | val_acc=0.9667 | test_acc=0.9615 | fro=1.0000 | nuc=5.8354
[Epoch 027] train_ce=0.1259 | train_nuc=5.5558 | train_total=0.1537 | train_acc=0.9556 | val_loss=0.1200 | val_acc=0.9563 | test_acc=0.9602 | fro=1.0000 | nuc=5.5877
[Epoch 028] train_ce=0.1256 | train_nuc=5.5246 | train_total=0.1532 | train_acc=0.9553 | val_loss=0.0971 | val_acc=0.9680 | test_acc=0.9616 | fro=1.0000 | nuc=5.5284
[Epoch 029] train_ce=0.1292 | train_nuc=5.5153 | train_total=0.1568 | train_acc=0.9535 | val_loss=0.1044 | val_acc=0.9647 | test_acc=0.9610 | fro=1.0000 | nuc=5.5734
[Epoch 030] train_ce=0.1272 | train_nuc=5.5454 | train_total=0.1549 | train_acc=0.9537 | val_loss=0.1234 | val_acc=0.9560 | test_acc=0.9519 | fro=1.0000 | nuc=5.6382
[Epoch 031] train_ce=0.1242 | train_nuc=5.6114 | train_total=0.1523 | train_acc=0.9548 | val_loss=0.1033 | val_acc=0.9620 | test_acc=0.9598 | fro=1.0000 | nuc=5.5464
[Epoch 032] train_ce=0.1159 | train_nuc=5.5563 | train_total=0.1437 | train_acc=0.9587 | val_loss=0.1128 | val_acc=0.9627 | test_acc=0.9591 | fro=1.0000 | nuc=5.4923
[Epoch 033] train_ce=0.1263 | train_nuc=5.4586 | train_total=0.1536 | train_acc=0.9539 | val_loss=0.1220 | val_acc=0.9503 | test_acc=0.9484 | fro=1.0000 | nuc=5.4087
[Epoch 034] train_ce=0.1104 | train_nuc=5.4914 | train_total=0.1378 | train_acc=0.9605 | val_loss=0.0945 | val_acc=0.9697 | test_acc=0.9632 | fro=1.0000 | nuc=5.2773
[Epoch 035] train_ce=0.1126 | train_nuc=5.5465 | train_total=0.1403 | train_acc=0.9597 | val_loss=0.1064 | val_acc=0.9643 | test_acc=0.9632 | fro=1.0000 | nuc=5.4133
Early stopping triggered at epoch 35. Best val_loss=0.092133 at epoch 25.
Done. alpha=0.005 | best_val_loss=0.092133 | best_epoch=25

================================================================================
Training alpha=0.005, seed=3
================================================================================
Using device: cuda
[Experiment] model_one_layer_FC_alpha_0p005
[Alpha] 0.005
[Run dir] outputs/compressibility_adv_robustness/model_one_layer_FC_alpha_0p005_seed_3
[Target Frobenius norm] 1.000000
[Early stopping patience] 10
[Epoch 001] train_ce=0.2716 | train_nuc=3.8809 | train_total=0.2910 | train_acc=0.8955 | val_loss=0.2116 | val_acc=0.9263 | test_acc=0.9342 | fro=1.0000 | nuc=3.7965
[Epoch 002] train_ce=0.1897 | train_nuc=4.1825 | train_total=0.2106 | train_acc=0.9319 | val_loss=0.1708 | val_acc=0.9457 | test_acc=0.9448 | fro=1.0000 | nuc=4.4978
[Epoch 003] train_ce=0.1792 | train_nuc=4.7918 | train_total=0.2032 | train_acc=0.9348 | val_loss=0.1548 | val_acc=0.9507 | test_acc=0.9477 | fro=1.0000 | nuc=4.9666
[Epoch 004] train_ce=0.1668 | train_nuc=5.1370 | train_total=0.1925 | train_acc=0.9397 | val_loss=0.1725 | val_acc=0.9387 | test_acc=0.9394 | fro=1.0000 | nuc=5.2947
[Epoch 005] train_ce=0.1661 | train_nuc=5.4243 | train_total=0.1932 | train_acc=0.9398 | val_loss=0.1521 | val_acc=0.9497 | test_acc=0.9472 | fro=1.0000 | nuc=5.4738
[Epoch 006] train_ce=0.1576 | train_nuc=5.5489 | train_total=0.1853 | train_acc=0.9431 | val_loss=0.1588 | val_acc=0.9387 | test_acc=0.9444 | fro=1.0000 | nuc=5.5522
[Epoch 007] train_ce=0.1583 | train_nuc=5.7016 | train_total=0.1868 | train_acc=0.9413 | val_loss=0.1551 | val_acc=0.9467 | test_acc=0.9431 | fro=1.0000 | nuc=5.6389
[Epoch 008] train_ce=0.1573 | train_nuc=5.6769 | train_total=0.1857 | train_acc=0.9425 | val_loss=0.1613 | val_acc=0.9467 | test_acc=0.9490 | fro=1.0000 | nuc=5.6011
[Epoch 009] train_ce=0.1528 | train_nuc=5.7084 | train_total=0.1814 | train_acc=0.9445 | val_loss=0.1438 | val_acc=0.9513 | test_acc=0.9528 | fro=1.0000 | nuc=5.7449
[Epoch 010] train_ce=0.1490 | train_nuc=5.7661 | train_total=0.1778 | train_acc=0.9464 | val_loss=0.1483 | val_acc=0.9517 | test_acc=0.9506 | fro=1.0000 | nuc=5.8561
[Epoch 011] train_ce=0.1455 | train_nuc=5.8866 | train_total=0.1749 | train_acc=0.9462 | val_loss=0.1411 | val_acc=0.9510 | test_acc=0.9520 | fro=1.0000 | nuc=5.8548
[Epoch 012] train_ce=0.1432 | train_nuc=5.7698 | train_total=0.1721 | train_acc=0.9477 | val_loss=0.1371 | val_acc=0.9473 | test_acc=0.9506 | fro=1.0000 | nuc=5.8186
[Epoch 013] train_ce=0.1418 | train_nuc=5.8308 | train_total=0.1709 | train_acc=0.9477 | val_loss=0.1930 | val_acc=0.9220 | test_acc=0.9272 | fro=1.0000 | nuc=5.6580
[Epoch 014] train_ce=0.1412 | train_nuc=5.7506 | train_total=0.1699 | train_acc=0.9490 | val_loss=0.1700 | val_acc=0.9303 | test_acc=0.9394 | fro=1.0000 | nuc=5.7018
[Epoch 015] train_ce=0.1419 | train_nuc=5.6459 | train_total=0.1701 | train_acc=0.9485 | val_loss=0.1345 | val_acc=0.9517 | test_acc=0.9516 | fro=1.0000 | nuc=5.7473
[Epoch 016] train_ce=0.1443 | train_nuc=5.6834 | train_total=0.1727 | train_acc=0.9467 | val_loss=0.1352 | val_acc=0.9530 | test_acc=0.9536 | fro=1.0000 | nuc=5.6147
[Epoch 017] train_ce=0.1326 | train_nuc=5.6773 | train_total=0.1610 | train_acc=0.9530 | val_loss=0.1547 | val_acc=0.9437 | test_acc=0.9492 | fro=1.0000 | nuc=5.7873
[Epoch 018] train_ce=0.1337 | train_nuc=5.6867 | train_total=0.1621 | train_acc=0.9518 | val_loss=0.1520 | val_acc=0.9457 | test_acc=0.9440 | fro=1.0000 | nuc=5.6184
[Epoch 019] train_ce=0.1298 | train_nuc=5.6510 | train_total=0.1581 | train_acc=0.9528 | val_loss=0.1283 | val_acc=0.9550 | test_acc=0.9572 | fro=1.0000 | nuc=5.7769
[Epoch 020] train_ce=0.1271 | train_nuc=5.6777 | train_total=0.1554 | train_acc=0.9544 | val_loss=0.1268 | val_acc=0.9553 | test_acc=0.9591 | fro=1.0000 | nuc=5.6310
[Epoch 021] train_ce=0.1385 | train_nuc=5.6193 | train_total=0.1666 | train_acc=0.9500 | val_loss=0.1245 | val_acc=0.9553 | test_acc=0.9564 | fro=1.0000 | nuc=5.5517
[Epoch 022] train_ce=0.1358 | train_nuc=5.5448 | train_total=0.1635 | train_acc=0.9492 | val_loss=0.1340 | val_acc=0.9580 | test_acc=0.9577 | fro=1.0000 | nuc=5.2786
[Epoch 023] train_ce=0.1250 | train_nuc=5.5787 | train_total=0.1529 | train_acc=0.9544 | val_loss=0.1202 | val_acc=0.9570 | test_acc=0.9566 | fro=1.0000 | nuc=5.6513
[Epoch 024] train_ce=0.1359 | train_nuc=5.5586 | train_total=0.1637 | train_acc=0.9496 | val_loss=0.1246 | val_acc=0.9570 | test_acc=0.9560 | fro=1.0000 | nuc=5.4638
[Epoch 025] train_ce=0.1301 | train_nuc=5.4868 | train_total=0.1575 | train_acc=0.9541 | val_loss=0.1154 | val_acc=0.9587 | test_acc=0.9587 | fro=1.0000 | nuc=5.5343
[Epoch 026] train_ce=0.1173 | train_nuc=5.5649 | train_total=0.1451 | train_acc=0.9580 | val_loss=0.1164 | val_acc=0.9663 | test_acc=0.9626 | fro=1.0000 | nuc=5.6086
[Epoch 027] train_ce=0.1234 | train_nuc=5.4465 | train_total=0.1507 | train_acc=0.9556 | val_loss=0.1865 | val_acc=0.9260 | test_acc=0.9304 | fro=1.0000 | nuc=5.1473
[Epoch 028] train_ce=0.1310 | train_nuc=5.4205 | train_total=0.1581 | train_acc=0.9518 | val_loss=0.1340 | val_acc=0.9517 | test_acc=0.9535 | fro=1.0000 | nuc=5.6259
[Epoch 029] train_ce=0.1242 | train_nuc=5.5068 | train_total=0.1517 | train_acc=0.9558 | val_loss=0.1158 | val_acc=0.9573 | test_acc=0.9579 | fro=1.0000 | nuc=5.4602
[Epoch 030] train_ce=0.1182 | train_nuc=5.5585 | train_total=0.1460 | train_acc=0.9579 | val_loss=0.1262 | val_acc=0.9523 | test_acc=0.9563 | fro=1.0000 | nuc=5.6331
[Epoch 031] train_ce=0.1219 | train_nuc=5.4762 | train_total=0.1493 | train_acc=0.9562 | val_loss=0.1199 | val_acc=0.9597 | test_acc=0.9573 | fro=1.0000 | nuc=5.5146
[Epoch 032] train_ce=0.1241 | train_nuc=5.4146 | train_total=0.1512 | train_acc=0.9555 | val_loss=0.1446 | val_acc=0.9487 | test_acc=0.9513 | fro=1.0000 | nuc=4.9682
[Epoch 033] train_ce=0.1147 | train_nuc=5.3579 | train_total=0.1415 | train_acc=0.9596 | val_loss=0.1107 | val_acc=0.9623 | test_acc=0.9591 | fro=1.0000 | nuc=5.4695
[Epoch 034] train_ce=0.1138 | train_nuc=5.4081 | train_total=0.1409 | train_acc=0.9590 | val_loss=0.1114 | val_acc=0.9637 | test_acc=0.9645 | fro=1.0000 | nuc=5.6066
[Epoch 035] train_ce=0.1154 | train_nuc=5.5075 | train_total=0.1430 | train_acc=0.9585 | val_loss=0.1627 | val_acc=0.9397 | test_acc=0.9360 | fro=1.0000 | nuc=5.3086
[Epoch 036] train_ce=0.1266 | train_nuc=5.2996 | train_total=0.1531 | train_acc=0.9544 | val_loss=0.1500 | val_acc=0.9493 | test_acc=0.9499 | fro=1.0000 | nuc=5.0138
[Epoch 037] train_ce=0.1233 | train_nuc=5.2471 | train_total=0.1496 | train_acc=0.9561 | val_loss=0.1129 | val_acc=0.9640 | test_acc=0.9622 | fro=1.0000 | nuc=5.3276
[Epoch 038] train_ce=0.1164 | train_nuc=5.2839 | train_total=0.1428 | train_acc=0.9579 | val_loss=0.1263 | val_acc=0.9543 | test_acc=0.9572 | fro=1.0000 | nuc=5.4900
[Epoch 039] train_ce=0.1153 | train_nuc=5.4335 | train_total=0.1425 | train_acc=0.9588 | val_loss=0.1639 | val_acc=0.9460 | test_acc=0.9419 | fro=1.0000 | nuc=5.3432
[Epoch 040] train_ce=0.1190 | train_nuc=5.4140 | train_total=0.1461 | train_acc=0.9568 | val_loss=0.1337 | val_acc=0.9500 | test_acc=0.9548 | fro=1.0000 | nuc=5.4472
[Epoch 041] train_ce=0.1128 | train_nuc=5.3285 | train_total=0.1395 | train_acc=0.9602 | val_loss=0.1088 | val_acc=0.9667 | test_acc=0.9630 | fro=1.0000 | nuc=5.2177
[Epoch 042] train_ce=0.1191 | train_nuc=5.4062 | train_total=0.1461 | train_acc=0.9579 | val_loss=0.1275 | val_acc=0.9580 | test_acc=0.9588 | fro=1.0000 | nuc=5.2458
[Epoch 043] train_ce=0.1206 | train_nuc=5.3333 | train_total=0.1473 | train_acc=0.9561 | val_loss=0.1191 | val_acc=0.9593 | test_acc=0.9576 | fro=1.0000 | nuc=5.4338
[Epoch 044] train_ce=0.1152 | train_nuc=5.4402 | train_total=0.1424 | train_acc=0.9577 | val_loss=0.1196 | val_acc=0.9587 | test_acc=0.9572 | fro=1.0000 | nuc=5.4146
[Epoch 045] train_ce=0.1260 | train_nuc=5.2912 | train_total=0.1525 | train_acc=0.9536 | val_loss=0.1400 | val_acc=0.9487 | test_acc=0.9509 | fro=1.0000 | nuc=5.3608
[Epoch 046] train_ce=0.1085 | train_nuc=5.3108 | train_total=0.1350 | train_acc=0.9613 | val_loss=0.1350 | val_acc=0.9487 | test_acc=0.9532 | fro=1.0000 | nuc=5.4825
[Epoch 047] train_ce=0.1155 | train_nuc=5.3945 | train_total=0.1425 | train_acc=0.9577 | val_loss=0.1116 | val_acc=0.9623 | test_acc=0.9636 | fro=1.0000 | nuc=5.2185
[Epoch 048] train_ce=0.1052 | train_nuc=5.3067 | train_total=0.1318 | train_acc=0.9631 | val_loss=0.1150 | val_acc=0.9547 | test_acc=0.9607 | fro=1.0000 | nuc=5.3990
[Epoch 049] train_ce=0.1168 | train_nuc=5.2320 | train_total=0.1430 | train_acc=0.9581 | val_loss=0.1068 | val_acc=0.9637 | test_acc=0.9601 | fro=1.0000 | nuc=5.4501
[Epoch 050] train_ce=0.1023 | train_nuc=5.3010 | train_total=0.1288 | train_acc=0.9636 | val_loss=0.1049 | val_acc=0.9647 | test_acc=0.9646 | fro=1.0000 | nuc=5.3077
[Epoch 051] train_ce=0.0939 | train_nuc=5.4028 | train_total=0.1209 | train_acc=0.9667 | val_loss=0.1248 | val_acc=0.9583 | test_acc=0.9590 | fro=1.0000 | nuc=5.3027
[Epoch 052] train_ce=0.1062 | train_nuc=5.3464 | train_total=0.1329 | train_acc=0.9619 | val_loss=0.1205 | val_acc=0.9600 | test_acc=0.9590 | fro=1.0000 | nuc=5.3694
[Epoch 053] train_ce=0.1019 | train_nuc=5.3362 | train_total=0.1285 | train_acc=0.9638 | val_loss=0.0984 | val_acc=0.9700 | test_acc=0.9684 | fro=1.0000 | nuc=5.3153
[Epoch 054] train_ce=0.1049 | train_nuc=5.2854 | train_total=0.1313 | train_acc=0.9624 | val_loss=0.1053 | val_acc=0.9630 | test_acc=0.9644 | fro=1.0000 | nuc=5.2433
[Epoch 055] train_ce=0.1049 | train_nuc=5.3728 | train_total=0.1318 | train_acc=0.9626 | val_loss=0.0967 | val_acc=0.9710 | test_acc=0.9696 | fro=1.0000 | nuc=5.3321
[Epoch 056] train_ce=0.1037 | train_nuc=5.3777 | train_total=0.1305 | train_acc=0.9638 | val_loss=0.1360 | val_acc=0.9550 | test_acc=0.9552 | fro=1.0000 | nuc=5.1844
[Epoch 057] train_ce=0.1295 | train_nuc=5.1048 | train_total=0.1551 | train_acc=0.9530 | val_loss=0.1277 | val_acc=0.9547 | test_acc=0.9602 | fro=1.0000 | nuc=5.2701
[Epoch 058] train_ce=0.1113 | train_nuc=5.2633 | train_total=0.1376 | train_acc=0.9599 | val_loss=0.1117 | val_acc=0.9603 | test_acc=0.9639 | fro=1.0000 | nuc=5.4626
[Epoch 059] train_ce=0.1044 | train_nuc=5.3666 | train_total=0.1312 | train_acc=0.9634 | val_loss=0.1071 | val_acc=0.9663 | test_acc=0.9657 | fro=1.0000 | nuc=5.4106
[Epoch 060] train_ce=0.1046 | train_nuc=5.2626 | train_total=0.1309 | train_acc=0.9626 | val_loss=0.1001 | val_acc=0.9693 | test_acc=0.9637 | fro=1.0000 | nuc=5.0165
[Epoch 061] train_ce=0.1107 | train_nuc=5.2340 | train_total=0.1368 | train_acc=0.9606 | val_loss=0.1080 | val_acc=0.9657 | test_acc=0.9659 | fro=1.0000 | nuc=5.2553
[Epoch 062] train_ce=0.1237 | train_nuc=5.0568 | train_total=0.1489 | train_acc=0.9548 | val_loss=0.1150 | val_acc=0.9603 | test_acc=0.9601 | fro=1.0000 | nuc=5.1474
[Epoch 063] train_ce=0.0994 | train_nuc=5.1427 | train_total=0.1251 | train_acc=0.9642 | val_loss=0.1103 | val_acc=0.9627 | test_acc=0.9610 | fro=1.0000 | nuc=5.4069
[Epoch 064] train_ce=0.0977 | train_nuc=5.3457 | train_total=0.1244 | train_acc=0.9648 | val_loss=0.0996 | val_acc=0.9660 | test_acc=0.9705 | fro=1.0000 | nuc=5.2201
[Epoch 065] train_ce=0.1024 | train_nuc=5.2845 | train_total=0.1288 | train_acc=0.9641 | val_loss=0.1063 | val_acc=0.9657 | test_acc=0.9647 | fro=1.0000 | nuc=5.3387
Early stopping triggered at epoch 65. Best val_loss=0.096698 at epoch 55.
Done. alpha=0.005 | best_val_loss=0.096698 | best_epoch=55

================================================================================
Training alpha=0.005, seed=4
================================================================================
Using device: cuda
[Experiment] model_one_layer_FC_alpha_0p005
[Alpha] 0.005
[Run dir] outputs/compressibility_adv_robustness/model_one_layer_FC_alpha_0p005_seed_4
[Target Frobenius norm] 1.000000
[Early stopping patience] 10
[Epoch 001] train_ce=0.2570 | train_nuc=3.8965 | train_total=0.2765 | train_acc=0.9021 | val_loss=0.1771 | val_acc=0.9407 | test_acc=0.9448 | fro=1.0000 | nuc=3.8264
[Epoch 002] train_ce=0.1849 | train_nuc=4.2135 | train_total=0.2059 | train_acc=0.9331 | val_loss=0.1626 | val_acc=0.9490 | test_acc=0.9462 | fro=1.0000 | nuc=4.5614
[Epoch 003] train_ce=0.1690 | train_nuc=4.8830 | train_total=0.1934 | train_acc=0.9385 | val_loss=0.1731 | val_acc=0.9357 | test_acc=0.9377 | fro=1.0000 | nuc=5.0886
[Epoch 004] train_ce=0.1689 | train_nuc=5.1971 | train_total=0.1949 | train_acc=0.9379 | val_loss=0.1470 | val_acc=0.9500 | test_acc=0.9515 | fro=1.0000 | nuc=5.3396
[Epoch 005] train_ce=0.1642 | train_nuc=5.4417 | train_total=0.1914 | train_acc=0.9397 | val_loss=0.1615 | val_acc=0.9417 | test_acc=0.9446 | fro=1.0000 | nuc=5.6045
[Epoch 006] train_ce=0.1660 | train_nuc=5.5324 | train_total=0.1936 | train_acc=0.9393 | val_loss=0.1713 | val_acc=0.9343 | test_acc=0.9397 | fro=1.0000 | nuc=5.4454
[Epoch 007] train_ce=0.1553 | train_nuc=5.6027 | train_total=0.1833 | train_acc=0.9436 | val_loss=0.1433 | val_acc=0.9493 | test_acc=0.9489 | fro=1.0000 | nuc=5.6941
[Epoch 008] train_ce=0.1571 | train_nuc=5.6338 | train_total=0.1853 | train_acc=0.9427 | val_loss=0.1409 | val_acc=0.9500 | test_acc=0.9523 | fro=1.0000 | nuc=5.6779
[Epoch 009] train_ce=0.1523 | train_nuc=5.6536 | train_total=0.1806 | train_acc=0.9453 | val_loss=0.1494 | val_acc=0.9493 | test_acc=0.9469 | fro=1.0000 | nuc=5.7531
[Epoch 010] train_ce=0.1462 | train_nuc=5.7181 | train_total=0.1748 | train_acc=0.9465 | val_loss=0.1778 | val_acc=0.9340 | test_acc=0.9342 | fro=1.0000 | nuc=5.7131
[Epoch 011] train_ce=0.1464 | train_nuc=5.6844 | train_total=0.1748 | train_acc=0.9469 | val_loss=0.1504 | val_acc=0.9450 | test_acc=0.9475 | fro=1.0000 | nuc=5.8024
[Epoch 012] train_ce=0.1387 | train_nuc=5.7466 | train_total=0.1674 | train_acc=0.9499 | val_loss=0.1344 | val_acc=0.9533 | test_acc=0.9513 | fro=1.0000 | nuc=5.8268
[Epoch 013] train_ce=0.1454 | train_nuc=5.6859 | train_total=0.1738 | train_acc=0.9471 | val_loss=0.1266 | val_acc=0.9537 | test_acc=0.9527 | fro=1.0000 | nuc=5.6673
[Epoch 014] train_ce=0.1407 | train_nuc=5.6683 | train_total=0.1690 | train_acc=0.9489 | val_loss=0.1508 | val_acc=0.9483 | test_acc=0.9472 | fro=1.0000 | nuc=5.5490
[Epoch 015] train_ce=0.1347 | train_nuc=5.5851 | train_total=0.1626 | train_acc=0.9512 | val_loss=0.1327 | val_acc=0.9543 | test_acc=0.9549 | fro=1.0000 | nuc=5.7643
[Epoch 016] train_ce=0.1388 | train_nuc=5.5780 | train_total=0.1667 | train_acc=0.9494 | val_loss=0.1327 | val_acc=0.9543 | test_acc=0.9569 | fro=1.0000 | nuc=5.5322
[Epoch 017] train_ce=0.1325 | train_nuc=5.6664 | train_total=0.1608 | train_acc=0.9524 | val_loss=0.1362 | val_acc=0.9530 | test_acc=0.9485 | fro=1.0000 | nuc=5.5894
[Epoch 018] train_ce=0.1406 | train_nuc=5.4948 | train_total=0.1681 | train_acc=0.9495 | val_loss=0.1653 | val_acc=0.9377 | test_acc=0.9378 | fro=1.0000 | nuc=5.5100
[Epoch 019] train_ce=0.1307 | train_nuc=5.5343 | train_total=0.1584 | train_acc=0.9527 | val_loss=0.1375 | val_acc=0.9480 | test_acc=0.9505 | fro=1.0000 | nuc=5.5481
[Epoch 020] train_ce=0.1244 | train_nuc=5.5711 | train_total=0.1523 | train_acc=0.9564 | val_loss=0.1233 | val_acc=0.9570 | test_acc=0.9599 | fro=1.0000 | nuc=5.6513
[Epoch 021] train_ce=0.1297 | train_nuc=5.5456 | train_total=0.1574 | train_acc=0.9534 | val_loss=0.2048 | val_acc=0.9160 | test_acc=0.9216 | fro=1.0000 | nuc=5.5258
[Epoch 022] train_ce=0.1276 | train_nuc=5.5062 | train_total=0.1551 | train_acc=0.9536 | val_loss=0.1533 | val_acc=0.9470 | test_acc=0.9447 | fro=1.0000 | nuc=5.5388
[Epoch 023] train_ce=0.1341 | train_nuc=5.4514 | train_total=0.1614 | train_acc=0.9510 | val_loss=0.1400 | val_acc=0.9463 | test_acc=0.9526 | fro=1.0000 | nuc=5.5306
[Epoch 024] train_ce=0.1228 | train_nuc=5.5870 | train_total=0.1507 | train_acc=0.9562 | val_loss=0.1422 | val_acc=0.9470 | test_acc=0.9451 | fro=1.0000 | nuc=5.6296
[Epoch 025] train_ce=0.1313 | train_nuc=5.5238 | train_total=0.1589 | train_acc=0.9522 | val_loss=0.1214 | val_acc=0.9593 | test_acc=0.9609 | fro=1.0000 | nuc=5.4338
[Epoch 026] train_ce=0.1121 | train_nuc=5.4534 | train_total=0.1394 | train_acc=0.9602 | val_loss=0.1371 | val_acc=0.9530 | test_acc=0.9539 | fro=1.0000 | nuc=5.6806
[Epoch 027] train_ce=0.1303 | train_nuc=5.4375 | train_total=0.1575 | train_acc=0.9522 | val_loss=0.1217 | val_acc=0.9580 | test_acc=0.9574 | fro=1.0000 | nuc=5.2633
[Epoch 028] train_ce=0.1234 | train_nuc=5.4129 | train_total=0.1505 | train_acc=0.9555 | val_loss=0.1274 | val_acc=0.9567 | test_acc=0.9578 | fro=1.0000 | nuc=5.2815
[Epoch 029] train_ce=0.1184 | train_nuc=5.5241 | train_total=0.1460 | train_acc=0.9584 | val_loss=0.1166 | val_acc=0.9590 | test_acc=0.9602 | fro=1.0000 | nuc=5.4115
[Epoch 030] train_ce=0.1166 | train_nuc=5.4582 | train_total=0.1439 | train_acc=0.9583 | val_loss=0.1140 | val_acc=0.9630 | test_acc=0.9629 | fro=1.0000 | nuc=5.5850
[Epoch 031] train_ce=0.1206 | train_nuc=5.4320 | train_total=0.1477 | train_acc=0.9564 | val_loss=0.0980 | val_acc=0.9670 | test_acc=0.9661 | fro=1.0000 | nuc=5.3421
[Epoch 032] train_ce=0.1126 | train_nuc=5.5824 | train_total=0.1405 | train_acc=0.9588 | val_loss=0.1237 | val_acc=0.9560 | test_acc=0.9586 | fro=1.0000 | nuc=5.6774
[Epoch 033] train_ce=0.1097 | train_nuc=5.5817 | train_total=0.1376 | train_acc=0.9606 | val_loss=0.1189 | val_acc=0.9617 | test_acc=0.9615 | fro=1.0000 | nuc=5.7333
[Epoch 034] train_ce=0.1255 | train_nuc=5.3935 | train_total=0.1525 | train_acc=0.9545 | val_loss=0.1593 | val_acc=0.9430 | test_acc=0.9360 | fro=1.0000 | nuc=5.3166
[Epoch 035] train_ce=0.1117 | train_nuc=5.4557 | train_total=0.1389 | train_acc=0.9598 | val_loss=0.1102 | val_acc=0.9633 | test_acc=0.9636 | fro=1.0000 | nuc=5.5564
[Epoch 036] train_ce=0.1092 | train_nuc=5.5093 | train_total=0.1367 | train_acc=0.9610 | val_loss=0.1196 | val_acc=0.9550 | test_acc=0.9564 | fro=1.0000 | nuc=5.5326
[Epoch 037] train_ce=0.1168 | train_nuc=5.5190 | train_total=0.1444 | train_acc=0.9568 | val_loss=0.2048 | val_acc=0.9153 | test_acc=0.9241 | fro=1.0000 | nuc=5.2327
[Epoch 038] train_ce=0.1212 | train_nuc=5.3780 | train_total=0.1481 | train_acc=0.9553 | val_loss=0.1013 | val_acc=0.9647 | test_acc=0.9644 | fro=1.0000 | nuc=5.5517
[Epoch 039] train_ce=0.1098 | train_nuc=5.4908 | train_total=0.1373 | train_acc=0.9611 | val_loss=0.1528 | val_acc=0.9490 | test_acc=0.9446 | fro=1.0000 | nuc=5.4854
[Epoch 040] train_ce=0.1172 | train_nuc=5.3838 | train_total=0.1441 | train_acc=0.9573 | val_loss=0.1310 | val_acc=0.9473 | test_acc=0.9531 | fro=1.0000 | nuc=5.3437
[Epoch 041] train_ce=0.1218 | train_nuc=5.3178 | train_total=0.1484 | train_acc=0.9567 | val_loss=0.1191 | val_acc=0.9567 | test_acc=0.9620 | fro=1.0000 | nuc=5.2404
Early stopping triggered at epoch 41. Best val_loss=0.098002 at epoch 31.
Done. alpha=0.005 | best_val_loss=0.098002 | best_epoch=31

================================================================================
Training alpha=0.01, seed=0
================================================================================
Using device: cuda
[Experiment] model_one_layer_FC_alpha_0p01
[Alpha] 0.01
[Run dir] outputs/compressibility_adv_robustness/model_one_layer_FC_alpha_0p01_seed_0
[Target Frobenius norm] 1.000000
[Early stopping patience] 10
[Epoch 001] train_ce=0.2659 | train_nuc=3.6037 | train_total=0.3020 | train_acc=0.8959 | val_loss=0.2099 | val_acc=0.9223 | test_acc=0.9197 | fro=1.0000 | nuc=3.2835
[Epoch 002] train_ce=0.1949 | train_nuc=3.6908 | train_total=0.2318 | train_acc=0.9283 | val_loss=0.1759 | val_acc=0.9410 | test_acc=0.9360 | fro=1.0000 | nuc=4.0529
[Epoch 003] train_ce=0.1841 | train_nuc=4.2182 | train_total=0.2263 | train_acc=0.9327 | val_loss=0.1849 | val_acc=0.9323 | test_acc=0.9260 | fro=1.0000 | nuc=4.3923
[Epoch 004] train_ce=0.1695 | train_nuc=4.5113 | train_total=0.2147 | train_acc=0.9385 | val_loss=0.1722 | val_acc=0.9370 | test_acc=0.9424 | fro=1.0000 | nuc=4.5651
[Epoch 005] train_ce=0.1642 | train_nuc=4.7652 | train_total=0.2118 | train_acc=0.9403 | val_loss=0.1289 | val_acc=0.9550 | test_acc=0.9529 | fro=1.0000 | nuc=4.9152
[Epoch 006] train_ce=0.1605 | train_nuc=4.9728 | train_total=0.2103 | train_acc=0.9412 | val_loss=0.1398 | val_acc=0.9493 | test_acc=0.9511 | fro=1.0000 | nuc=4.9699
[Epoch 007] train_ce=0.1582 | train_nuc=5.0332 | train_total=0.2085 | train_acc=0.9417 | val_loss=0.1501 | val_acc=0.9447 | test_acc=0.9488 | fro=1.0000 | nuc=5.0737
[Epoch 008] train_ce=0.1554 | train_nuc=5.0703 | train_total=0.2061 | train_acc=0.9434 | val_loss=0.1508 | val_acc=0.9447 | test_acc=0.9435 | fro=1.0000 | nuc=5.1502
[Epoch 009] train_ce=0.1499 | train_nuc=5.1585 | train_total=0.2015 | train_acc=0.9454 | val_loss=0.1263 | val_acc=0.9550 | test_acc=0.9560 | fro=1.0000 | nuc=5.2461
[Epoch 010] train_ce=0.1523 | train_nuc=5.1726 | train_total=0.2040 | train_acc=0.9441 | val_loss=0.1374 | val_acc=0.9493 | test_acc=0.9451 | fro=1.0000 | nuc=5.0724
[Epoch 011] train_ce=0.1513 | train_nuc=5.0916 | train_total=0.2022 | train_acc=0.9441 | val_loss=0.1224 | val_acc=0.9567 | test_acc=0.9545 | fro=1.0000 | nuc=4.9728
[Epoch 012] train_ce=0.1480 | train_nuc=5.0267 | train_total=0.1983 | train_acc=0.9459 | val_loss=0.1301 | val_acc=0.9520 | test_acc=0.9495 | fro=1.0000 | nuc=5.1398
[Epoch 013] train_ce=0.1458 | train_nuc=5.0939 | train_total=0.1967 | train_acc=0.9471 | val_loss=0.1638 | val_acc=0.9367 | test_acc=0.9371 | fro=1.0000 | nuc=5.0824
[Epoch 014] train_ce=0.1322 | train_nuc=5.0861 | train_total=0.1831 | train_acc=0.9523 | val_loss=0.1425 | val_acc=0.9463 | test_acc=0.9469 | fro=1.0000 | nuc=5.0266
[Epoch 015] train_ce=0.1402 | train_nuc=5.1428 | train_total=0.1917 | train_acc=0.9487 | val_loss=0.1409 | val_acc=0.9467 | test_acc=0.9435 | fro=1.0000 | nuc=5.2982
[Epoch 016] train_ce=0.1331 | train_nuc=5.1539 | train_total=0.1846 | train_acc=0.9518 | val_loss=0.1265 | val_acc=0.9560 | test_acc=0.9570 | fro=1.0000 | nuc=5.1632
[Epoch 017] train_ce=0.1300 | train_nuc=5.1468 | train_total=0.1815 | train_acc=0.9535 | val_loss=0.1146 | val_acc=0.9620 | test_acc=0.9561 | fro=1.0000 | nuc=5.1866
[Epoch 018] train_ce=0.1323 | train_nuc=5.1524 | train_total=0.1838 | train_acc=0.9521 | val_loss=0.1044 | val_acc=0.9627 | test_acc=0.9592 | fro=1.0000 | nuc=5.0810
[Epoch 019] train_ce=0.1224 | train_nuc=5.1730 | train_total=0.1741 | train_acc=0.9553 | val_loss=0.1220 | val_acc=0.9540 | test_acc=0.9573 | fro=1.0000 | nuc=5.2086
[Epoch 020] train_ce=0.1267 | train_nuc=5.1888 | train_total=0.1786 | train_acc=0.9540 | val_loss=0.1405 | val_acc=0.9417 | test_acc=0.9481 | fro=1.0000 | nuc=5.0903
[Epoch 021] train_ce=0.1347 | train_nuc=5.1557 | train_total=0.1863 | train_acc=0.9511 | val_loss=0.1206 | val_acc=0.9560 | test_acc=0.9581 | fro=1.0000 | nuc=5.3087
[Epoch 022] train_ce=0.1267 | train_nuc=5.1958 | train_total=0.1786 | train_acc=0.9542 | val_loss=0.1043 | val_acc=0.9667 | test_acc=0.9554 | fro=1.0000 | nuc=5.2060
[Epoch 023] train_ce=0.1221 | train_nuc=5.2189 | train_total=0.1743 | train_acc=0.9561 | val_loss=0.1037 | val_acc=0.9670 | test_acc=0.9625 | fro=1.0000 | nuc=5.0764
[Epoch 024] train_ce=0.1207 | train_nuc=5.1526 | train_total=0.1722 | train_acc=0.9560 | val_loss=0.1071 | val_acc=0.9643 | test_acc=0.9574 | fro=1.0000 | nuc=5.1343
[Epoch 025] train_ce=0.1224 | train_nuc=5.1776 | train_total=0.1742 | train_acc=0.9562 | val_loss=0.1028 | val_acc=0.9643 | test_acc=0.9588 | fro=1.0000 | nuc=5.2083
[Epoch 026] train_ce=0.1206 | train_nuc=5.2189 | train_total=0.1728 | train_acc=0.9567 | val_loss=0.1172 | val_acc=0.9553 | test_acc=0.9525 | fro=1.0000 | nuc=5.3323
[Epoch 027] train_ce=0.1229 | train_nuc=5.2172 | train_total=0.1751 | train_acc=0.9558 | val_loss=0.0975 | val_acc=0.9667 | test_acc=0.9683 | fro=1.0000 | nuc=5.2113
[Epoch 028] train_ce=0.1172 | train_nuc=5.1748 | train_total=0.1689 | train_acc=0.9584 | val_loss=0.1271 | val_acc=0.9527 | test_acc=0.9519 | fro=1.0000 | nuc=5.0567
[Epoch 029] train_ce=0.1136 | train_nuc=5.0820 | train_total=0.1645 | train_acc=0.9593 | val_loss=0.1429 | val_acc=0.9473 | test_acc=0.9480 | fro=1.0000 | nuc=5.2088
[Epoch 030] train_ce=0.1157 | train_nuc=5.1274 | train_total=0.1670 | train_acc=0.9588 | val_loss=0.1054 | val_acc=0.9620 | test_acc=0.9586 | fro=1.0000 | nuc=5.1860
[Epoch 031] train_ce=0.1130 | train_nuc=5.2107 | train_total=0.1651 | train_acc=0.9594 | val_loss=0.0956 | val_acc=0.9667 | test_acc=0.9636 | fro=1.0000 | nuc=5.2113
[Epoch 032] train_ce=0.1115 | train_nuc=5.2104 | train_total=0.1636 | train_acc=0.9602 | val_loss=0.1007 | val_acc=0.9653 | test_acc=0.9628 | fro=1.0000 | nuc=5.2690
[Epoch 033] train_ce=0.1139 | train_nuc=5.2199 | train_total=0.1661 | train_acc=0.9587 | val_loss=0.1076 | val_acc=0.9617 | test_acc=0.9551 | fro=1.0000 | nuc=5.1895
[Epoch 034] train_ce=0.1057 | train_nuc=5.1894 | train_total=0.1576 | train_acc=0.9629 | val_loss=0.0949 | val_acc=0.9683 | test_acc=0.9631 | fro=1.0000 | nuc=5.2026
[Epoch 035] train_ce=0.1048 | train_nuc=5.2289 | train_total=0.1571 | train_acc=0.9631 | val_loss=0.1029 | val_acc=0.9643 | test_acc=0.9604 | fro=1.0000 | nuc=5.2379
[Epoch 036] train_ce=0.1129 | train_nuc=5.1808 | train_total=0.1647 | train_acc=0.9591 | val_loss=0.0986 | val_acc=0.9703 | test_acc=0.9615 | fro=1.0000 | nuc=5.2031
[Epoch 037] train_ce=0.1018 | train_nuc=5.1643 | train_total=0.1535 | train_acc=0.9637 | val_loss=0.0850 | val_acc=0.9690 | test_acc=0.9623 | fro=1.0000 | nuc=5.1547
[Epoch 038] train_ce=0.1134 | train_nuc=5.2018 | train_total=0.1655 | train_acc=0.9597 | val_loss=0.0939 | val_acc=0.9680 | test_acc=0.9623 | fro=1.0000 | nuc=5.1059
[Epoch 039] train_ce=0.1166 | train_nuc=5.2088 | train_total=0.1687 | train_acc=0.9582 | val_loss=0.1004 | val_acc=0.9593 | test_acc=0.9607 | fro=1.0000 | nuc=5.2550
[Epoch 040] train_ce=0.1119 | train_nuc=5.1454 | train_total=0.1633 | train_acc=0.9606 | val_loss=0.0820 | val_acc=0.9717 | test_acc=0.9696 | fro=1.0000 | nuc=5.2012
[Epoch 041] train_ce=0.1042 | train_nuc=5.2201 | train_total=0.1564 | train_acc=0.9631 | val_loss=0.0958 | val_acc=0.9627 | test_acc=0.9625 | fro=1.0000 | nuc=5.2808
[Epoch 042] train_ce=0.1065 | train_nuc=5.2815 | train_total=0.1593 | train_acc=0.9618 | val_loss=0.0893 | val_acc=0.9637 | test_acc=0.9658 | fro=1.0000 | nuc=5.2385
[Epoch 043] train_ce=0.1023 | train_nuc=5.2296 | train_total=0.1546 | train_acc=0.9633 | val_loss=0.1339 | val_acc=0.9490 | test_acc=0.9512 | fro=1.0000 | nuc=5.1110
[Epoch 044] train_ce=0.1092 | train_nuc=5.1961 | train_total=0.1611 | train_acc=0.9600 | val_loss=0.1078 | val_acc=0.9610 | test_acc=0.9601 | fro=1.0000 | nuc=5.2218
[Epoch 045] train_ce=0.1031 | train_nuc=5.1958 | train_total=0.1550 | train_acc=0.9634 | val_loss=0.0874 | val_acc=0.9717 | test_acc=0.9626 | fro=1.0000 | nuc=5.1471
[Epoch 046] train_ce=0.0983 | train_nuc=5.2636 | train_total=0.1509 | train_acc=0.9651 | val_loss=0.1013 | val_acc=0.9640 | test_acc=0.9633 | fro=1.0000 | nuc=5.2870
[Epoch 047] train_ce=0.1034 | train_nuc=5.2115 | train_total=0.1556 | train_acc=0.9635 | val_loss=0.0960 | val_acc=0.9660 | test_acc=0.9629 | fro=1.0000 | nuc=5.3143
[Epoch 048] train_ce=0.0977 | train_nuc=5.2716 | train_total=0.1504 | train_acc=0.9662 | val_loss=0.1167 | val_acc=0.9557 | test_acc=0.9540 | fro=1.0000 | nuc=5.3599
[Epoch 049] train_ce=0.1016 | train_nuc=5.3003 | train_total=0.1546 | train_acc=0.9639 | val_loss=0.0917 | val_acc=0.9673 | test_acc=0.9647 | fro=1.0000 | nuc=5.3274
[Epoch 050] train_ce=0.1002 | train_nuc=5.2144 | train_total=0.1524 | train_acc=0.9642 | val_loss=0.0936 | val_acc=0.9693 | test_acc=0.9635 | fro=1.0000 | nuc=5.2760
Early stopping triggered at epoch 50. Best val_loss=0.081986 at epoch 40.
Done. alpha=0.01 | best_val_loss=0.081986 | best_epoch=40

================================================================================
Training alpha=0.01, seed=1
================================================================================
Using device: cuda
[Experiment] model_one_layer_FC_alpha_0p01
[Alpha] 0.01
[Run dir] outputs/compressibility_adv_robustness/model_one_layer_FC_alpha_0p01_seed_1
[Target Frobenius norm] 1.000000
[Early stopping patience] 10
[Epoch 001] train_ce=0.2647 | train_nuc=3.5672 | train_total=0.3004 | train_acc=0.8986 | val_loss=0.2033 | val_acc=0.9250 | test_acc=0.9333 | fro=1.0000 | nuc=3.3040
[Epoch 002] train_ce=0.1937 | train_nuc=3.6923 | train_total=0.2306 | train_acc=0.9295 | val_loss=0.1952 | val_acc=0.9287 | test_acc=0.9317 | fro=1.0000 | nuc=3.9981
[Epoch 003] train_ce=0.1725 | train_nuc=4.1815 | train_total=0.2143 | train_acc=0.9374 | val_loss=0.1707 | val_acc=0.9380 | test_acc=0.9412 | fro=1.0000 | nuc=4.3662
[Epoch 004] train_ce=0.1708 | train_nuc=4.5960 | train_total=0.2168 | train_acc=0.9378 | val_loss=0.1597 | val_acc=0.9407 | test_acc=0.9461 | fro=1.0000 | nuc=4.6080
[Epoch 005] train_ce=0.1629 | train_nuc=4.8024 | train_total=0.2109 | train_acc=0.9415 | val_loss=0.1535 | val_acc=0.9430 | test_acc=0.9452 | fro=1.0000 | nuc=4.9048
[Epoch 006] train_ce=0.1625 | train_nuc=4.9235 | train_total=0.2117 | train_acc=0.9400 | val_loss=0.1704 | val_acc=0.9397 | test_acc=0.9431 | fro=1.0000 | nuc=5.0466
[Epoch 007] train_ce=0.1619 | train_nuc=5.0328 | train_total=0.2123 | train_acc=0.9406 | val_loss=0.1543 | val_acc=0.9490 | test_acc=0.9504 | fro=1.0000 | nuc=5.0801
[Epoch 008] train_ce=0.1565 | train_nuc=4.9898 | train_total=0.2064 | train_acc=0.9431 | val_loss=0.1582 | val_acc=0.9377 | test_acc=0.9436 | fro=1.0000 | nuc=4.9260
[Epoch 009] train_ce=0.1498 | train_nuc=5.0454 | train_total=0.2002 | train_acc=0.9461 | val_loss=0.1662 | val_acc=0.9420 | test_acc=0.9427 | fro=1.0000 | nuc=5.1546
[Epoch 010] train_ce=0.1478 | train_nuc=5.1737 | train_total=0.1995 | train_acc=0.9464 | val_loss=0.1754 | val_acc=0.9373 | test_acc=0.9395 | fro=1.0000 | nuc=5.0874
[Epoch 011] train_ce=0.1449 | train_nuc=5.1664 | train_total=0.1966 | train_acc=0.9482 | val_loss=0.1454 | val_acc=0.9457 | test_acc=0.9502 | fro=1.0000 | nuc=5.1610
[Epoch 012] train_ce=0.1437 | train_nuc=5.1223 | train_total=0.1949 | train_acc=0.9473 | val_loss=0.1566 | val_acc=0.9460 | test_acc=0.9467 | fro=1.0000 | nuc=5.1965
[Epoch 013] train_ce=0.1423 | train_nuc=5.0955 | train_total=0.1933 | train_acc=0.9485 | val_loss=0.1477 | val_acc=0.9503 | test_acc=0.9521 | fro=1.0000 | nuc=5.1239
[Epoch 014] train_ce=0.1445 | train_nuc=5.0664 | train_total=0.1951 | train_acc=0.9468 | val_loss=0.1531 | val_acc=0.9373 | test_acc=0.9475 | fro=1.0000 | nuc=5.0290
[Epoch 015] train_ce=0.1375 | train_nuc=5.0427 | train_total=0.1879 | train_acc=0.9510 | val_loss=0.1334 | val_acc=0.9510 | test_acc=0.9555 | fro=1.0000 | nuc=5.0904
[Epoch 016] train_ce=0.1346 | train_nuc=5.0899 | train_total=0.1855 | train_acc=0.9514 | val_loss=0.1244 | val_acc=0.9567 | test_acc=0.9616 | fro=1.0000 | nuc=5.1608
[Epoch 017] train_ce=0.1290 | train_nuc=5.1065 | train_total=0.1801 | train_acc=0.9547 | val_loss=0.1226 | val_acc=0.9577 | test_acc=0.9605 | fro=1.0000 | nuc=5.1394
[Epoch 018] train_ce=0.1304 | train_nuc=5.0940 | train_total=0.1813 | train_acc=0.9537 | val_loss=0.1422 | val_acc=0.9467 | test_acc=0.9533 | fro=1.0000 | nuc=5.2041
[Epoch 019] train_ce=0.1212 | train_nuc=5.1547 | train_total=0.1727 | train_acc=0.9568 | val_loss=0.1368 | val_acc=0.9520 | test_acc=0.9626 | fro=1.0000 | nuc=5.1697
[Epoch 020] train_ce=0.1341 | train_nuc=5.1849 | train_total=0.1859 | train_acc=0.9512 | val_loss=0.1462 | val_acc=0.9473 | test_acc=0.9549 | fro=1.0000 | nuc=5.1469
[Epoch 021] train_ce=0.1143 | train_nuc=5.1338 | train_total=0.1657 | train_acc=0.9601 | val_loss=0.1205 | val_acc=0.9597 | test_acc=0.9587 | fro=1.0000 | nuc=5.2085
[Epoch 022] train_ce=0.1284 | train_nuc=5.1652 | train_total=0.1801 | train_acc=0.9539 | val_loss=0.1681 | val_acc=0.9393 | test_acc=0.9420 | fro=1.0000 | nuc=5.0631
[Epoch 023] train_ce=0.1285 | train_nuc=5.1765 | train_total=0.1802 | train_acc=0.9535 | val_loss=0.1337 | val_acc=0.9563 | test_acc=0.9555 | fro=1.0000 | nuc=5.1569
[Epoch 024] train_ce=0.1261 | train_nuc=5.1924 | train_total=0.1780 | train_acc=0.9541 | val_loss=0.2215 | val_acc=0.9123 | test_acc=0.9202 | fro=1.0000 | nuc=5.0950
[Epoch 025] train_ce=0.1183 | train_nuc=5.1872 | train_total=0.1701 | train_acc=0.9583 | val_loss=0.1210 | val_acc=0.9617 | test_acc=0.9585 | fro=1.0000 | nuc=5.2270
[Epoch 026] train_ce=0.1242 | train_nuc=5.1506 | train_total=0.1757 | train_acc=0.9554 | val_loss=0.1489 | val_acc=0.9477 | test_acc=0.9552 | fro=1.0000 | nuc=5.1376
[Epoch 027] train_ce=0.1215 | train_nuc=5.2018 | train_total=0.1735 | train_acc=0.9567 | val_loss=0.1133 | val_acc=0.9603 | test_acc=0.9631 | fro=1.0000 | nuc=5.1516
[Epoch 028] train_ce=0.1213 | train_nuc=5.1481 | train_total=0.1728 | train_acc=0.9562 | val_loss=0.1230 | val_acc=0.9590 | test_acc=0.9586 | fro=1.0000 | nuc=5.1828
[Epoch 029] train_ce=0.1250 | train_nuc=5.1599 | train_total=0.1766 | train_acc=0.9551 | val_loss=0.1731 | val_acc=0.9330 | test_acc=0.9376 | fro=1.0000 | nuc=5.1305
[Epoch 030] train_ce=0.1115 | train_nuc=5.2472 | train_total=0.1640 | train_acc=0.9601 | val_loss=0.1174 | val_acc=0.9580 | test_acc=0.9603 | fro=1.0000 | nuc=5.3827
[Epoch 031] train_ce=0.1138 | train_nuc=5.2725 | train_total=0.1666 | train_acc=0.9587 | val_loss=0.1324 | val_acc=0.9513 | test_acc=0.9593 | fro=1.0000 | nuc=5.1452
[Epoch 032] train_ce=0.1075 | train_nuc=5.2557 | train_total=0.1601 | train_acc=0.9613 | val_loss=0.1180 | val_acc=0.9577 | test_acc=0.9626 | fro=1.0000 | nuc=5.1709
[Epoch 033] train_ce=0.1176 | train_nuc=5.1346 | train_total=0.1689 | train_acc=0.9581 | val_loss=0.1342 | val_acc=0.9480 | test_acc=0.9527 | fro=1.0000 | nuc=5.2210
[Epoch 034] train_ce=0.1064 | train_nuc=5.1742 | train_total=0.1581 | train_acc=0.9629 | val_loss=0.1195 | val_acc=0.9583 | test_acc=0.9604 | fro=1.0000 | nuc=5.1298
[Epoch 035] train_ce=0.1076 | train_nuc=5.1328 | train_total=0.1589 | train_acc=0.9614 | val_loss=0.1139 | val_acc=0.9590 | test_acc=0.9645 | fro=1.0000 | nuc=5.2698
[Epoch 036] train_ce=0.1141 | train_nuc=5.0832 | train_total=0.1650 | train_acc=0.9589 | val_loss=0.1097 | val_acc=0.9600 | test_acc=0.9635 | fro=1.0000 | nuc=4.9933
[Epoch 037] train_ce=0.0992 | train_nuc=5.1061 | train_total=0.1502 | train_acc=0.9653 | val_loss=0.1326 | val_acc=0.9557 | test_acc=0.9588 | fro=1.0000 | nuc=5.1031
[Epoch 038] train_ce=0.1050 | train_nuc=5.1755 | train_total=0.1567 | train_acc=0.9628 | val_loss=0.1045 | val_acc=0.9620 | test_acc=0.9653 | fro=1.0000 | nuc=5.2239
[Epoch 039] train_ce=0.1084 | train_nuc=5.1790 | train_total=0.1602 | train_acc=0.9610 | val_loss=0.1016 | val_acc=0.9640 | test_acc=0.9656 | fro=1.0000 | nuc=5.1492
[Epoch 040] train_ce=0.0968 | train_nuc=5.1532 | train_total=0.1483 | train_acc=0.9657 | val_loss=0.1011 | val_acc=0.9637 | test_acc=0.9686 | fro=1.0000 | nuc=5.2146
[Epoch 041] train_ce=0.0999 | train_nuc=5.1535 | train_total=0.1515 | train_acc=0.9644 | val_loss=0.1190 | val_acc=0.9547 | test_acc=0.9634 | fro=1.0000 | nuc=5.0929
[Epoch 042] train_ce=0.1051 | train_nuc=5.1497 | train_total=0.1566 | train_acc=0.9624 | val_loss=0.0997 | val_acc=0.9693 | test_acc=0.9712 | fro=1.0000 | nuc=5.1486
[Epoch 043] train_ce=0.1069 | train_nuc=5.1026 | train_total=0.1579 | train_acc=0.9625 | val_loss=0.1112 | val_acc=0.9623 | test_acc=0.9667 | fro=1.0000 | nuc=5.2866
[Epoch 044] train_ce=0.1057 | train_nuc=5.1411 | train_total=0.1572 | train_acc=0.9626 | val_loss=0.1234 | val_acc=0.9540 | test_acc=0.9628 | fro=1.0000 | nuc=5.0872
[Epoch 045] train_ce=0.1085 | train_nuc=5.0306 | train_total=0.1588 | train_acc=0.9618 | val_loss=0.1067 | val_acc=0.9660 | test_acc=0.9646 | fro=1.0000 | nuc=5.1721
[Epoch 046] train_ce=0.0968 | train_nuc=5.1908 | train_total=0.1487 | train_acc=0.9655 | val_loss=0.1025 | val_acc=0.9620 | test_acc=0.9653 | fro=1.0000 | nuc=5.3306
[Epoch 047] train_ce=0.0967 | train_nuc=5.1990 | train_total=0.1487 | train_acc=0.9660 | val_loss=0.1314 | val_acc=0.9557 | test_acc=0.9537 | fro=1.0000 | nuc=5.1434
[Epoch 048] train_ce=0.0994 | train_nuc=5.1619 | train_total=0.1510 | train_acc=0.9642 | val_loss=0.1058 | val_acc=0.9647 | test_acc=0.9643 | fro=1.0000 | nuc=5.2297
[Epoch 049] train_ce=0.0990 | train_nuc=5.2366 | train_total=0.1513 | train_acc=0.9655 | val_loss=0.1286 | val_acc=0.9563 | test_acc=0.9603 | fro=1.0000 | nuc=5.2091
[Epoch 050] train_ce=0.1036 | train_nuc=5.1147 | train_total=0.1547 | train_acc=0.9632 | val_loss=0.1258 | val_acc=0.9573 | test_acc=0.9632 | fro=1.0000 | nuc=5.1980
[Epoch 051] train_ce=0.0984 | train_nuc=5.1815 | train_total=0.1502 | train_acc=0.9653 | val_loss=0.1218 | val_acc=0.9597 | test_acc=0.9629 | fro=1.0000 | nuc=5.0933
[Epoch 052] train_ce=0.1009 | train_nuc=5.1682 | train_total=0.1526 | train_acc=0.9633 | val_loss=0.1216 | val_acc=0.9573 | test_acc=0.9606 | fro=1.0000 | nuc=5.0425
Early stopping triggered at epoch 52. Best val_loss=0.099748 at epoch 42.
Done. alpha=0.01 | best_val_loss=0.099748 | best_epoch=42

================================================================================
Training alpha=0.01, seed=2
================================================================================
Using device: cuda
[Experiment] model_one_layer_FC_alpha_0p01
[Alpha] 0.01
[Run dir] outputs/compressibility_adv_robustness/model_one_layer_FC_alpha_0p01_seed_2
[Target Frobenius norm] 1.000000
[Early stopping patience] 10
[Epoch 001] train_ce=0.2638 | train_nuc=3.5447 | train_total=0.2992 | train_acc=0.9014 | val_loss=0.1868 | val_acc=0.9333 | test_acc=0.9285 | fro=1.0000 | nuc=3.4166
[Epoch 002] train_ce=0.1926 | train_nuc=3.6812 | train_total=0.2295 | train_acc=0.9306 | val_loss=0.1644 | val_acc=0.9427 | test_acc=0.9405 | fro=1.0000 | nuc=3.9224
[Epoch 003] train_ce=0.1825 | train_nuc=4.1919 | train_total=0.2244 | train_acc=0.9325 | val_loss=0.1961 | val_acc=0.9293 | test_acc=0.9233 | fro=1.0000 | nuc=4.3969
[Epoch 004] train_ce=0.1770 | train_nuc=4.4762 | train_total=0.2218 | train_acc=0.9353 | val_loss=0.1525 | val_acc=0.9477 | test_acc=0.9459 | fro=1.0000 | nuc=4.6059
[Epoch 005] train_ce=0.1661 | train_nuc=4.6977 | train_total=0.2130 | train_acc=0.9400 | val_loss=0.1408 | val_acc=0.9507 | test_acc=0.9461 | fro=1.0000 | nuc=4.8274
[Epoch 006] train_ce=0.1612 | train_nuc=4.8876 | train_total=0.2100 | train_acc=0.9419 | val_loss=0.1312 | val_acc=0.9570 | test_acc=0.9542 | fro=1.0000 | nuc=4.9163
[Epoch 007] train_ce=0.1521 | train_nuc=4.9649 | train_total=0.2018 | train_acc=0.9436 | val_loss=0.1376 | val_acc=0.9550 | test_acc=0.9532 | fro=1.0000 | nuc=4.9990
[Epoch 008] train_ce=0.1505 | train_nuc=5.0651 | train_total=0.2012 | train_acc=0.9456 | val_loss=0.1289 | val_acc=0.9547 | test_acc=0.9477 | fro=1.0000 | nuc=5.0296
[Epoch 009] train_ce=0.1544 | train_nuc=5.0595 | train_total=0.2050 | train_acc=0.9429 | val_loss=0.1282 | val_acc=0.9570 | test_acc=0.9553 | fro=1.0000 | nuc=5.1003
[Epoch 010] train_ce=0.1487 | train_nuc=5.0936 | train_total=0.1997 | train_acc=0.9453 | val_loss=0.2081 | val_acc=0.9150 | test_acc=0.9130 | fro=1.0000 | nuc=5.0701
[Epoch 011] train_ce=0.1413 | train_nuc=5.1238 | train_total=0.1925 | train_acc=0.9488 | val_loss=0.1455 | val_acc=0.9490 | test_acc=0.9476 | fro=1.0000 | nuc=5.3197
[Epoch 012] train_ce=0.1481 | train_nuc=5.1148 | train_total=0.1993 | train_acc=0.9454 | val_loss=0.1204 | val_acc=0.9603 | test_acc=0.9557 | fro=1.0000 | nuc=5.2127
[Epoch 013] train_ce=0.1410 | train_nuc=5.1360 | train_total=0.1923 | train_acc=0.9494 | val_loss=0.1139 | val_acc=0.9610 | test_acc=0.9549 | fro=1.0000 | nuc=5.1507
[Epoch 014] train_ce=0.1397 | train_nuc=5.1040 | train_total=0.1907 | train_acc=0.9493 | val_loss=0.1280 | val_acc=0.9583 | test_acc=0.9564 | fro=1.0000 | nuc=4.9966
[Epoch 015] train_ce=0.1383 | train_nuc=5.0966 | train_total=0.1892 | train_acc=0.9507 | val_loss=0.1339 | val_acc=0.9473 | test_acc=0.9502 | fro=1.0000 | nuc=5.1858
[Epoch 016] train_ce=0.1297 | train_nuc=5.1954 | train_total=0.1817 | train_acc=0.9534 | val_loss=0.1084 | val_acc=0.9587 | test_acc=0.9598 | fro=1.0000 | nuc=5.2321
[Epoch 017] train_ce=0.1276 | train_nuc=5.1979 | train_total=0.1796 | train_acc=0.9539 | val_loss=0.1241 | val_acc=0.9527 | test_acc=0.9506 | fro=1.0000 | nuc=5.2357
[Epoch 018] train_ce=0.1277 | train_nuc=5.1512 | train_total=0.1792 | train_acc=0.9543 | val_loss=0.1107 | val_acc=0.9617 | test_acc=0.9569 | fro=1.0000 | nuc=5.1962
[Epoch 019] train_ce=0.1267 | train_nuc=5.1860 | train_total=0.1786 | train_acc=0.9544 | val_loss=0.1238 | val_acc=0.9520 | test_acc=0.9487 | fro=1.0000 | nuc=5.1751
[Epoch 020] train_ce=0.1280 | train_nuc=5.2141 | train_total=0.1801 | train_acc=0.9544 | val_loss=0.1242 | val_acc=0.9540 | test_acc=0.9540 | fro=1.0000 | nuc=5.2619
[Epoch 021] train_ce=0.1395 | train_nuc=5.1301 | train_total=0.1908 | train_acc=0.9493 | val_loss=0.1015 | val_acc=0.9617 | test_acc=0.9615 | fro=1.0000 | nuc=5.1585
[Epoch 022] train_ce=0.1207 | train_nuc=5.2027 | train_total=0.1727 | train_acc=0.9566 | val_loss=0.0971 | val_acc=0.9677 | test_acc=0.9623 | fro=1.0000 | nuc=5.2792
[Epoch 023] train_ce=0.1220 | train_nuc=5.2293 | train_total=0.1743 | train_acc=0.9560 | val_loss=0.1025 | val_acc=0.9670 | test_acc=0.9609 | fro=1.0000 | nuc=5.3056
[Epoch 024] train_ce=0.1253 | train_nuc=5.1682 | train_total=0.1769 | train_acc=0.9550 | val_loss=0.1122 | val_acc=0.9583 | test_acc=0.9581 | fro=1.0000 | nuc=5.2214
[Epoch 025] train_ce=0.1231 | train_nuc=5.1964 | train_total=0.1751 | train_acc=0.9559 | val_loss=0.1059 | val_acc=0.9640 | test_acc=0.9581 | fro=1.0000 | nuc=5.1922
[Epoch 026] train_ce=0.1187 | train_nuc=5.2923 | train_total=0.1717 | train_acc=0.9575 | val_loss=0.0942 | val_acc=0.9673 | test_acc=0.9597 | fro=1.0000 | nuc=5.3113
[Epoch 027] train_ce=0.1149 | train_nuc=5.2452 | train_total=0.1673 | train_acc=0.9598 | val_loss=0.1016 | val_acc=0.9640 | test_acc=0.9645 | fro=1.0000 | nuc=5.2354
[Epoch 028] train_ce=0.1187 | train_nuc=5.2602 | train_total=0.1713 | train_acc=0.9575 | val_loss=0.1024 | val_acc=0.9617 | test_acc=0.9564 | fro=1.0000 | nuc=5.2909
[Epoch 029] train_ce=0.1205 | train_nuc=5.2437 | train_total=0.1729 | train_acc=0.9570 | val_loss=0.1011 | val_acc=0.9630 | test_acc=0.9615 | fro=1.0000 | nuc=5.2812
[Epoch 030] train_ce=0.1133 | train_nuc=5.2719 | train_total=0.1661 | train_acc=0.9597 | val_loss=0.0988 | val_acc=0.9660 | test_acc=0.9620 | fro=1.0000 | nuc=5.4949
[Epoch 031] train_ce=0.1184 | train_nuc=5.3380 | train_total=0.1718 | train_acc=0.9566 | val_loss=0.1198 | val_acc=0.9537 | test_acc=0.9532 | fro=1.0000 | nuc=5.2379
[Epoch 032] train_ce=0.1131 | train_nuc=5.2323 | train_total=0.1654 | train_acc=0.9605 | val_loss=0.1207 | val_acc=0.9567 | test_acc=0.9556 | fro=1.0000 | nuc=5.3062
[Epoch 033] train_ce=0.1166 | train_nuc=5.1921 | train_total=0.1685 | train_acc=0.9579 | val_loss=0.0957 | val_acc=0.9670 | test_acc=0.9600 | fro=1.0000 | nuc=5.1836
[Epoch 034] train_ce=0.1149 | train_nuc=5.1520 | train_total=0.1664 | train_acc=0.9580 | val_loss=0.1018 | val_acc=0.9610 | test_acc=0.9572 | fro=1.0000 | nuc=5.1476
[Epoch 035] train_ce=0.1080 | train_nuc=5.1980 | train_total=0.1600 | train_acc=0.9619 | val_loss=0.1035 | val_acc=0.9643 | test_acc=0.9605 | fro=1.0000 | nuc=5.1946
[Epoch 036] train_ce=0.1083 | train_nuc=5.1827 | train_total=0.1601 | train_acc=0.9608 | val_loss=0.1255 | val_acc=0.9537 | test_acc=0.9515 | fro=1.0000 | nuc=5.2517
Early stopping triggered at epoch 36. Best val_loss=0.094193 at epoch 26.
Done. alpha=0.01 | best_val_loss=0.094193 | best_epoch=26

================================================================================
Training alpha=0.01, seed=3
================================================================================
Using device: cuda
[Experiment] model_one_layer_FC_alpha_0p01
[Alpha] 0.01
[Run dir] outputs/compressibility_adv_robustness/model_one_layer_FC_alpha_0p01_seed_3
[Target Frobenius norm] 1.000000
[Early stopping patience] 10
[Epoch 001] train_ce=0.2687 | train_nuc=3.6535 | train_total=0.3052 | train_acc=0.8963 | val_loss=0.2070 | val_acc=0.9253 | test_acc=0.9319 | fro=1.0000 | nuc=3.4196
[Epoch 002] train_ce=0.1925 | train_nuc=3.7573 | train_total=0.2300 | train_acc=0.9295 | val_loss=0.1707 | val_acc=0.9417 | test_acc=0.9431 | fro=1.0000 | nuc=3.9871
[Epoch 003] train_ce=0.1824 | train_nuc=4.2668 | train_total=0.2251 | train_acc=0.9330 | val_loss=0.1473 | val_acc=0.9473 | test_acc=0.9481 | fro=1.0000 | nuc=4.3953
[Epoch 004] train_ce=0.1671 | train_nuc=4.5941 | train_total=0.2131 | train_acc=0.9390 | val_loss=0.1710 | val_acc=0.9400 | test_acc=0.9388 | fro=1.0000 | nuc=4.7581
[Epoch 005] train_ce=0.1675 | train_nuc=4.8587 | train_total=0.2161 | train_acc=0.9376 | val_loss=0.1442 | val_acc=0.9527 | test_acc=0.9478 | fro=1.0000 | nuc=4.9204
[Epoch 006] train_ce=0.1596 | train_nuc=4.9495 | train_total=0.2091 | train_acc=0.9418 | val_loss=0.1714 | val_acc=0.9333 | test_acc=0.9380 | fro=1.0000 | nuc=5.0000
[Epoch 007] train_ce=0.1574 | train_nuc=5.0467 | train_total=0.2078 | train_acc=0.9421 | val_loss=0.1483 | val_acc=0.9507 | test_acc=0.9464 | fro=1.0000 | nuc=5.0739
[Epoch 008] train_ce=0.1593 | train_nuc=5.0718 | train_total=0.2100 | train_acc=0.9417 | val_loss=0.1590 | val_acc=0.9467 | test_acc=0.9509 | fro=1.0000 | nuc=4.9979
[Epoch 009] train_ce=0.1481 | train_nuc=5.1189 | train_total=0.1993 | train_acc=0.9461 | val_loss=0.1415 | val_acc=0.9493 | test_acc=0.9511 | fro=1.0000 | nuc=5.1671
[Epoch 010] train_ce=0.1484 | train_nuc=5.1380 | train_total=0.1998 | train_acc=0.9461 | val_loss=0.1547 | val_acc=0.9480 | test_acc=0.9471 | fro=1.0000 | nuc=5.1797
[Epoch 011] train_ce=0.1449 | train_nuc=5.1387 | train_total=0.1963 | train_acc=0.9466 | val_loss=0.1564 | val_acc=0.9453 | test_acc=0.9452 | fro=1.0000 | nuc=5.1819
[Epoch 012] train_ce=0.1407 | train_nuc=5.1079 | train_total=0.1917 | train_acc=0.9494 | val_loss=0.1308 | val_acc=0.9543 | test_acc=0.9564 | fro=1.0000 | nuc=5.1271
[Epoch 013] train_ce=0.1366 | train_nuc=5.1896 | train_total=0.1885 | train_acc=0.9502 | val_loss=0.1462 | val_acc=0.9430 | test_acc=0.9482 | fro=1.0000 | nuc=5.2191
[Epoch 014] train_ce=0.1397 | train_nuc=5.0965 | train_total=0.1906 | train_acc=0.9496 | val_loss=0.1376 | val_acc=0.9547 | test_acc=0.9549 | fro=1.0000 | nuc=5.0950
[Epoch 015] train_ce=0.1340 | train_nuc=5.1488 | train_total=0.1855 | train_acc=0.9519 | val_loss=0.1323 | val_acc=0.9540 | test_acc=0.9522 | fro=1.0000 | nuc=5.2074
[Epoch 016] train_ce=0.1401 | train_nuc=5.0888 | train_total=0.1910 | train_acc=0.9488 | val_loss=0.1351 | val_acc=0.9523 | test_acc=0.9533 | fro=1.0000 | nuc=5.0875
[Epoch 017] train_ce=0.1285 | train_nuc=5.1361 | train_total=0.1799 | train_acc=0.9539 | val_loss=0.1389 | val_acc=0.9497 | test_acc=0.9553 | fro=1.0000 | nuc=5.1517
[Epoch 018] train_ce=0.1277 | train_nuc=5.1783 | train_total=0.1795 | train_acc=0.9538 | val_loss=0.1301 | val_acc=0.9573 | test_acc=0.9541 | fro=1.0000 | nuc=5.1925
[Epoch 019] train_ce=0.1269 | train_nuc=5.0979 | train_total=0.1779 | train_acc=0.9544 | val_loss=0.1345 | val_acc=0.9543 | test_acc=0.9572 | fro=1.0000 | nuc=5.2057
[Epoch 020] train_ce=0.1239 | train_nuc=5.1305 | train_total=0.1752 | train_acc=0.9554 | val_loss=0.1165 | val_acc=0.9587 | test_acc=0.9628 | fro=1.0000 | nuc=5.2147
[Epoch 021] train_ce=0.1236 | train_nuc=5.2103 | train_total=0.1757 | train_acc=0.9552 | val_loss=0.1401 | val_acc=0.9457 | test_acc=0.9528 | fro=1.0000 | nuc=5.1356
[Epoch 022] train_ce=0.1245 | train_nuc=5.1790 | train_total=0.1763 | train_acc=0.9550 | val_loss=0.1231 | val_acc=0.9580 | test_acc=0.9617 | fro=1.0000 | nuc=5.0571
[Epoch 023] train_ce=0.1150 | train_nuc=5.2814 | train_total=0.1678 | train_acc=0.9581 | val_loss=0.1095 | val_acc=0.9627 | test_acc=0.9622 | fro=1.0000 | nuc=5.2208
[Epoch 024] train_ce=0.1289 | train_nuc=5.1847 | train_total=0.1808 | train_acc=0.9526 | val_loss=0.1293 | val_acc=0.9507 | test_acc=0.9580 | fro=1.0000 | nuc=4.9732
[Epoch 025] train_ce=0.1194 | train_nuc=5.1389 | train_total=0.1708 | train_acc=0.9574 | val_loss=0.1091 | val_acc=0.9593 | test_acc=0.9590 | fro=1.0000 | nuc=5.1223
[Epoch 026] train_ce=0.1153 | train_nuc=5.1963 | train_total=0.1672 | train_acc=0.9585 | val_loss=0.1412 | val_acc=0.9517 | test_acc=0.9535 | fro=1.0000 | nuc=5.2126
[Epoch 027] train_ce=0.1146 | train_nuc=5.1674 | train_total=0.1663 | train_acc=0.9590 | val_loss=0.1175 | val_acc=0.9587 | test_acc=0.9604 | fro=1.0000 | nuc=5.1271
[Epoch 028] train_ce=0.1118 | train_nuc=5.2128 | train_total=0.1639 | train_acc=0.9599 | val_loss=0.1397 | val_acc=0.9523 | test_acc=0.9523 | fro=1.0000 | nuc=5.4220
[Epoch 029] train_ce=0.1176 | train_nuc=5.2347 | train_total=0.1699 | train_acc=0.9583 | val_loss=0.1024 | val_acc=0.9637 | test_acc=0.9616 | fro=1.0000 | nuc=5.2315
[Epoch 030] train_ce=0.1133 | train_nuc=5.2560 | train_total=0.1658 | train_acc=0.9588 | val_loss=0.1078 | val_acc=0.9617 | test_acc=0.9650 | fro=1.0000 | nuc=5.3374
[Epoch 031] train_ce=0.1155 | train_nuc=5.2667 | train_total=0.1681 | train_acc=0.9593 | val_loss=0.1107 | val_acc=0.9623 | test_acc=0.9588 | fro=1.0000 | nuc=5.2210
[Epoch 032] train_ce=0.1183 | train_nuc=5.1515 | train_total=0.1698 | train_acc=0.9574 | val_loss=0.1504 | val_acc=0.9433 | test_acc=0.9474 | fro=1.0000 | nuc=5.1525
[Epoch 033] train_ce=0.1081 | train_nuc=5.1771 | train_total=0.1598 | train_acc=0.9619 | val_loss=0.0997 | val_acc=0.9670 | test_acc=0.9638 | fro=1.0000 | nuc=5.1794
[Epoch 034] train_ce=0.1091 | train_nuc=5.2566 | train_total=0.1617 | train_acc=0.9607 | val_loss=0.1155 | val_acc=0.9630 | test_acc=0.9639 | fro=1.0000 | nuc=5.3758
[Epoch 035] train_ce=0.1055 | train_nuc=5.2884 | train_total=0.1584 | train_acc=0.9626 | val_loss=0.1151 | val_acc=0.9617 | test_acc=0.9611 | fro=1.0000 | nuc=5.3053
[Epoch 036] train_ce=0.1066 | train_nuc=5.2568 | train_total=0.1592 | train_acc=0.9616 | val_loss=0.1092 | val_acc=0.9640 | test_acc=0.9661 | fro=1.0000 | nuc=5.2506
[Epoch 037] train_ce=0.1019 | train_nuc=5.3043 | train_total=0.1550 | train_acc=0.9633 | val_loss=0.1073 | val_acc=0.9627 | test_acc=0.9615 | fro=1.0000 | nuc=5.3124
[Epoch 038] train_ce=0.1102 | train_nuc=5.2462 | train_total=0.1627 | train_acc=0.9607 | val_loss=0.1189 | val_acc=0.9603 | test_acc=0.9575 | fro=1.0000 | nuc=5.2374
[Epoch 039] train_ce=0.1056 | train_nuc=5.2365 | train_total=0.1579 | train_acc=0.9613 | val_loss=0.1009 | val_acc=0.9713 | test_acc=0.9654 | fro=1.0000 | nuc=5.1770
[Epoch 040] train_ce=0.1082 | train_nuc=5.2806 | train_total=0.1611 | train_acc=0.9614 | val_loss=0.1066 | val_acc=0.9663 | test_acc=0.9681 | fro=1.0000 | nuc=5.2755
[Epoch 041] train_ce=0.1019 | train_nuc=5.1683 | train_total=0.1536 | train_acc=0.9651 | val_loss=0.1026 | val_acc=0.9650 | test_acc=0.9667 | fro=1.0000 | nuc=5.3722
[Epoch 042] train_ce=0.1005 | train_nuc=5.3330 | train_total=0.1538 | train_acc=0.9647 | val_loss=0.1029 | val_acc=0.9640 | test_acc=0.9674 | fro=1.0000 | nuc=5.3931
[Epoch 043] train_ce=0.1122 | train_nuc=5.2721 | train_total=0.1649 | train_acc=0.9601 | val_loss=0.0969 | val_acc=0.9700 | test_acc=0.9693 | fro=1.0000 | nuc=5.3544
[Epoch 044] train_ce=0.1080 | train_nuc=5.3833 | train_total=0.1618 | train_acc=0.9605 | val_loss=0.1608 | val_acc=0.9387 | test_acc=0.9442 | fro=1.0000 | nuc=5.3770
[Epoch 045] train_ce=0.1139 | train_nuc=5.2718 | train_total=0.1666 | train_acc=0.9580 | val_loss=0.1155 | val_acc=0.9613 | test_acc=0.9618 | fro=1.0000 | nuc=5.2047
[Epoch 046] train_ce=0.1010 | train_nuc=5.2808 | train_total=0.1538 | train_acc=0.9639 | val_loss=0.1302 | val_acc=0.9577 | test_acc=0.9527 | fro=1.0000 | nuc=5.2838
[Epoch 047] train_ce=0.0972 | train_nuc=5.2950 | train_total=0.1501 | train_acc=0.9660 | val_loss=0.0984 | val_acc=0.9650 | test_acc=0.9675 | fro=1.0000 | nuc=5.2387
[Epoch 048] train_ce=0.0996 | train_nuc=5.3400 | train_total=0.1530 | train_acc=0.9653 | val_loss=0.0964 | val_acc=0.9707 | test_acc=0.9692 | fro=1.0000 | nuc=5.2709
[Epoch 049] train_ce=0.0955 | train_nuc=5.2515 | train_total=0.1480 | train_acc=0.9666 | val_loss=0.0990 | val_acc=0.9660 | test_acc=0.9643 | fro=1.0000 | nuc=5.3569
[Epoch 050] train_ce=0.1024 | train_nuc=5.2931 | train_total=0.1553 | train_acc=0.9632 | val_loss=0.0981 | val_acc=0.9677 | test_acc=0.9696 | fro=1.0000 | nuc=5.2475
[Epoch 051] train_ce=0.0942 | train_nuc=5.2643 | train_total=0.1469 | train_acc=0.9665 | val_loss=0.1114 | val_acc=0.9637 | test_acc=0.9608 | fro=1.0000 | nuc=5.2225
[Epoch 052] train_ce=0.0992 | train_nuc=5.2484 | train_total=0.1516 | train_acc=0.9646 | val_loss=0.1065 | val_acc=0.9627 | test_acc=0.9629 | fro=1.0000 | nuc=5.3246
[Epoch 053] train_ce=0.0943 | train_nuc=5.2425 | train_total=0.1468 | train_acc=0.9669 | val_loss=0.0994 | val_acc=0.9640 | test_acc=0.9690 | fro=1.0000 | nuc=5.3791
[Epoch 054] train_ce=0.0998 | train_nuc=5.2312 | train_total=0.1521 | train_acc=0.9643 | val_loss=0.1458 | val_acc=0.9460 | test_acc=0.9462 | fro=1.0000 | nuc=5.2475
[Epoch 055] train_ce=0.0947 | train_nuc=5.2679 | train_total=0.1474 | train_acc=0.9670 | val_loss=0.1007 | val_acc=0.9657 | test_acc=0.9700 | fro=1.0000 | nuc=5.2757
[Epoch 056] train_ce=0.0943 | train_nuc=5.2997 | train_total=0.1473 | train_acc=0.9667 | val_loss=0.1080 | val_acc=0.9627 | test_acc=0.9638 | fro=1.0000 | nuc=5.2555
[Epoch 057] train_ce=0.1028 | train_nuc=5.2315 | train_total=0.1551 | train_acc=0.9627 | val_loss=0.0972 | val_acc=0.9700 | test_acc=0.9651 | fro=1.0000 | nuc=5.1938
[Epoch 058] train_ce=0.0933 | train_nuc=5.2115 | train_total=0.1454 | train_acc=0.9668 | val_loss=0.1036 | val_acc=0.9627 | test_acc=0.9642 | fro=1.0000 | nuc=5.2267
Early stopping triggered at epoch 58. Best val_loss=0.096432 at epoch 48.
Done. alpha=0.01 | best_val_loss=0.096432 | best_epoch=48

================================================================================
Training alpha=0.01, seed=4
================================================================================
Using device: cuda
[Experiment] model_one_layer_FC_alpha_0p01
[Alpha] 0.01
[Run dir] outputs/compressibility_adv_robustness/model_one_layer_FC_alpha_0p01_seed_4
[Target Frobenius norm] 1.000000
[Early stopping patience] 10
[Epoch 001] train_ce=0.2549 | train_nuc=3.6557 | train_total=0.2915 | train_acc=0.9030 | val_loss=0.1903 | val_acc=0.9363 | test_acc=0.9395 | fro=1.0000 | nuc=3.4223
[Epoch 002] train_ce=0.1878 | train_nuc=3.7182 | train_total=0.2250 | train_acc=0.9304 | val_loss=0.1639 | val_acc=0.9443 | test_acc=0.9479 | fro=1.0000 | nuc=4.0417
[Epoch 003] train_ce=0.1701 | train_nuc=4.3495 | train_total=0.2136 | train_acc=0.9385 | val_loss=0.1870 | val_acc=0.9283 | test_acc=0.9328 | fro=1.0000 | nuc=4.5838
[Epoch 004] train_ce=0.1695 | train_nuc=4.6627 | train_total=0.2161 | train_acc=0.9365 | val_loss=0.1673 | val_acc=0.9443 | test_acc=0.9433 | fro=1.0000 | nuc=4.7963
[Epoch 005] train_ce=0.1628 | train_nuc=4.8752 | train_total=0.2116 | train_acc=0.9407 | val_loss=0.1562 | val_acc=0.9463 | test_acc=0.9449 | fro=1.0000 | nuc=5.0034
[Epoch 006] train_ce=0.1653 | train_nuc=4.9428 | train_total=0.2147 | train_acc=0.9395 | val_loss=0.1910 | val_acc=0.9250 | test_acc=0.9300 | fro=1.0000 | nuc=4.9068
[Epoch 007] train_ce=0.1555 | train_nuc=4.9905 | train_total=0.2054 | train_acc=0.9432 | val_loss=0.1430 | val_acc=0.9483 | test_acc=0.9491 | fro=1.0000 | nuc=5.0502
[Epoch 008] train_ce=0.1564 | train_nuc=5.0391 | train_total=0.2068 | train_acc=0.9431 | val_loss=0.1584 | val_acc=0.9390 | test_acc=0.9443 | fro=1.0000 | nuc=5.0772
[Epoch 009] train_ce=0.1524 | train_nuc=5.0527 | train_total=0.2029 | train_acc=0.9447 | val_loss=0.1348 | val_acc=0.9540 | test_acc=0.9525 | fro=1.0000 | nuc=5.1784
[Epoch 010] train_ce=0.1451 | train_nuc=5.0866 | train_total=0.1959 | train_acc=0.9476 | val_loss=0.1478 | val_acc=0.9473 | test_acc=0.9479 | fro=1.0000 | nuc=5.0714
[Epoch 011] train_ce=0.1470 | train_nuc=5.0881 | train_total=0.1979 | train_acc=0.9468 | val_loss=0.1483 | val_acc=0.9450 | test_acc=0.9453 | fro=1.0000 | nuc=5.2088
[Epoch 012] train_ce=0.1386 | train_nuc=5.1221 | train_total=0.1898 | train_acc=0.9503 | val_loss=0.1371 | val_acc=0.9547 | test_acc=0.9538 | fro=1.0000 | nuc=5.1278
[Epoch 013] train_ce=0.1440 | train_nuc=5.0913 | train_total=0.1950 | train_acc=0.9477 | val_loss=0.1338 | val_acc=0.9517 | test_acc=0.9496 | fro=1.0000 | nuc=5.1136
[Epoch 014] train_ce=0.1354 | train_nuc=5.1235 | train_total=0.1866 | train_acc=0.9514 | val_loss=0.1600 | val_acc=0.9423 | test_acc=0.9441 | fro=1.0000 | nuc=5.0560
[Epoch 015] train_ce=0.1361 | train_nuc=5.1581 | train_total=0.1876 | train_acc=0.9504 | val_loss=0.1310 | val_acc=0.9530 | test_acc=0.9538 | fro=1.0000 | nuc=5.2456
[Epoch 016] train_ce=0.1353 | train_nuc=5.2181 | train_total=0.1875 | train_acc=0.9505 | val_loss=0.1198 | val_acc=0.9590 | test_acc=0.9577 | fro=1.0000 | nuc=5.1717
[Epoch 017] train_ce=0.1260 | train_nuc=5.1718 | train_total=0.1777 | train_acc=0.9555 | val_loss=0.1606 | val_acc=0.9417 | test_acc=0.9354 | fro=1.0000 | nuc=5.1077
[Epoch 018] train_ce=0.1340 | train_nuc=5.0860 | train_total=0.1849 | train_acc=0.9517 | val_loss=0.1815 | val_acc=0.9297 | test_acc=0.9338 | fro=1.0000 | nuc=5.1168
[Epoch 019] train_ce=0.1256 | train_nuc=5.1072 | train_total=0.1767 | train_acc=0.9548 | val_loss=0.1302 | val_acc=0.9493 | test_acc=0.9549 | fro=1.0000 | nuc=5.1122
[Epoch 020] train_ce=0.1221 | train_nuc=5.1182 | train_total=0.1732 | train_acc=0.9559 | val_loss=0.1214 | val_acc=0.9583 | test_acc=0.9574 | fro=1.0000 | nuc=5.1480
[Epoch 021] train_ce=0.1177 | train_nuc=5.1790 | train_total=0.1695 | train_acc=0.9588 | val_loss=0.1477 | val_acc=0.9430 | test_acc=0.9435 | fro=1.0000 | nuc=5.1979
[Epoch 022] train_ce=0.1171 | train_nuc=5.1976 | train_total=0.1691 | train_acc=0.9567 | val_loss=0.1321 | val_acc=0.9513 | test_acc=0.9495 | fro=1.0000 | nuc=5.2216
[Epoch 023] train_ce=0.1367 | train_nuc=5.2045 | train_total=0.1887 | train_acc=0.9496 | val_loss=0.1464 | val_acc=0.9483 | test_acc=0.9506 | fro=1.0000 | nuc=5.1620
[Epoch 024] train_ce=0.1222 | train_nuc=5.2022 | train_total=0.1743 | train_acc=0.9562 | val_loss=0.1173 | val_acc=0.9580 | test_acc=0.9620 | fro=1.0000 | nuc=5.2819
[Epoch 025] train_ce=0.1183 | train_nuc=5.2159 | train_total=0.1705 | train_acc=0.9574 | val_loss=0.1323 | val_acc=0.9553 | test_acc=0.9576 | fro=1.0000 | nuc=5.0180
[Epoch 026] train_ce=0.1208 | train_nuc=5.1176 | train_total=0.1720 | train_acc=0.9569 | val_loss=0.1507 | val_acc=0.9453 | test_acc=0.9478 | fro=1.0000 | nuc=5.2813
[Epoch 027] train_ce=0.1144 | train_nuc=5.1559 | train_total=0.1659 | train_acc=0.9596 | val_loss=0.1177 | val_acc=0.9603 | test_acc=0.9599 | fro=1.0000 | nuc=5.0787
[Epoch 028] train_ce=0.1109 | train_nuc=5.1841 | train_total=0.1628 | train_acc=0.9606 | val_loss=0.1228 | val_acc=0.9597 | test_acc=0.9607 | fro=1.0000 | nuc=5.2964
[Epoch 029] train_ce=0.1184 | train_nuc=5.1983 | train_total=0.1704 | train_acc=0.9576 | val_loss=0.1118 | val_acc=0.9573 | test_acc=0.9628 | fro=1.0000 | nuc=5.1667
[Epoch 030] train_ce=0.1131 | train_nuc=5.2356 | train_total=0.1655 | train_acc=0.9592 | val_loss=0.1104 | val_acc=0.9643 | test_acc=0.9639 | fro=1.0000 | nuc=5.3678
[Epoch 031] train_ce=0.1111 | train_nuc=5.1914 | train_total=0.1630 | train_acc=0.9600 | val_loss=0.1161 | val_acc=0.9613 | test_acc=0.9633 | fro=1.0000 | nuc=5.0403
[Epoch 032] train_ce=0.1055 | train_nuc=5.1894 | train_total=0.1574 | train_acc=0.9626 | val_loss=0.1121 | val_acc=0.9613 | test_acc=0.9600 | fro=1.0000 | nuc=5.2800
[Epoch 033] train_ce=0.1102 | train_nuc=5.2207 | train_total=0.1624 | train_acc=0.9605 | val_loss=0.1239 | val_acc=0.9563 | test_acc=0.9587 | fro=1.0000 | nuc=5.3201
[Epoch 034] train_ce=0.1133 | train_nuc=5.2268 | train_total=0.1656 | train_acc=0.9595 | val_loss=0.1226 | val_acc=0.9577 | test_acc=0.9547 | fro=1.0000 | nuc=5.1984
[Epoch 035] train_ce=0.1046 | train_nuc=5.2626 | train_total=0.1572 | train_acc=0.9626 | val_loss=0.1077 | val_acc=0.9667 | test_acc=0.9618 | fro=1.0000 | nuc=5.3275
[Epoch 036] train_ce=0.1100 | train_nuc=5.2127 | train_total=0.1621 | train_acc=0.9611 | val_loss=0.1272 | val_acc=0.9510 | test_acc=0.9571 | fro=1.0000 | nuc=5.1714
[Epoch 037] train_ce=0.1100 | train_nuc=5.2289 | train_total=0.1622 | train_acc=0.9590 | val_loss=0.1469 | val_acc=0.9493 | test_acc=0.9522 | fro=1.0000 | nuc=5.1517
[Epoch 038] train_ce=0.1075 | train_nuc=5.1969 | train_total=0.1595 | train_acc=0.9613 | val_loss=0.1132 | val_acc=0.9617 | test_acc=0.9626 | fro=1.0000 | nuc=5.3008
[Epoch 039] train_ce=0.1038 | train_nuc=5.2513 | train_total=0.1563 | train_acc=0.9634 | val_loss=0.1366 | val_acc=0.9533 | test_acc=0.9512 | fro=1.0000 | nuc=5.2406
[Epoch 040] train_ce=0.1101 | train_nuc=5.2595 | train_total=0.1627 | train_acc=0.9621 | val_loss=0.1250 | val_acc=0.9510 | test_acc=0.9568 | fro=1.0000 | nuc=5.4092
[Epoch 041] train_ce=0.1105 | train_nuc=5.2395 | train_total=0.1628 | train_acc=0.9608 | val_loss=0.1086 | val_acc=0.9627 | test_acc=0.9640 | fro=1.0000 | nuc=5.2806
[Epoch 042] train_ce=0.1097 | train_nuc=5.2806 | train_total=0.1625 | train_acc=0.9608 | val_loss=0.1005 | val_acc=0.9663 | test_acc=0.9662 | fro=1.0000 | nuc=5.2053
[Epoch 043] train_ce=0.1021 | train_nuc=5.2426 | train_total=0.1545 | train_acc=0.9634 | val_loss=0.1005 | val_acc=0.9637 | test_acc=0.9642 | fro=1.0000 | nuc=5.2443
[Epoch 044] train_ce=0.0998 | train_nuc=5.1400 | train_total=0.1512 | train_acc=0.9644 | val_loss=0.1106 | val_acc=0.9633 | test_acc=0.9651 | fro=1.0000 | nuc=5.2247
[Epoch 045] train_ce=0.1007 | train_nuc=5.2074 | train_total=0.1528 | train_acc=0.9646 | val_loss=0.1045 | val_acc=0.9667 | test_acc=0.9658 | fro=1.0000 | nuc=5.1433
[Epoch 046] train_ce=0.1058 | train_nuc=5.2084 | train_total=0.1579 | train_acc=0.9624 | val_loss=0.1402 | val_acc=0.9490 | test_acc=0.9503 | fro=1.0000 | nuc=5.3211
[Epoch 047] train_ce=0.1041 | train_nuc=5.1944 | train_total=0.1560 | train_acc=0.9643 | val_loss=0.1000 | val_acc=0.9657 | test_acc=0.9647 | fro=1.0000 | nuc=5.1716
[Epoch 048] train_ce=0.1021 | train_nuc=5.1772 | train_total=0.1539 | train_acc=0.9642 | val_loss=0.1210 | val_acc=0.9570 | test_acc=0.9642 | fro=1.0000 | nuc=5.0433
[Epoch 049] train_ce=0.1021 | train_nuc=5.1323 | train_total=0.1535 | train_acc=0.9633 | val_loss=0.1039 | val_acc=0.9647 | test_acc=0.9679 | fro=1.0000 | nuc=5.2020
[Epoch 050] train_ce=0.0946 | train_nuc=5.2797 | train_total=0.1474 | train_acc=0.9656 | val_loss=0.0881 | val_acc=0.9670 | test_acc=0.9716 | fro=1.0000 | nuc=5.2779
[Epoch 051] train_ce=0.1005 | train_nuc=5.2225 | train_total=0.1527 | train_acc=0.9639 | val_loss=0.1133 | val_acc=0.9630 | test_acc=0.9631 | fro=1.0000 | nuc=5.2017
[Epoch 052] train_ce=0.1062 | train_nuc=5.0708 | train_total=0.1569 | train_acc=0.9611 | val_loss=0.1165 | val_acc=0.9603 | test_acc=0.9599 | fro=1.0000 | nuc=5.1926
[Epoch 053] train_ce=0.1028 | train_nuc=5.1190 | train_total=0.1540 | train_acc=0.9631 | val_loss=0.1030 | val_acc=0.9613 | test_acc=0.9640 | fro=1.0000 | nuc=5.1276
[Epoch 054] train_ce=0.0958 | train_nuc=5.1440 | train_total=0.1473 | train_acc=0.9664 | val_loss=0.1184 | val_acc=0.9593 | test_acc=0.9595 | fro=1.0000 | nuc=5.2309
[Epoch 055] train_ce=0.0997 | train_nuc=5.1413 | train_total=0.1511 | train_acc=0.9639 | val_loss=0.0949 | val_acc=0.9680 | test_acc=0.9686 | fro=1.0000 | nuc=5.1332
[Epoch 056] train_ce=0.0981 | train_nuc=5.1140 | train_total=0.1493 | train_acc=0.9657 | val_loss=0.0906 | val_acc=0.9697 | test_acc=0.9723 | fro=1.0000 | nuc=5.2621
[Epoch 057] train_ce=0.1033 | train_nuc=5.0656 | train_total=0.1539 | train_acc=0.9638 | val_loss=0.1062 | val_acc=0.9637 | test_acc=0.9627 | fro=1.0000 | nuc=5.1340
[Epoch 058] train_ce=0.0912 | train_nuc=5.1249 | train_total=0.1425 | train_acc=0.9676 | val_loss=0.1115 | val_acc=0.9593 | test_acc=0.9621 | fro=1.0000 | nuc=5.2009
[Epoch 059] train_ce=0.1027 | train_nuc=5.1417 | train_total=0.1541 | train_acc=0.9636 | val_loss=0.1088 | val_acc=0.9627 | test_acc=0.9657 | fro=1.0000 | nuc=5.1977
[Epoch 060] train_ce=0.1023 | train_nuc=5.1253 | train_total=0.1535 | train_acc=0.9637 | val_loss=0.0982 | val_acc=0.9643 | test_acc=0.9668 | fro=1.0000 | nuc=5.0482
Early stopping triggered at epoch 60. Best val_loss=0.088068 at epoch 50.
Done. alpha=0.01 | best_val_loss=0.088068 | best_epoch=50

================================================================================
Training alpha=0.05, seed=0
================================================================================
Using device: cuda
[Experiment] model_one_layer_FC_alpha_0p05
[Alpha] 0.05
[Run dir] outputs/compressibility_adv_robustness/model_one_layer_FC_alpha_0p05_seed_0
[Target Frobenius norm] 1.000000
[Early stopping patience] 10
[Epoch 001] train_ce=0.2594 | train_nuc=3.5847 | train_total=0.4387 | train_acc=0.8980 | val_loss=0.2417 | val_acc=0.9027 | test_acc=0.9054 | fro=1.0000 | nuc=2.9051
[Epoch 002] train_ce=0.2082 | train_nuc=3.0417 | train_total=0.3603 | train_acc=0.9216 | val_loss=0.2596 | val_acc=0.8953 | test_acc=0.8854 | fro=1.0000 | nuc=3.2172
[Epoch 003] train_ce=0.1939 | train_nuc=3.2626 | train_total=0.3571 | train_acc=0.9266 | val_loss=0.1817 | val_acc=0.9373 | test_acc=0.9302 | fro=1.0000 | nuc=3.3829
[Epoch 004] train_ce=0.1863 | train_nuc=3.4185 | train_total=0.3572 | train_acc=0.9306 | val_loss=0.1895 | val_acc=0.9323 | test_acc=0.9311 | fro=1.0000 | nuc=3.3755
[Epoch 005] train_ce=0.1767 | train_nuc=3.4099 | train_total=0.3472 | train_acc=0.9346 | val_loss=0.1570 | val_acc=0.9443 | test_acc=0.9430 | fro=1.0000 | nuc=3.4098
[Epoch 006] train_ce=0.1791 | train_nuc=3.4406 | train_total=0.3512 | train_acc=0.9329 | val_loss=0.1777 | val_acc=0.9353 | test_acc=0.9342 | fro=1.0000 | nuc=3.5112
[Epoch 007] train_ce=0.1755 | train_nuc=3.4759 | train_total=0.3493 | train_acc=0.9350 | val_loss=0.1804 | val_acc=0.9340 | test_acc=0.9327 | fro=1.0000 | nuc=3.5321
[Epoch 008] train_ce=0.1680 | train_nuc=3.4891 | train_total=0.3425 | train_acc=0.9385 | val_loss=0.1544 | val_acc=0.9470 | test_acc=0.9449 | fro=1.0000 | nuc=3.4954
[Epoch 009] train_ce=0.1638 | train_nuc=3.4659 | train_total=0.3371 | train_acc=0.9390 | val_loss=0.1730 | val_acc=0.9367 | test_acc=0.9409 | fro=1.0000 | nuc=3.5414
[Epoch 010] train_ce=0.1711 | train_nuc=3.5312 | train_total=0.3476 | train_acc=0.9359 | val_loss=0.1527 | val_acc=0.9443 | test_acc=0.9411 | fro=1.0000 | nuc=3.4899
[Epoch 011] train_ce=0.1656 | train_nuc=3.4880 | train_total=0.3400 | train_acc=0.9391 | val_loss=0.1533 | val_acc=0.9463 | test_acc=0.9492 | fro=1.0000 | nuc=3.5020
[Epoch 012] train_ce=0.1609 | train_nuc=3.4833 | train_total=0.3350 | train_acc=0.9415 | val_loss=0.1507 | val_acc=0.9457 | test_acc=0.9407 | fro=1.0000 | nuc=3.5414
[Epoch 013] train_ce=0.1584 | train_nuc=3.5277 | train_total=0.3348 | train_acc=0.9425 | val_loss=0.1402 | val_acc=0.9543 | test_acc=0.9471 | fro=1.0000 | nuc=3.5061
[Epoch 014] train_ce=0.1562 | train_nuc=3.5112 | train_total=0.3317 | train_acc=0.9433 | val_loss=0.1653 | val_acc=0.9380 | test_acc=0.9392 | fro=1.0000 | nuc=3.5095
[Epoch 015] train_ce=0.1549 | train_nuc=3.5290 | train_total=0.3314 | train_acc=0.9442 | val_loss=0.1536 | val_acc=0.9483 | test_acc=0.9392 | fro=1.0000 | nuc=3.4946
[Epoch 016] train_ce=0.1495 | train_nuc=3.5245 | train_total=0.3257 | train_acc=0.9462 | val_loss=0.1564 | val_acc=0.9440 | test_acc=0.9470 | fro=1.0000 | nuc=3.5815
[Epoch 017] train_ce=0.1472 | train_nuc=3.5756 | train_total=0.3260 | train_acc=0.9467 | val_loss=0.1376 | val_acc=0.9503 | test_acc=0.9438 | fro=1.0000 | nuc=3.5651
[Epoch 018] train_ce=0.1510 | train_nuc=3.5713 | train_total=0.3296 | train_acc=0.9445 | val_loss=0.1454 | val_acc=0.9443 | test_acc=0.9432 | fro=1.0000 | nuc=3.5697
[Epoch 019] train_ce=0.1451 | train_nuc=3.5761 | train_total=0.3239 | train_acc=0.9470 | val_loss=0.1431 | val_acc=0.9527 | test_acc=0.9505 | fro=1.0000 | nuc=3.6244
[Epoch 020] train_ce=0.1474 | train_nuc=3.5846 | train_total=0.3266 | train_acc=0.9462 | val_loss=0.1312 | val_acc=0.9550 | test_acc=0.9529 | fro=1.0000 | nuc=3.5556
[Epoch 021] train_ce=0.1431 | train_nuc=3.5630 | train_total=0.3213 | train_acc=0.9481 | val_loss=0.1304 | val_acc=0.9533 | test_acc=0.9541 | fro=1.0000 | nuc=3.5265
[Epoch 022] train_ce=0.1434 | train_nuc=3.5672 | train_total=0.3218 | train_acc=0.9480 | val_loss=0.1385 | val_acc=0.9510 | test_acc=0.9497 | fro=1.0000 | nuc=3.6048
[Epoch 023] train_ce=0.1425 | train_nuc=3.5779 | train_total=0.3214 | train_acc=0.9485 | val_loss=0.1321 | val_acc=0.9520 | test_acc=0.9528 | fro=1.0000 | nuc=3.5406
[Epoch 024] train_ce=0.1377 | train_nuc=3.5954 | train_total=0.3175 | train_acc=0.9507 | val_loss=0.1352 | val_acc=0.9547 | test_acc=0.9520 | fro=1.0000 | nuc=3.6238
[Epoch 025] train_ce=0.1371 | train_nuc=3.6382 | train_total=0.3191 | train_acc=0.9510 | val_loss=0.1141 | val_acc=0.9613 | test_acc=0.9561 | fro=1.0000 | nuc=3.6018
[Epoch 026] train_ce=0.1360 | train_nuc=3.6234 | train_total=0.3172 | train_acc=0.9507 | val_loss=0.1340 | val_acc=0.9493 | test_acc=0.9496 | fro=1.0000 | nuc=3.7478
[Epoch 027] train_ce=0.1367 | train_nuc=3.6539 | train_total=0.3194 | train_acc=0.9512 | val_loss=0.1284 | val_acc=0.9537 | test_acc=0.9541 | fro=1.0000 | nuc=3.6982
[Epoch 028] train_ce=0.1325 | train_nuc=3.6085 | train_total=0.3130 | train_acc=0.9519 | val_loss=0.1284 | val_acc=0.9570 | test_acc=0.9516 | fro=1.0000 | nuc=3.5816
[Epoch 029] train_ce=0.1315 | train_nuc=3.6191 | train_total=0.3124 | train_acc=0.9539 | val_loss=0.1312 | val_acc=0.9543 | test_acc=0.9494 | fro=1.0000 | nuc=3.6457
[Epoch 030] train_ce=0.1317 | train_nuc=3.5919 | train_total=0.3113 | train_acc=0.9534 | val_loss=0.1295 | val_acc=0.9537 | test_acc=0.9528 | fro=1.0000 | nuc=3.6375
[Epoch 031] train_ce=0.1304 | train_nuc=3.6151 | train_total=0.3112 | train_acc=0.9532 | val_loss=0.1163 | val_acc=0.9590 | test_acc=0.9561 | fro=1.0000 | nuc=3.6475
[Epoch 032] train_ce=0.1286 | train_nuc=3.6374 | train_total=0.3105 | train_acc=0.9540 | val_loss=0.1397 | val_acc=0.9457 | test_acc=0.9504 | fro=1.0000 | nuc=3.6094
[Epoch 033] train_ce=0.1297 | train_nuc=3.6390 | train_total=0.3117 | train_acc=0.9536 | val_loss=0.1179 | val_acc=0.9603 | test_acc=0.9520 | fro=1.0000 | nuc=3.6948
[Epoch 034] train_ce=0.1271 | train_nuc=3.6496 | train_total=0.3096 | train_acc=0.9544 | val_loss=0.1185 | val_acc=0.9610 | test_acc=0.9567 | fro=1.0000 | nuc=3.6068
[Epoch 035] train_ce=0.1248 | train_nuc=3.6004 | train_total=0.3048 | train_acc=0.9562 | val_loss=0.1232 | val_acc=0.9577 | test_acc=0.9558 | fro=1.0000 | nuc=3.6520
Early stopping triggered at epoch 35. Best val_loss=0.114082 at epoch 25.
Done. alpha=0.05 | best_val_loss=0.114082 | best_epoch=25

================================================================================
Training alpha=0.05, seed=1
================================================================================
Using device: cuda
[Experiment] model_one_layer_FC_alpha_0p05
[Alpha] 0.05
[Run dir] outputs/compressibility_adv_robustness/model_one_layer_FC_alpha_0p05_seed_1
[Target Frobenius norm] 1.000000
[Early stopping patience] 10
[Epoch 001] train_ce=0.2662 | train_nuc=3.5516 | train_total=0.4438 | train_acc=0.8966 | val_loss=0.2082 | val_acc=0.9230 | test_acc=0.9291 | fro=1.0000 | nuc=2.9078
[Epoch 002] train_ce=0.2129 | train_nuc=3.0038 | train_total=0.3631 | train_acc=0.9195 | val_loss=0.2256 | val_acc=0.9160 | test_acc=0.9211 | fro=1.0000 | nuc=3.1041
[Epoch 003] train_ce=0.1902 | train_nuc=3.1563 | train_total=0.3481 | train_acc=0.9291 | val_loss=0.2020 | val_acc=0.9240 | test_acc=0.9287 | fro=1.0000 | nuc=3.2569
[Epoch 004] train_ce=0.1841 | train_nuc=3.3313 | train_total=0.3507 | train_acc=0.9328 | val_loss=0.1847 | val_acc=0.9293 | test_acc=0.9377 | fro=1.0000 | nuc=3.3145
[Epoch 005] train_ce=0.1760 | train_nuc=3.3804 | train_total=0.3450 | train_acc=0.9351 | val_loss=0.1873 | val_acc=0.9273 | test_acc=0.9288 | fro=1.0000 | nuc=3.4142
[Epoch 006] train_ce=0.1729 | train_nuc=3.4643 | train_total=0.3462 | train_acc=0.9361 | val_loss=0.1782 | val_acc=0.9367 | test_acc=0.9353 | fro=1.0000 | nuc=3.4775
[Epoch 007] train_ce=0.1725 | train_nuc=3.4814 | train_total=0.3466 | train_acc=0.9363 | val_loss=0.1707 | val_acc=0.9427 | test_acc=0.9430 | fro=1.0000 | nuc=3.4437
[Epoch 008] train_ce=0.1716 | train_nuc=3.5045 | train_total=0.3468 | train_acc=0.9367 | val_loss=0.1588 | val_acc=0.9433 | test_acc=0.9395 | fro=1.0000 | nuc=3.4647
[Epoch 009] train_ce=0.1698 | train_nuc=3.4941 | train_total=0.3445 | train_acc=0.9371 | val_loss=0.1705 | val_acc=0.9420 | test_acc=0.9415 | fro=1.0000 | nuc=3.4456
[Epoch 010] train_ce=0.1617 | train_nuc=3.4920 | train_total=0.3363 | train_acc=0.9404 | val_loss=0.1774 | val_acc=0.9323 | test_acc=0.9375 | fro=1.0000 | nuc=3.6497
[Epoch 011] train_ce=0.1585 | train_nuc=3.5441 | train_total=0.3357 | train_acc=0.9421 | val_loss=0.1595 | val_acc=0.9430 | test_acc=0.9448 | fro=1.0000 | nuc=3.5704
[Epoch 012] train_ce=0.1552 | train_nuc=3.5685 | train_total=0.3336 | train_acc=0.9432 | val_loss=0.1816 | val_acc=0.9307 | test_acc=0.9323 | fro=1.0000 | nuc=3.5480
[Epoch 013] train_ce=0.1556 | train_nuc=3.5757 | train_total=0.3344 | train_acc=0.9432 | val_loss=0.1738 | val_acc=0.9420 | test_acc=0.9410 | fro=1.0000 | nuc=3.6729
[Epoch 014] train_ce=0.1511 | train_nuc=3.5848 | train_total=0.3303 | train_acc=0.9454 | val_loss=0.1639 | val_acc=0.9410 | test_acc=0.9419 | fro=1.0000 | nuc=3.5590
[Epoch 015] train_ce=0.1487 | train_nuc=3.5699 | train_total=0.3272 | train_acc=0.9466 | val_loss=0.1529 | val_acc=0.9397 | test_acc=0.9478 | fro=1.0000 | nuc=3.5288
[Epoch 016] train_ce=0.1451 | train_nuc=3.6211 | train_total=0.3261 | train_acc=0.9469 | val_loss=0.1482 | val_acc=0.9503 | test_acc=0.9546 | fro=1.0000 | nuc=3.6819
[Epoch 017] train_ce=0.1433 | train_nuc=3.6442 | train_total=0.3255 | train_acc=0.9492 | val_loss=0.1417 | val_acc=0.9510 | test_acc=0.9528 | fro=1.0000 | nuc=3.6274
[Epoch 018] train_ce=0.1451 | train_nuc=3.6631 | train_total=0.3283 | train_acc=0.9471 | val_loss=0.1640 | val_acc=0.9450 | test_acc=0.9466 | fro=1.0000 | nuc=3.6878
[Epoch 019] train_ce=0.1382 | train_nuc=3.6347 | train_total=0.3200 | train_acc=0.9505 | val_loss=0.1359 | val_acc=0.9520 | test_acc=0.9583 | fro=1.0000 | nuc=3.5703
[Epoch 020] train_ce=0.1361 | train_nuc=3.6477 | train_total=0.3185 | train_acc=0.9510 | val_loss=0.1349 | val_acc=0.9563 | test_acc=0.9542 | fro=1.0000 | nuc=3.6774
[Epoch 021] train_ce=0.1356 | train_nuc=3.6572 | train_total=0.3185 | train_acc=0.9507 | val_loss=0.1365 | val_acc=0.9527 | test_acc=0.9537 | fro=1.0000 | nuc=3.5926
[Epoch 022] train_ce=0.1338 | train_nuc=3.6326 | train_total=0.3154 | train_acc=0.9514 | val_loss=0.1639 | val_acc=0.9373 | test_acc=0.9425 | fro=1.0000 | nuc=3.6478
[Epoch 023] train_ce=0.1331 | train_nuc=3.6826 | train_total=0.3172 | train_acc=0.9528 | val_loss=0.1594 | val_acc=0.9467 | test_acc=0.9462 | fro=1.0000 | nuc=3.7208
[Epoch 024] train_ce=0.1326 | train_nuc=3.6830 | train_total=0.3168 | train_acc=0.9530 | val_loss=0.1537 | val_acc=0.9437 | test_acc=0.9493 | fro=1.0000 | nuc=3.5533
[Epoch 025] train_ce=0.1297 | train_nuc=3.6449 | train_total=0.3119 | train_acc=0.9535 | val_loss=0.1393 | val_acc=0.9523 | test_acc=0.9518 | fro=1.0000 | nuc=3.6039
[Epoch 026] train_ce=0.1338 | train_nuc=3.6107 | train_total=0.3144 | train_acc=0.9524 | val_loss=0.1434 | val_acc=0.9450 | test_acc=0.9521 | fro=1.0000 | nuc=3.6586
[Epoch 027] train_ce=0.1303 | train_nuc=3.6281 | train_total=0.3117 | train_acc=0.9533 | val_loss=0.1452 | val_acc=0.9507 | test_acc=0.9520 | fro=1.0000 | nuc=3.6941
[Epoch 028] train_ce=0.1305 | train_nuc=3.6372 | train_total=0.3124 | train_acc=0.9535 | val_loss=0.1328 | val_acc=0.9520 | test_acc=0.9549 | fro=1.0000 | nuc=3.6164
[Epoch 029] train_ce=0.1299 | train_nuc=3.6273 | train_total=0.3113 | train_acc=0.9531 | val_loss=0.1421 | val_acc=0.9470 | test_acc=0.9499 | fro=1.0000 | nuc=3.6509
[Epoch 030] train_ce=0.1307 | train_nuc=3.6272 | train_total=0.3121 | train_acc=0.9533 | val_loss=0.1533 | val_acc=0.9453 | test_acc=0.9501 | fro=1.0000 | nuc=3.5401
[Epoch 031] train_ce=0.1267 | train_nuc=3.5966 | train_total=0.3066 | train_acc=0.9546 | val_loss=0.1373 | val_acc=0.9533 | test_acc=0.9557 | fro=1.0000 | nuc=3.5395
[Epoch 032] train_ce=0.1264 | train_nuc=3.5975 | train_total=0.3062 | train_acc=0.9551 | val_loss=0.1800 | val_acc=0.9353 | test_acc=0.9415 | fro=1.0000 | nuc=3.6540
[Epoch 033] train_ce=0.1290 | train_nuc=3.5944 | train_total=0.3087 | train_acc=0.9546 | val_loss=0.1348 | val_acc=0.9553 | test_acc=0.9575 | fro=1.0000 | nuc=3.5413
[Epoch 034] train_ce=0.1283 | train_nuc=3.5852 | train_total=0.3076 | train_acc=0.9547 | val_loss=0.1345 | val_acc=0.9537 | test_acc=0.9552 | fro=1.0000 | nuc=3.5734
[Epoch 035] train_ce=0.1259 | train_nuc=3.6080 | train_total=0.3063 | train_acc=0.9550 | val_loss=0.1514 | val_acc=0.9440 | test_acc=0.9553 | fro=1.0000 | nuc=3.5079
[Epoch 036] train_ce=0.1284 | train_nuc=3.5909 | train_total=0.3080 | train_acc=0.9544 | val_loss=0.1359 | val_acc=0.9527 | test_acc=0.9547 | fro=1.0000 | nuc=3.6408
[Epoch 037] train_ce=0.1264 | train_nuc=3.5783 | train_total=0.3053 | train_acc=0.9548 | val_loss=0.1373 | val_acc=0.9547 | test_acc=0.9571 | fro=1.0000 | nuc=3.5958
[Epoch 038] train_ce=0.1277 | train_nuc=3.5947 | train_total=0.3074 | train_acc=0.9546 | val_loss=0.1400 | val_acc=0.9550 | test_acc=0.9536 | fro=1.0000 | nuc=3.6494
Early stopping triggered at epoch 38. Best val_loss=0.132775 at epoch 28.
Done. alpha=0.05 | best_val_loss=0.132775 | best_epoch=28

================================================================================
Training alpha=0.05, seed=2
================================================================================
Using device: cuda
[Experiment] model_one_layer_FC_alpha_0p05
[Alpha] 0.05
[Run dir] outputs/compressibility_adv_robustness/model_one_layer_FC_alpha_0p05_seed_2
[Target Frobenius norm] 1.000000
[Early stopping patience] 10
[Epoch 001] train_ce=0.2592 | train_nuc=3.5606 | train_total=0.4372 | train_acc=0.9006 | val_loss=0.1975 | val_acc=0.9283 | test_acc=0.9261 | fro=1.0000 | nuc=2.9604
[Epoch 002] train_ce=0.2041 | train_nuc=3.0920 | train_total=0.3587 | train_acc=0.9243 | val_loss=0.1845 | val_acc=0.9313 | test_acc=0.9289 | fro=1.0000 | nuc=3.1742
[Epoch 003] train_ce=0.1902 | train_nuc=3.2626 | train_total=0.3533 | train_acc=0.9287 | val_loss=0.1676 | val_acc=0.9400 | test_acc=0.9377 | fro=1.0000 | nuc=3.4051
[Epoch 004] train_ce=0.1852 | train_nuc=3.3540 | train_total=0.3529 | train_acc=0.9309 | val_loss=0.1739 | val_acc=0.9317 | test_acc=0.9301 | fro=1.0000 | nuc=3.3446
[Epoch 005] train_ce=0.1778 | train_nuc=3.3936 | train_total=0.3475 | train_acc=0.9344 | val_loss=0.1565 | val_acc=0.9437 | test_acc=0.9392 | fro=1.0000 | nuc=3.3491
[Epoch 006] train_ce=0.1730 | train_nuc=3.4188 | train_total=0.3440 | train_acc=0.9369 | val_loss=0.1941 | val_acc=0.9240 | test_acc=0.9246 | fro=1.0000 | nuc=3.4728
[Epoch 007] train_ce=0.1693 | train_nuc=3.4783 | train_total=0.3432 | train_acc=0.9373 | val_loss=0.1559 | val_acc=0.9427 | test_acc=0.9373 | fro=1.0000 | nuc=3.5021
[Epoch 008] train_ce=0.1741 | train_nuc=3.5223 | train_total=0.3502 | train_acc=0.9347 | val_loss=0.1915 | val_acc=0.9283 | test_acc=0.9259 | fro=1.0000 | nuc=3.5154
[Epoch 009] train_ce=0.1637 | train_nuc=3.5588 | train_total=0.3417 | train_acc=0.9402 | val_loss=0.1569 | val_acc=0.9393 | test_acc=0.9442 | fro=1.0000 | nuc=3.5302
[Epoch 010] train_ce=0.1600 | train_nuc=3.5875 | train_total=0.3394 | train_acc=0.9419 | val_loss=0.1425 | val_acc=0.9440 | test_acc=0.9480 | fro=1.0000 | nuc=3.6518
[Epoch 011] train_ce=0.1568 | train_nuc=3.6438 | train_total=0.3390 | train_acc=0.9424 | val_loss=0.1395 | val_acc=0.9473 | test_acc=0.9455 | fro=1.0000 | nuc=3.7000
[Epoch 012] train_ce=0.1523 | train_nuc=3.6361 | train_total=0.3341 | train_acc=0.9440 | val_loss=0.1350 | val_acc=0.9490 | test_acc=0.9479 | fro=1.0000 | nuc=3.6697
[Epoch 013] train_ce=0.1489 | train_nuc=3.6704 | train_total=0.3324 | train_acc=0.9449 | val_loss=0.1451 | val_acc=0.9453 | test_acc=0.9462 | fro=1.0000 | nuc=3.6243
[Epoch 014] train_ce=0.1487 | train_nuc=3.6766 | train_total=0.3325 | train_acc=0.9457 | val_loss=0.1581 | val_acc=0.9457 | test_acc=0.9426 | fro=1.0000 | nuc=3.6985
[Epoch 015] train_ce=0.1404 | train_nuc=3.6839 | train_total=0.3246 | train_acc=0.9497 | val_loss=0.1353 | val_acc=0.9490 | test_acc=0.9467 | fro=1.0000 | nuc=3.6651
[Epoch 016] train_ce=0.1446 | train_nuc=3.7366 | train_total=0.3314 | train_acc=0.9470 | val_loss=0.1582 | val_acc=0.9367 | test_acc=0.9357 | fro=1.0000 | nuc=3.7515
[Epoch 017] train_ce=0.1470 | train_nuc=3.7267 | train_total=0.3334 | train_acc=0.9461 | val_loss=0.1401 | val_acc=0.9463 | test_acc=0.9476 | fro=1.0000 | nuc=3.6898
[Epoch 018] train_ce=0.1415 | train_nuc=3.7518 | train_total=0.3291 | train_acc=0.9486 | val_loss=0.1684 | val_acc=0.9273 | test_acc=0.9305 | fro=1.0000 | nuc=3.7797
[Epoch 019] train_ce=0.1427 | train_nuc=3.7216 | train_total=0.3288 | train_acc=0.9489 | val_loss=0.1180 | val_acc=0.9540 | test_acc=0.9540 | fro=1.0000 | nuc=3.7190
[Epoch 020] train_ce=0.1409 | train_nuc=3.6885 | train_total=0.3253 | train_acc=0.9491 | val_loss=0.1182 | val_acc=0.9540 | test_acc=0.9548 | fro=1.0000 | nuc=3.6955
[Epoch 021] train_ce=0.1384 | train_nuc=3.7191 | train_total=0.3244 | train_acc=0.9514 | val_loss=0.1229 | val_acc=0.9560 | test_acc=0.9524 | fro=1.0000 | nuc=3.6877
[Epoch 022] train_ce=0.1323 | train_nuc=3.7252 | train_total=0.3186 | train_acc=0.9521 | val_loss=0.1529 | val_acc=0.9470 | test_acc=0.9410 | fro=1.0000 | nuc=3.7001
[Epoch 023] train_ce=0.1349 | train_nuc=3.7228 | train_total=0.3210 | train_acc=0.9518 | val_loss=0.1169 | val_acc=0.9543 | test_acc=0.9509 | fro=1.0000 | nuc=3.7476
[Epoch 024] train_ce=0.1341 | train_nuc=3.7383 | train_total=0.3210 | train_acc=0.9516 | val_loss=0.1270 | val_acc=0.9537 | test_acc=0.9516 | fro=1.0000 | nuc=3.8120
[Epoch 025] train_ce=0.1332 | train_nuc=3.7559 | train_total=0.3210 | train_acc=0.9523 | val_loss=0.1097 | val_acc=0.9620 | test_acc=0.9559 | fro=1.0000 | nuc=3.7364
[Epoch 026] train_ce=0.1318 | train_nuc=3.7241 | train_total=0.3180 | train_acc=0.9530 | val_loss=0.1141 | val_acc=0.9607 | test_acc=0.9540 | fro=1.0000 | nuc=3.7268
[Epoch 027] train_ce=0.1290 | train_nuc=3.7395 | train_total=0.3160 | train_acc=0.9542 | val_loss=0.1192 | val_acc=0.9547 | test_acc=0.9535 | fro=1.0000 | nuc=3.7054
[Epoch 028] train_ce=0.1288 | train_nuc=3.7169 | train_total=0.3147 | train_acc=0.9547 | val_loss=0.1159 | val_acc=0.9553 | test_acc=0.9523 | fro=1.0000 | nuc=3.6806
[Epoch 029] train_ce=0.1265 | train_nuc=3.6989 | train_total=0.3115 | train_acc=0.9555 | val_loss=0.1239 | val_acc=0.9560 | test_acc=0.9555 | fro=1.0000 | nuc=3.7158
[Epoch 030] train_ce=0.1320 | train_nuc=3.7241 | train_total=0.3182 | train_acc=0.9535 | val_loss=0.1065 | val_acc=0.9590 | test_acc=0.9587 | fro=1.0000 | nuc=3.7189
[Epoch 031] train_ce=0.1289 | train_nuc=3.7353 | train_total=0.3157 | train_acc=0.9536 | val_loss=0.1044 | val_acc=0.9620 | test_acc=0.9609 | fro=1.0000 | nuc=3.6917
[Epoch 032] train_ce=0.1237 | train_nuc=3.7086 | train_total=0.3091 | train_acc=0.9567 | val_loss=0.1061 | val_acc=0.9610 | test_acc=0.9601 | fro=1.0000 | nuc=3.7401
[Epoch 033] train_ce=0.1256 | train_nuc=3.7380 | train_total=0.3125 | train_acc=0.9553 | val_loss=0.1153 | val_acc=0.9580 | test_acc=0.9566 | fro=1.0000 | nuc=3.6765
[Epoch 034] train_ce=0.1226 | train_nuc=3.7062 | train_total=0.3079 | train_acc=0.9578 | val_loss=0.1097 | val_acc=0.9587 | test_acc=0.9542 | fro=1.0000 | nuc=3.7659
[Epoch 035] train_ce=0.1231 | train_nuc=3.7072 | train_total=0.3085 | train_acc=0.9562 | val_loss=0.1093 | val_acc=0.9583 | test_acc=0.9578 | fro=1.0000 | nuc=3.7434
[Epoch 036] train_ce=0.1251 | train_nuc=3.7087 | train_total=0.3105 | train_acc=0.9552 | val_loss=0.1120 | val_acc=0.9590 | test_acc=0.9537 | fro=1.0000 | nuc=3.6898
[Epoch 037] train_ce=0.1258 | train_nuc=3.7167 | train_total=0.3116 | train_acc=0.9558 | val_loss=0.1266 | val_acc=0.9537 | test_acc=0.9500 | fro=1.0000 | nuc=3.7289
[Epoch 038] train_ce=0.1240 | train_nuc=3.6973 | train_total=0.3089 | train_acc=0.9565 | val_loss=0.1054 | val_acc=0.9637 | test_acc=0.9581 | fro=1.0000 | nuc=3.7019
[Epoch 039] train_ce=0.1202 | train_nuc=3.6816 | train_total=0.3043 | train_acc=0.9573 | val_loss=0.1003 | val_acc=0.9617 | test_acc=0.9567 | fro=1.0000 | nuc=3.6428
[Epoch 040] train_ce=0.1197 | train_nuc=3.6809 | train_total=0.3037 | train_acc=0.9587 | val_loss=0.1004 | val_acc=0.9607 | test_acc=0.9582 | fro=1.0000 | nuc=3.6683
[Epoch 041] train_ce=0.1186 | train_nuc=3.6795 | train_total=0.3026 | train_acc=0.9583 | val_loss=0.1147 | val_acc=0.9563 | test_acc=0.9566 | fro=1.0000 | nuc=3.6720
[Epoch 042] train_ce=0.1208 | train_nuc=3.6568 | train_total=0.3037 | train_acc=0.9578 | val_loss=0.1155 | val_acc=0.9603 | test_acc=0.9550 | fro=1.0000 | nuc=3.6325
[Epoch 043] train_ce=0.1180 | train_nuc=3.6853 | train_total=0.3022 | train_acc=0.9583 | val_loss=0.1064 | val_acc=0.9617 | test_acc=0.9541 | fro=1.0000 | nuc=3.7050
[Epoch 044] train_ce=0.1203 | train_nuc=3.6924 | train_total=0.3050 | train_acc=0.9581 | val_loss=0.1058 | val_acc=0.9590 | test_acc=0.9589 | fro=1.0000 | nuc=3.6515
[Epoch 045] train_ce=0.1166 | train_nuc=3.6500 | train_total=0.2991 | train_acc=0.9588 | val_loss=0.1102 | val_acc=0.9610 | test_acc=0.9557 | fro=1.0000 | nuc=3.6832
[Epoch 046] train_ce=0.1159 | train_nuc=3.6391 | train_total=0.2978 | train_acc=0.9585 | val_loss=0.0993 | val_acc=0.9660 | test_acc=0.9601 | fro=1.0000 | nuc=3.6422
[Epoch 047] train_ce=0.1194 | train_nuc=3.6619 | train_total=0.3025 | train_acc=0.9573 | val_loss=0.1133 | val_acc=0.9617 | test_acc=0.9560 | fro=1.0000 | nuc=3.6557
[Epoch 048] train_ce=0.1137 | train_nuc=3.6458 | train_total=0.2960 | train_acc=0.9605 | val_loss=0.1150 | val_acc=0.9583 | test_acc=0.9514 | fro=1.0000 | nuc=3.6491
[Epoch 049] train_ce=0.1164 | train_nuc=3.6128 | train_total=0.2970 | train_acc=0.9582 | val_loss=0.1017 | val_acc=0.9637 | test_acc=0.9595 | fro=1.0000 | nuc=3.5772
[Epoch 050] train_ce=0.1160 | train_nuc=3.6180 | train_total=0.2969 | train_acc=0.9586 | val_loss=0.1035 | val_acc=0.9617 | test_acc=0.9602 | fro=1.0000 | nuc=3.6542
[Epoch 051] train_ce=0.1163 | train_nuc=3.6372 | train_total=0.2982 | train_acc=0.9586 | val_loss=0.1066 | val_acc=0.9633 | test_acc=0.9604 | fro=1.0000 | nuc=3.6497
[Epoch 052] train_ce=0.1153 | train_nuc=3.6298 | train_total=0.2968 | train_acc=0.9582 | val_loss=0.1042 | val_acc=0.9650 | test_acc=0.9600 | fro=1.0000 | nuc=3.5722
[Epoch 053] train_ce=0.1144 | train_nuc=3.5809 | train_total=0.2934 | train_acc=0.9600 | val_loss=0.1043 | val_acc=0.9630 | test_acc=0.9607 | fro=1.0000 | nuc=3.6673
[Epoch 054] train_ce=0.1168 | train_nuc=3.6396 | train_total=0.2988 | train_acc=0.9590 | val_loss=0.1126 | val_acc=0.9617 | test_acc=0.9564 | fro=1.0000 | nuc=3.5760
[Epoch 055] train_ce=0.1130 | train_nuc=3.5751 | train_total=0.2918 | train_acc=0.9591 | val_loss=0.1204 | val_acc=0.9557 | test_acc=0.9557 | fro=1.0000 | nuc=3.6752
[Epoch 056] train_ce=0.1120 | train_nuc=3.6080 | train_total=0.2924 | train_acc=0.9609 | val_loss=0.1080 | val_acc=0.9617 | test_acc=0.9597 | fro=1.0000 | nuc=3.6389
Early stopping triggered at epoch 56. Best val_loss=0.099258 at epoch 46.
Done. alpha=0.05 | best_val_loss=0.099258 | best_epoch=46

================================================================================
Training alpha=0.05, seed=3
================================================================================
Using device: cuda
[Experiment] model_one_layer_FC_alpha_0p05
[Alpha] 0.05
[Run dir] outputs/compressibility_adv_robustness/model_one_layer_FC_alpha_0p05_seed_3
[Target Frobenius norm] 1.000000
[Early stopping patience] 10
[Epoch 001] train_ce=0.2653 | train_nuc=3.5986 | train_total=0.4452 | train_acc=0.8958 | val_loss=0.2181 | val_acc=0.9153 | test_acc=0.9236 | fro=1.0000 | nuc=2.9460
[Epoch 002] train_ce=0.2085 | train_nuc=3.0363 | train_total=0.3603 | train_acc=0.9217 | val_loss=0.2018 | val_acc=0.9257 | test_acc=0.9282 | fro=1.0000 | nuc=3.1569
[Epoch 003] train_ce=0.1894 | train_nuc=3.2422 | train_total=0.3516 | train_acc=0.9295 | val_loss=0.1862 | val_acc=0.9307 | test_acc=0.9367 | fro=1.0000 | nuc=3.2546
[Epoch 004] train_ce=0.1799 | train_nuc=3.3192 | train_total=0.3459 | train_acc=0.9337 | val_loss=0.1883 | val_acc=0.9277 | test_acc=0.9336 | fro=1.0000 | nuc=3.3471
[Epoch 005] train_ce=0.1767 | train_nuc=3.3852 | train_total=0.3460 | train_acc=0.9354 | val_loss=0.2405 | val_acc=0.9103 | test_acc=0.9133 | fro=1.0000 | nuc=3.3913
[Epoch 006] train_ce=0.1798 | train_nuc=3.4510 | train_total=0.3524 | train_acc=0.9326 | val_loss=0.1799 | val_acc=0.9317 | test_acc=0.9376 | fro=1.0000 | nuc=3.5564
[Epoch 007] train_ce=0.1750 | train_nuc=3.4835 | train_total=0.3492 | train_acc=0.9339 | val_loss=0.1733 | val_acc=0.9363 | test_acc=0.9371 | fro=1.0000 | nuc=3.4428
[Epoch 008] train_ce=0.1756 | train_nuc=3.5192 | train_total=0.3516 | train_acc=0.9349 | val_loss=0.1774 | val_acc=0.9383 | test_acc=0.9388 | fro=1.0000 | nuc=3.5014
[Epoch 009] train_ce=0.1699 | train_nuc=3.4879 | train_total=0.3443 | train_acc=0.9368 | val_loss=0.1675 | val_acc=0.9350 | test_acc=0.9428 | fro=1.0000 | nuc=3.4867
[Epoch 010] train_ce=0.1631 | train_nuc=3.4924 | train_total=0.3377 | train_acc=0.9413 | val_loss=0.1709 | val_acc=0.9367 | test_acc=0.9370 | fro=1.0000 | nuc=3.5262
[Epoch 011] train_ce=0.1672 | train_nuc=3.5067 | train_total=0.3426 | train_acc=0.9377 | val_loss=0.1812 | val_acc=0.9337 | test_acc=0.9365 | fro=1.0000 | nuc=3.4857
[Epoch 012] train_ce=0.1587 | train_nuc=3.4965 | train_total=0.3335 | train_acc=0.9412 | val_loss=0.1842 | val_acc=0.9257 | test_acc=0.9397 | fro=1.0000 | nuc=3.4931
[Epoch 013] train_ce=0.1572 | train_nuc=3.5344 | train_total=0.3339 | train_acc=0.9421 | val_loss=0.1552 | val_acc=0.9450 | test_acc=0.9471 | fro=1.0000 | nuc=3.5138
[Epoch 014] train_ce=0.1511 | train_nuc=3.5632 | train_total=0.3293 | train_acc=0.9452 | val_loss=0.1666 | val_acc=0.9400 | test_acc=0.9426 | fro=1.0000 | nuc=3.5283
[Epoch 015] train_ce=0.1511 | train_nuc=3.5654 | train_total=0.3293 | train_acc=0.9453 | val_loss=0.1598 | val_acc=0.9423 | test_acc=0.9416 | fro=1.0000 | nuc=3.5723
[Epoch 016] train_ce=0.1503 | train_nuc=3.5797 | train_total=0.3293 | train_acc=0.9459 | val_loss=0.1492 | val_acc=0.9463 | test_acc=0.9507 | fro=1.0000 | nuc=3.5794
[Epoch 017] train_ce=0.1483 | train_nuc=3.5662 | train_total=0.3266 | train_acc=0.9459 | val_loss=0.1680 | val_acc=0.9373 | test_acc=0.9465 | fro=1.0000 | nuc=3.5852
[Epoch 018] train_ce=0.1457 | train_nuc=3.5883 | train_total=0.3251 | train_acc=0.9470 | val_loss=0.1640 | val_acc=0.9413 | test_acc=0.9432 | fro=1.0000 | nuc=3.5759
[Epoch 019] train_ce=0.1420 | train_nuc=3.6024 | train_total=0.3221 | train_acc=0.9488 | val_loss=0.1508 | val_acc=0.9480 | test_acc=0.9511 | fro=1.0000 | nuc=3.5656
[Epoch 020] train_ce=0.1445 | train_nuc=3.6556 | train_total=0.3272 | train_acc=0.9474 | val_loss=0.1412 | val_acc=0.9473 | test_acc=0.9537 | fro=1.0000 | nuc=3.6010
[Epoch 021] train_ce=0.1404 | train_nuc=3.6081 | train_total=0.3208 | train_acc=0.9497 | val_loss=0.1678 | val_acc=0.9360 | test_acc=0.9430 | fro=1.0000 | nuc=3.6145
[Epoch 022] train_ce=0.1389 | train_nuc=3.5886 | train_total=0.3183 | train_acc=0.9496 | val_loss=0.1423 | val_acc=0.9510 | test_acc=0.9543 | fro=1.0000 | nuc=3.5745
[Epoch 023] train_ce=0.1397 | train_nuc=3.5986 | train_total=0.3196 | train_acc=0.9496 | val_loss=0.1461 | val_acc=0.9480 | test_acc=0.9536 | fro=1.0000 | nuc=3.5905
[Epoch 024] train_ce=0.1342 | train_nuc=3.6245 | train_total=0.3154 | train_acc=0.9516 | val_loss=0.1431 | val_acc=0.9490 | test_acc=0.9503 | fro=1.0000 | nuc=3.6214
[Epoch 025] train_ce=0.1332 | train_nuc=3.6417 | train_total=0.3153 | train_acc=0.9521 | val_loss=0.1529 | val_acc=0.9457 | test_acc=0.9487 | fro=1.0000 | nuc=3.6762
[Epoch 026] train_ce=0.1342 | train_nuc=3.6494 | train_total=0.3167 | train_acc=0.9515 | val_loss=0.1453 | val_acc=0.9470 | test_acc=0.9524 | fro=1.0000 | nuc=3.6921
[Epoch 027] train_ce=0.1300 | train_nuc=3.6535 | train_total=0.3127 | train_acc=0.9542 | val_loss=0.1333 | val_acc=0.9543 | test_acc=0.9554 | fro=1.0000 | nuc=3.5896
[Epoch 028] train_ce=0.1357 | train_nuc=3.5928 | train_total=0.3154 | train_acc=0.9512 | val_loss=0.1495 | val_acc=0.9503 | test_acc=0.9522 | fro=1.0000 | nuc=3.5916
[Epoch 029] train_ce=0.1316 | train_nuc=3.6385 | train_total=0.3135 | train_acc=0.9540 | val_loss=0.1387 | val_acc=0.9537 | test_acc=0.9532 | fro=1.0000 | nuc=3.6228
[Epoch 030] train_ce=0.1301 | train_nuc=3.6426 | train_total=0.3123 | train_acc=0.9542 | val_loss=0.1380 | val_acc=0.9520 | test_acc=0.9541 | fro=1.0000 | nuc=3.6538
[Epoch 031] train_ce=0.1334 | train_nuc=3.6674 | train_total=0.3168 | train_acc=0.9526 | val_loss=0.1472 | val_acc=0.9487 | test_acc=0.9478 | fro=1.0000 | nuc=3.5959
[Epoch 032] train_ce=0.1312 | train_nuc=3.6270 | train_total=0.3126 | train_acc=0.9522 | val_loss=0.2007 | val_acc=0.9253 | test_acc=0.9303 | fro=1.0000 | nuc=3.6314
[Epoch 033] train_ce=0.1311 | train_nuc=3.6309 | train_total=0.3126 | train_acc=0.9530 | val_loss=0.1423 | val_acc=0.9503 | test_acc=0.9512 | fro=1.0000 | nuc=3.6170
[Epoch 034] train_ce=0.1313 | train_nuc=3.6131 | train_total=0.3119 | train_acc=0.9531 | val_loss=0.1380 | val_acc=0.9560 | test_acc=0.9592 | fro=1.0000 | nuc=3.6400
[Epoch 035] train_ce=0.1283 | train_nuc=3.6219 | train_total=0.3094 | train_acc=0.9540 | val_loss=0.1390 | val_acc=0.9467 | test_acc=0.9526 | fro=1.0000 | nuc=3.6397
[Epoch 036] train_ce=0.1241 | train_nuc=3.6114 | train_total=0.3046 | train_acc=0.9560 | val_loss=0.1398 | val_acc=0.9550 | test_acc=0.9561 | fro=1.0000 | nuc=3.5555
[Epoch 037] train_ce=0.1245 | train_nuc=3.5969 | train_total=0.3044 | train_acc=0.9551 | val_loss=0.1388 | val_acc=0.9520 | test_acc=0.9571 | fro=1.0000 | nuc=3.7140
Early stopping triggered at epoch 37. Best val_loss=0.133279 at epoch 27.
Done. alpha=0.05 | best_val_loss=0.133279 | best_epoch=27

================================================================================
Training alpha=0.05, seed=4
================================================================================
Using device: cuda
[Experiment] model_one_layer_FC_alpha_0p05
[Alpha] 0.05
[Run dir] outputs/compressibility_adv_robustness/model_one_layer_FC_alpha_0p05_seed_4
[Target Frobenius norm] 1.000000
[Early stopping patience] 10
[Epoch 001] train_ce=0.2626 | train_nuc=3.5674 | train_total=0.4410 | train_acc=0.8975 | val_loss=0.2216 | val_acc=0.9203 | test_acc=0.9213 | fro=1.0000 | nuc=2.9233
[Epoch 002] train_ce=0.2057 | train_nuc=2.9800 | train_total=0.3547 | train_acc=0.9237 | val_loss=0.1821 | val_acc=0.9390 | test_acc=0.9331 | fro=1.0000 | nuc=3.0693
[Epoch 003] train_ce=0.1860 | train_nuc=3.2213 | train_total=0.3471 | train_acc=0.9313 | val_loss=0.1979 | val_acc=0.9290 | test_acc=0.9304 | fro=1.0000 | nuc=3.2851
[Epoch 004] train_ce=0.1822 | train_nuc=3.3410 | train_total=0.3493 | train_acc=0.9314 | val_loss=0.1699 | val_acc=0.9407 | test_acc=0.9418 | fro=1.0000 | nuc=3.4331
[Epoch 005] train_ce=0.1871 | train_nuc=3.4360 | train_total=0.3589 | train_acc=0.9302 | val_loss=0.1911 | val_acc=0.9300 | test_acc=0.9329 | fro=1.0000 | nuc=3.4469
[Epoch 006] train_ce=0.1756 | train_nuc=3.4653 | train_total=0.3488 | train_acc=0.9352 | val_loss=0.1762 | val_acc=0.9363 | test_acc=0.9406 | fro=1.0000 | nuc=3.3803
[Epoch 007] train_ce=0.1695 | train_nuc=3.4655 | train_total=0.3428 | train_acc=0.9382 | val_loss=0.1580 | val_acc=0.9460 | test_acc=0.9430 | fro=1.0000 | nuc=3.4439
[Epoch 008] train_ce=0.1691 | train_nuc=3.5059 | train_total=0.3443 | train_acc=0.9374 | val_loss=0.1628 | val_acc=0.9403 | test_acc=0.9427 | fro=1.0000 | nuc=3.4898
[Epoch 009] train_ce=0.1664 | train_nuc=3.5148 | train_total=0.3421 | train_acc=0.9390 | val_loss=0.1683 | val_acc=0.9413 | test_acc=0.9396 | fro=1.0000 | nuc=3.6105
[Epoch 010] train_ce=0.1644 | train_nuc=3.5495 | train_total=0.3419 | train_acc=0.9399 | val_loss=0.1572 | val_acc=0.9433 | test_acc=0.9422 | fro=1.0000 | nuc=3.5889
[Epoch 011] train_ce=0.1636 | train_nuc=3.5692 | train_total=0.3421 | train_acc=0.9394 | val_loss=0.1514 | val_acc=0.9440 | test_acc=0.9525 | fro=1.0000 | nuc=3.4726
[Epoch 012] train_ce=0.1533 | train_nuc=3.5415 | train_total=0.3303 | train_acc=0.9447 | val_loss=0.1582 | val_acc=0.9480 | test_acc=0.9468 | fro=1.0000 | nuc=3.5676
[Epoch 013] train_ce=0.1580 | train_nuc=3.6013 | train_total=0.3380 | train_acc=0.9414 | val_loss=0.1458 | val_acc=0.9453 | test_acc=0.9459 | fro=1.0000 | nuc=3.5655
[Epoch 014] train_ce=0.1506 | train_nuc=3.5722 | train_total=0.3292 | train_acc=0.9459 | val_loss=0.1502 | val_acc=0.9440 | test_acc=0.9482 | fro=1.0000 | nuc=3.6504
[Epoch 015] train_ce=0.1502 | train_nuc=3.5849 | train_total=0.3294 | train_acc=0.9462 | val_loss=0.1507 | val_acc=0.9483 | test_acc=0.9490 | fro=1.0000 | nuc=3.5652
[Epoch 016] train_ce=0.1506 | train_nuc=3.5796 | train_total=0.3295 | train_acc=0.9453 | val_loss=0.1469 | val_acc=0.9487 | test_acc=0.9509 | fro=1.0000 | nuc=3.5936
[Epoch 017] train_ce=0.1420 | train_nuc=3.6033 | train_total=0.3222 | train_acc=0.9493 | val_loss=0.1504 | val_acc=0.9427 | test_acc=0.9470 | fro=1.0000 | nuc=3.6483
[Epoch 018] train_ce=0.1430 | train_nuc=3.6142 | train_total=0.3237 | train_acc=0.9483 | val_loss=0.1423 | val_acc=0.9537 | test_acc=0.9537 | fro=1.0000 | nuc=3.6258
[Epoch 019] train_ce=0.1423 | train_nuc=3.6082 | train_total=0.3227 | train_acc=0.9493 | val_loss=0.1514 | val_acc=0.9473 | test_acc=0.9477 | fro=1.0000 | nuc=3.6727
[Epoch 020] train_ce=0.1408 | train_nuc=3.6433 | train_total=0.3229 | train_acc=0.9489 | val_loss=0.1577 | val_acc=0.9450 | test_acc=0.9460 | fro=1.0000 | nuc=3.7027
[Epoch 021] train_ce=0.1399 | train_nuc=3.6388 | train_total=0.3219 | train_acc=0.9496 | val_loss=0.1482 | val_acc=0.9483 | test_acc=0.9496 | fro=1.0000 | nuc=3.6240
[Epoch 022] train_ce=0.1364 | train_nuc=3.6462 | train_total=0.3187 | train_acc=0.9510 | val_loss=0.1490 | val_acc=0.9483 | test_acc=0.9482 | fro=1.0000 | nuc=3.6867
[Epoch 023] train_ce=0.1374 | train_nuc=3.6418 | train_total=0.3195 | train_acc=0.9504 | val_loss=0.1312 | val_acc=0.9550 | test_acc=0.9526 | fro=1.0000 | nuc=3.6902
[Epoch 024] train_ce=0.1384 | train_nuc=3.6712 | train_total=0.3219 | train_acc=0.9505 | val_loss=0.1403 | val_acc=0.9497 | test_acc=0.9506 | fro=1.0000 | nuc=3.6328
[Epoch 025] train_ce=0.1330 | train_nuc=3.6390 | train_total=0.3150 | train_acc=0.9522 | val_loss=0.1410 | val_acc=0.9557 | test_acc=0.9526 | fro=1.0000 | nuc=3.5782
[Epoch 026] train_ce=0.1318 | train_nuc=3.6303 | train_total=0.3133 | train_acc=0.9531 | val_loss=0.1417 | val_acc=0.9483 | test_acc=0.9543 | fro=1.0000 | nuc=3.6400
[Epoch 027] train_ce=0.1324 | train_nuc=3.6230 | train_total=0.3136 | train_acc=0.9524 | val_loss=0.1326 | val_acc=0.9520 | test_acc=0.9589 | fro=1.0000 | nuc=3.6209
[Epoch 028] train_ce=0.1339 | train_nuc=3.6630 | train_total=0.3171 | train_acc=0.9532 | val_loss=0.1389 | val_acc=0.9537 | test_acc=0.9581 | fro=1.0000 | nuc=3.7143
[Epoch 029] train_ce=0.1279 | train_nuc=3.6491 | train_total=0.3104 | train_acc=0.9541 | val_loss=0.1332 | val_acc=0.9540 | test_acc=0.9568 | fro=1.0000 | nuc=3.6989
[Epoch 030] train_ce=0.1270 | train_nuc=3.6213 | train_total=0.3080 | train_acc=0.9546 | val_loss=0.1420 | val_acc=0.9530 | test_acc=0.9504 | fro=1.0000 | nuc=3.7087
[Epoch 031] train_ce=0.1275 | train_nuc=3.6825 | train_total=0.3116 | train_acc=0.9550 | val_loss=0.1229 | val_acc=0.9567 | test_acc=0.9589 | fro=1.0000 | nuc=3.6407
[Epoch 032] train_ce=0.1286 | train_nuc=3.6925 | train_total=0.3133 | train_acc=0.9539 | val_loss=0.1684 | val_acc=0.9393 | test_acc=0.9410 | fro=1.0000 | nuc=3.7249
[Epoch 033] train_ce=0.1268 | train_nuc=3.6746 | train_total=0.3105 | train_acc=0.9543 | val_loss=0.1463 | val_acc=0.9460 | test_acc=0.9538 | fro=1.0000 | nuc=3.6282
[Epoch 034] train_ce=0.1279 | train_nuc=3.6570 | train_total=0.3108 | train_acc=0.9543 | val_loss=0.1476 | val_acc=0.9477 | test_acc=0.9477 | fro=1.0000 | nuc=3.6391
[Epoch 035] train_ce=0.1263 | train_nuc=3.6339 | train_total=0.3080 | train_acc=0.9544 | val_loss=0.1410 | val_acc=0.9500 | test_acc=0.9545 | fro=1.0000 | nuc=3.6131
[Epoch 036] train_ce=0.1257 | train_nuc=3.6236 | train_total=0.3069 | train_acc=0.9554 | val_loss=0.1417 | val_acc=0.9500 | test_acc=0.9524 | fro=1.0000 | nuc=3.6706
[Epoch 037] train_ce=0.1242 | train_nuc=3.6223 | train_total=0.3053 | train_acc=0.9560 | val_loss=0.1379 | val_acc=0.9573 | test_acc=0.9551 | fro=1.0000 | nuc=3.6616
[Epoch 038] train_ce=0.1244 | train_nuc=3.6222 | train_total=0.3055 | train_acc=0.9562 | val_loss=0.1439 | val_acc=0.9483 | test_acc=0.9507 | fro=1.0000 | nuc=3.5936
[Epoch 039] train_ce=0.1245 | train_nuc=3.6109 | train_total=0.3050 | train_acc=0.9559 | val_loss=0.1361 | val_acc=0.9523 | test_acc=0.9523 | fro=1.0000 | nuc=3.6197
[Epoch 040] train_ce=0.1233 | train_nuc=3.6094 | train_total=0.3037 | train_acc=0.9558 | val_loss=0.1421 | val_acc=0.9473 | test_acc=0.9518 | fro=1.0000 | nuc=3.6634
[Epoch 041] train_ce=0.1230 | train_nuc=3.6215 | train_total=0.3041 | train_acc=0.9560 | val_loss=0.1377 | val_acc=0.9547 | test_acc=0.9549 | fro=1.0000 | nuc=3.6691
Early stopping triggered at epoch 41. Best val_loss=0.122881 at epoch 31.
Done. alpha=0.05 | best_val_loss=0.122881 | best_epoch=31
Saved figure to: outputs/compressibility_adv_robustness/figures_multi_seed/mnist_one_layer_top24_singular_values_mean_std.png
Saved raw results to: outputs/compressibility_adv_robustness/figures_multi_seed/singular_values_raw.json
Saved aggregated results to: outputs/compressibility_adv_robustness/figures_multi_seed/singular_values_aggregated.json

[alpha=0.0, seed=0] checkpoint=outputs/compressibility_adv_robustness/model_one_layer_FC_alpha_0_seed_0/checkpoints/best.pt
  ratio=0.9500 | test_loss=0.4852 | test_acc=0.7175
  ratio=0.9525 | test_loss=0.4952 | test_acc=0.7017
  ratio=0.9550 | test_loss=0.5149 | test_acc=0.6891
  ratio=0.9575 | test_loss=0.4973 | test_acc=0.6898
  ratio=0.9600 | test_loss=0.5173 | test_acc=0.6809
  ratio=0.9625 | test_loss=0.5287 | test_acc=0.6808
  ratio=0.9650 | test_loss=0.5592 | test_acc=0.6586
  ratio=0.9675 | test_loss=0.5624 | test_acc=0.6542
  ratio=0.9700 | test_loss=0.5494 | test_acc=0.6584
  ratio=0.9725 | test_loss=0.5593 | test_acc=0.6551
  ratio=0.9750 | test_loss=0.5594 | test_acc=0.6513
  ratio=0.9775 | test_loss=0.5623 | test_acc=0.6506
  ratio=0.9800 | test_loss=0.5881 | test_acc=0.5986
  ratio=0.9825 | test_loss=0.5993 | test_acc=0.5976
  ratio=0.9850 | test_loss=0.5567 | test_acc=0.5940
  ratio=0.9875 | test_loss=0.5611 | test_acc=0.5878
  ratio=0.9900 | test_loss=0.5827 | test_acc=0.5881

[alpha=0.0, seed=1] checkpoint=outputs/compressibility_adv_robustness/model_one_layer_FC_alpha_0_seed_1/checkpoints/best.pt
  ratio=0.9500 | test_loss=0.5307 | test_acc=0.6918
  ratio=0.9525 | test_loss=0.5333 | test_acc=0.6906
  ratio=0.9550 | test_loss=0.5358 | test_acc=0.6883
  ratio=0.9575 | test_loss=0.5371 | test_acc=0.6835
  ratio=0.9600 | test_loss=0.5545 | test_acc=0.6711
  ratio=0.9625 | test_loss=0.5804 | test_acc=0.6416
  ratio=0.9650 | test_loss=0.5694 | test_acc=0.6484
  ratio=0.9675 | test_loss=0.5688 | test_acc=0.6491
  ratio=0.9700 | test_loss=0.5696 | test_acc=0.6441
  ratio=0.9725 | test_loss=0.5931 | test_acc=0.6284
  ratio=0.9750 | test_loss=0.5899 | test_acc=0.6295
  ratio=0.9775 | test_loss=0.5877 | test_acc=0.6302
  ratio=0.9800 | test_loss=0.5676 | test_acc=0.6258
  ratio=0.9825 | test_loss=0.5755 | test_acc=0.6206
  ratio=0.9850 | test_loss=0.6062 | test_acc=0.5792
  ratio=0.9875 | test_loss=0.6292 | test_acc=0.5139
  ratio=0.9900 | test_loss=0.6405 | test_acc=0.5139

[alpha=0.0, seed=2] checkpoint=outputs/compressibility_adv_robustness/model_one_layer_FC_alpha_0_seed_2/checkpoints/best.pt
  ratio=0.9500 | test_loss=0.4031 | test_acc=0.7465
  ratio=0.9525 | test_loss=0.4118 | test_acc=0.7230
  ratio=0.9550 | test_loss=0.4197 | test_acc=0.7152
  ratio=0.9575 | test_loss=0.4513 | test_acc=0.6801
  ratio=0.9600 | test_loss=0.4503 | test_acc=0.6804
  ratio=0.9625 | test_loss=0.4634 | test_acc=0.6788
  ratio=0.9650 | test_loss=0.5103 | test_acc=0.6522
  ratio=0.9675 | test_loss=0.5224 | test_acc=0.6474
  ratio=0.9700 | test_loss=0.5475 | test_acc=0.6144
  ratio=0.9725 | test_loss=0.5737 | test_acc=0.5370
  ratio=0.9750 | test_loss=0.5873 | test_acc=0.5337
  ratio=0.9775 | test_loss=0.5868 | test_acc=0.5340
  ratio=0.9800 | test_loss=0.5891 | test_acc=0.5281
  ratio=0.9825 | test_loss=0.5940 | test_acc=0.5235
  ratio=0.9850 | test_loss=0.6183 | test_acc=0.5164
  ratio=0.9875 | test_loss=0.6093 | test_acc=0.5139
  ratio=0.9900 | test_loss=0.6329 | test_acc=0.5139

[alpha=0.0, seed=3] checkpoint=outputs/compressibility_adv_robustness/model_one_layer_FC_alpha_0_seed_3/checkpoints/best.pt
  ratio=0.9500 | test_loss=0.4901 | test_acc=0.6395
  ratio=0.9525 | test_loss=0.4915 | test_acc=0.6398
  ratio=0.9550 | test_loss=0.5190 | test_acc=0.6071
  ratio=0.9575 | test_loss=0.5286 | test_acc=0.5934
  ratio=0.9600 | test_loss=0.5265 | test_acc=0.5940
  ratio=0.9625 | test_loss=0.5328 | test_acc=0.5884
  ratio=0.9650 | test_loss=0.5322 | test_acc=0.5900
  ratio=0.9675 | test_loss=0.5746 | test_acc=0.5270
  ratio=0.9700 | test_loss=0.5821 | test_acc=0.5275
  ratio=0.9725 | test_loss=0.5842 | test_acc=0.5216
  ratio=0.9750 | test_loss=0.5944 | test_acc=0.5221
  ratio=0.9775 | test_loss=0.6000 | test_acc=0.5078
  ratio=0.9800 | test_loss=0.5989 | test_acc=0.5078
  ratio=0.9825 | test_loss=0.5986 | test_acc=0.5078
  ratio=0.9850 | test_loss=0.5961 | test_acc=0.5069
  ratio=0.9875 | test_loss=0.6197 | test_acc=0.4989
  ratio=0.9900 | test_loss=0.6676 | test_acc=0.4989

[alpha=0.0, seed=4] checkpoint=outputs/compressibility_adv_robustness/model_one_layer_FC_alpha_0_seed_4/checkpoints/best.pt
  ratio=0.9500 | test_loss=0.4507 | test_acc=0.7552
  ratio=0.9525 | test_loss=0.4782 | test_acc=0.7226
  ratio=0.9550 | test_loss=0.4903 | test_acc=0.7042
  ratio=0.9575 | test_loss=0.5008 | test_acc=0.6938
  ratio=0.9600 | test_loss=0.5406 | test_acc=0.6436
  ratio=0.9625 | test_loss=0.5605 | test_acc=0.6289
  ratio=0.9650 | test_loss=0.5674 | test_acc=0.6269
  ratio=0.9675 | test_loss=0.6015 | test_acc=0.6066
  ratio=0.9700 | test_loss=0.6125 | test_acc=0.6033
  ratio=0.9725 | test_loss=0.6303 | test_acc=0.5989
  ratio=0.9750 | test_loss=0.6355 | test_acc=0.5984
  ratio=0.9775 | test_loss=0.6305 | test_acc=0.5987
  ratio=0.9800 | test_loss=0.6331 | test_acc=0.5984
  ratio=0.9825 | test_loss=0.6498 | test_acc=0.5819
  ratio=0.9850 | test_loss=0.6368 | test_acc=0.5905
  ratio=0.9875 | test_loss=0.6773 | test_acc=0.5139
  ratio=0.9900 | test_loss=0.7063 | test_acc=0.5139

[alpha=0.005, seed=0] checkpoint=outputs/compressibility_adv_robustness/model_one_layer_FC_alpha_0p005_seed_0/checkpoints/best.pt
  ratio=0.9500 | test_loss=0.2895 | test_acc=0.8782
  ratio=0.9525 | test_loss=0.2873 | test_acc=0.8826
  ratio=0.9550 | test_loss=0.2967 | test_acc=0.8775
  ratio=0.9575 | test_loss=0.3192 | test_acc=0.8611
  ratio=0.9600 | test_loss=0.3183 | test_acc=0.8615
  ratio=0.9625 | test_loss=0.3263 | test_acc=0.8587
  ratio=0.9650 | test_loss=0.3605 | test_acc=0.8365
  ratio=0.9675 | test_loss=0.3601 | test_acc=0.8384
  ratio=0.9700 | test_loss=0.3796 | test_acc=0.8292
  ratio=0.9725 | test_loss=0.4046 | test_acc=0.7952
  ratio=0.9750 | test_loss=0.4741 | test_acc=0.6629
  ratio=0.9775 | test_loss=0.5072 | test_acc=0.6488
  ratio=0.9800 | test_loss=0.5192 | test_acc=0.6238
  ratio=0.9825 | test_loss=0.5687 | test_acc=0.5824
  ratio=0.9850 | test_loss=0.5641 | test_acc=0.5827
  ratio=0.9875 | test_loss=0.5735 | test_acc=0.5800
  ratio=0.9900 | test_loss=0.5903 | test_acc=0.5757

[alpha=0.005, seed=1] checkpoint=outputs/compressibility_adv_robustness/model_one_layer_FC_alpha_0p005_seed_1/checkpoints/best.pt
  ratio=0.9500 | test_loss=0.5007 | test_acc=0.6545
  ratio=0.9525 | test_loss=0.5076 | test_acc=0.6479
  ratio=0.9550 | test_loss=0.5296 | test_acc=0.6191
  ratio=0.9575 | test_loss=0.4941 | test_acc=0.6249
  ratio=0.9600 | test_loss=0.5018 | test_acc=0.6223
  ratio=0.9625 | test_loss=0.4938 | test_acc=0.6243
  ratio=0.9650 | test_loss=0.4938 | test_acc=0.6243
  ratio=0.9675 | test_loss=0.5064 | test_acc=0.6229
  ratio=0.9700 | test_loss=0.5036 | test_acc=0.6225
  ratio=0.9725 | test_loss=0.5130 | test_acc=0.6226
  ratio=0.9750 | test_loss=0.5334 | test_acc=0.6226
  ratio=0.9775 | test_loss=0.5430 | test_acc=0.6206
  ratio=0.9800 | test_loss=0.5587 | test_acc=0.6190
  ratio=0.9825 | test_loss=0.6039 | test_acc=0.5913
  ratio=0.9850 | test_loss=0.6044 | test_acc=0.5912
  ratio=0.9875 | test_loss=0.6191 | test_acc=0.5880
  ratio=0.9900 | test_loss=0.6596 | test_acc=0.5139

[alpha=0.005, seed=2] checkpoint=outputs/compressibility_adv_robustness/model_one_layer_FC_alpha_0p005_seed_2/checkpoints/best.pt
  ratio=0.9500 | test_loss=0.3655 | test_acc=0.8515
  ratio=0.9525 | test_loss=0.3667 | test_acc=0.8584
  ratio=0.9550 | test_loss=0.3687 | test_acc=0.8680
  ratio=0.9575 | test_loss=0.3619 | test_acc=0.8779
  ratio=0.9600 | test_loss=0.3635 | test_acc=0.8790
  ratio=0.9625 | test_loss=0.3698 | test_acc=0.8764
  ratio=0.9650 | test_loss=0.3888 | test_acc=0.8673
  ratio=0.9675 | test_loss=0.3909 | test_acc=0.8914
  ratio=0.9700 | test_loss=0.4156 | test_acc=0.8597
  ratio=0.9725 | test_loss=0.4330 | test_acc=0.8396
  ratio=0.9750 | test_loss=0.4631 | test_acc=0.8250
  ratio=0.9775 | test_loss=0.4631 | test_acc=0.8250
  ratio=0.9800 | test_loss=0.4721 | test_acc=0.8425
  ratio=0.9825 | test_loss=0.4872 | test_acc=0.8306
  ratio=0.9850 | test_loss=0.5086 | test_acc=0.7775
  ratio=0.9875 | test_loss=0.5232 | test_acc=0.7729
  ratio=0.9900 | test_loss=0.5549 | test_acc=0.7184

[alpha=0.005, seed=3] checkpoint=outputs/compressibility_adv_robustness/model_one_layer_FC_alpha_0p005_seed_3/checkpoints/best.pt
  ratio=0.9500 | test_loss=0.3445 | test_acc=0.8052
  ratio=0.9525 | test_loss=0.3445 | test_acc=0.8052
  ratio=0.9550 | test_loss=0.3638 | test_acc=0.8034
  ratio=0.9575 | test_loss=0.4219 | test_acc=0.6672
  ratio=0.9600 | test_loss=0.4527 | test_acc=0.6577
  ratio=0.9625 | test_loss=0.4527 | test_acc=0.6577
  ratio=0.9650 | test_loss=0.4799 | test_acc=0.6584
  ratio=0.9675 | test_loss=0.5042 | test_acc=0.6215
  ratio=0.9700 | test_loss=0.5440 | test_acc=0.6065
  ratio=0.9725 | test_loss=0.5659 | test_acc=0.6043
  ratio=0.9750 | test_loss=0.5907 | test_acc=0.6005
  ratio=0.9775 | test_loss=0.5907 | test_acc=0.6005
  ratio=0.9800 | test_loss=0.6185 | test_acc=0.5992
  ratio=0.9825 | test_loss=0.6494 | test_acc=0.5890
  ratio=0.9850 | test_loss=0.6494 | test_acc=0.5890
  ratio=0.9875 | test_loss=0.6912 | test_acc=0.5139
  ratio=0.9900 | test_loss=0.6912 | test_acc=0.5139

[alpha=0.005, seed=4] checkpoint=outputs/compressibility_adv_robustness/model_one_layer_FC_alpha_0p005_seed_4/checkpoints/best.pt
  ratio=0.9500 | test_loss=0.4469 | test_acc=0.7265
  ratio=0.9525 | test_loss=0.4506 | test_acc=0.7249
  ratio=0.9550 | test_loss=0.4770 | test_acc=0.6726
  ratio=0.9575 | test_loss=0.4725 | test_acc=0.6724
  ratio=0.9600 | test_loss=0.4866 | test_acc=0.6716
  ratio=0.9625 | test_loss=0.4866 | test_acc=0.6717
  ratio=0.9650 | test_loss=0.5100 | test_acc=0.6677
  ratio=0.9675 | test_loss=0.5100 | test_acc=0.6677
  ratio=0.9700 | test_loss=0.5250 | test_acc=0.6548
  ratio=0.9725 | test_loss=0.5722 | test_acc=0.6060
  ratio=0.9750 | test_loss=0.5753 | test_acc=0.6063
  ratio=0.9775 | test_loss=0.5687 | test_acc=0.6206
  ratio=0.9800 | test_loss=0.5687 | test_acc=0.6206
  ratio=0.9825 | test_loss=0.5742 | test_acc=0.6186
  ratio=0.9850 | test_loss=0.5938 | test_acc=0.6193
  ratio=0.9875 | test_loss=0.6295 | test_acc=0.5139
  ratio=0.9900 | test_loss=0.6696 | test_acc=0.5139

[alpha=0.01, seed=0] checkpoint=outputs/compressibility_adv_robustness/model_one_layer_FC_alpha_0p01_seed_0/checkpoints/best.pt
  ratio=0.9500 | test_loss=0.3302 | test_acc=0.8327
  ratio=0.9525 | test_loss=0.3648 | test_acc=0.8134
  ratio=0.9550 | test_loss=0.4030 | test_acc=0.7574
  ratio=0.9575 | test_loss=0.4740 | test_acc=0.6993
  ratio=0.9600 | test_loss=0.4617 | test_acc=0.7002
  ratio=0.9625 | test_loss=0.4674 | test_acc=0.6983
  ratio=0.9650 | test_loss=0.5026 | test_acc=0.6787
  ratio=0.9675 | test_loss=0.5250 | test_acc=0.6684
  ratio=0.9700 | test_loss=0.5272 | test_acc=0.6679
  ratio=0.9725 | test_loss=0.5313 | test_acc=0.6658
  ratio=0.9750 | test_loss=0.5575 | test_acc=0.6549
  ratio=0.9775 | test_loss=0.5285 | test_acc=0.6568
  ratio=0.9800 | test_loss=0.5620 | test_acc=0.6155
  ratio=0.9825 | test_loss=0.5483 | test_acc=0.6168
  ratio=0.9850 | test_loss=0.5629 | test_acc=0.6110
  ratio=0.9875 | test_loss=0.6122 | test_acc=0.5845
  ratio=0.9900 | test_loss=0.6756 | test_acc=0.5139

[alpha=0.01, seed=1] checkpoint=outputs/compressibility_adv_robustness/model_one_layer_FC_alpha_0p01_seed_1/checkpoints/best.pt
  ratio=0.9500 | test_loss=0.1644 | test_acc=0.9406
  ratio=0.9525 | test_loss=0.1653 | test_acc=0.9407
  ratio=0.9550 | test_loss=0.1709 | test_acc=0.9417
  ratio=0.9575 | test_loss=0.2256 | test_acc=0.9101
  ratio=0.9600 | test_loss=0.2314 | test_acc=0.9077
  ratio=0.9625 | test_loss=0.2477 | test_acc=0.9039
  ratio=0.9650 | test_loss=0.2589 | test_acc=0.9028
  ratio=0.9675 | test_loss=0.3112 | test_acc=0.8658
  ratio=0.9700 | test_loss=0.3925 | test_acc=0.8168
  ratio=0.9725 | test_loss=0.4101 | test_acc=0.8095
  ratio=0.9750 | test_loss=0.4413 | test_acc=0.7817
  ratio=0.9775 | test_loss=0.5021 | test_acc=0.6751
  ratio=0.9800 | test_loss=0.5171 | test_acc=0.6379
  ratio=0.9825 | test_loss=0.5462 | test_acc=0.6242
  ratio=0.9850 | test_loss=0.5623 | test_acc=0.6229
  ratio=0.9875 | test_loss=0.5784 | test_acc=0.6171
  ratio=0.9900 | test_loss=0.5945 | test_acc=0.5862

[alpha=0.01, seed=2] checkpoint=outputs/compressibility_adv_robustness/model_one_layer_FC_alpha_0p01_seed_2/checkpoints/best.pt
  ratio=0.9500 | test_loss=0.3463 | test_acc=0.8536
  ratio=0.9525 | test_loss=0.3610 | test_acc=0.8496
  ratio=0.9550 | test_loss=0.3763 | test_acc=0.8483
  ratio=0.9575 | test_loss=0.3501 | test_acc=0.8817
  ratio=0.9600 | test_loss=0.3504 | test_acc=0.8928
  ratio=0.9625 | test_loss=0.3542 | test_acc=0.8928
  ratio=0.9650 | test_loss=0.3726 | test_acc=0.8890
  ratio=0.9675 | test_loss=0.4042 | test_acc=0.8635
  ratio=0.9700 | test_loss=0.4551 | test_acc=0.7841
  ratio=0.9725 | test_loss=0.5069 | test_acc=0.7096
  ratio=0.9750 | test_loss=0.5437 | test_acc=0.6705
  ratio=0.9775 | test_loss=0.5689 | test_acc=0.6406
  ratio=0.9800 | test_loss=0.6274 | test_acc=0.5719
  ratio=0.9825 | test_loss=0.6667 | test_acc=0.5273
  ratio=0.9850 | test_loss=0.6669 | test_acc=0.5273
  ratio=0.9875 | test_loss=0.6149 | test_acc=0.5967
  ratio=0.9900 | test_loss=0.6211 | test_acc=0.5959

[alpha=0.01, seed=3] checkpoint=outputs/compressibility_adv_robustness/model_one_layer_FC_alpha_0p01_seed_3/checkpoints/best.pt
  ratio=0.9500 | test_loss=0.2599 | test_acc=0.8793
  ratio=0.9525 | test_loss=0.3301 | test_acc=0.8249
  ratio=0.9550 | test_loss=0.3339 | test_acc=0.8254
  ratio=0.9575 | test_loss=0.4567 | test_acc=0.6924
  ratio=0.9600 | test_loss=0.4496 | test_acc=0.6947
  ratio=0.9625 | test_loss=0.4475 | test_acc=0.6961
  ratio=0.9650 | test_loss=0.4473 | test_acc=0.6961
  ratio=0.9675 | test_loss=0.4069 | test_acc=0.7074
  ratio=0.9700 | test_loss=0.4116 | test_acc=0.7063
  ratio=0.9725 | test_loss=0.4876 | test_acc=0.6767
  ratio=0.9750 | test_loss=0.5188 | test_acc=0.6682
  ratio=0.9775 | test_loss=0.5188 | test_acc=0.6682
  ratio=0.9800 | test_loss=0.5241 | test_acc=0.6683
  ratio=0.9825 | test_loss=0.5321 | test_acc=0.6662
  ratio=0.9850 | test_loss=0.5418 | test_acc=0.6423
  ratio=0.9875 | test_loss=0.5488 | test_acc=0.6437
  ratio=0.9900 | test_loss=0.5754 | test_acc=0.6401

[alpha=0.01, seed=4] checkpoint=outputs/compressibility_adv_robustness/model_one_layer_FC_alpha_0p01_seed_4/checkpoints/best.pt
  ratio=0.9500 | test_loss=0.3463 | test_acc=0.8004
  ratio=0.9525 | test_loss=0.4194 | test_acc=0.7425
  ratio=0.9550 | test_loss=0.4236 | test_acc=0.7400
  ratio=0.9575 | test_loss=0.4323 | test_acc=0.7378
  ratio=0.9600 | test_loss=0.4493 | test_acc=0.7298
  ratio=0.9625 | test_loss=0.4749 | test_acc=0.7156
  ratio=0.9650 | test_loss=0.4690 | test_acc=0.7129
  ratio=0.9675 | test_loss=0.5189 | test_acc=0.6646
  ratio=0.9700 | test_loss=0.5856 | test_acc=0.6284
  ratio=0.9725 | test_loss=0.5986 | test_acc=0.6252
  ratio=0.9750 | test_loss=0.5986 | test_acc=0.6252
  ratio=0.9775 | test_loss=0.6296 | test_acc=0.5945
  ratio=0.9800 | test_loss=0.6573 | test_acc=0.5806
  ratio=0.9825 | test_loss=0.6752 | test_acc=0.5803
  ratio=0.9850 | test_loss=0.7391 | test_acc=0.5139
  ratio=0.9875 | test_loss=0.6801 | test_acc=0.5139
  ratio=0.9900 | test_loss=0.6998 | test_acc=0.5139

[alpha=0.05, seed=0] checkpoint=outputs/compressibility_adv_robustness/model_one_layer_FC_alpha_0p05_seed_0/checkpoints/best.pt
  ratio=0.9500 | test_loss=0.1722 | test_acc=0.9409
  ratio=0.9525 | test_loss=0.1801 | test_acc=0.9398
  ratio=0.9550 | test_loss=0.2036 | test_acc=0.9261
  ratio=0.9575 | test_loss=0.2097 | test_acc=0.9262
  ratio=0.9600 | test_loss=0.2180 | test_acc=0.9249
  ratio=0.9625 | test_loss=0.2273 | test_acc=0.9214
  ratio=0.9650 | test_loss=0.2871 | test_acc=0.8865
  ratio=0.9675 | test_loss=0.3300 | test_acc=0.8447
  ratio=0.9700 | test_loss=0.3662 | test_acc=0.8241
  ratio=0.9725 | test_loss=0.3639 | test_acc=0.8249
  ratio=0.9750 | test_loss=0.3835 | test_acc=0.8144
  ratio=0.9775 | test_loss=0.3666 | test_acc=0.8266
  ratio=0.9800 | test_loss=0.3606 | test_acc=0.8348
  ratio=0.9825 | test_loss=0.3627 | test_acc=0.8388
  ratio=0.9850 | test_loss=0.5204 | test_acc=0.6773
  ratio=0.9875 | test_loss=0.5191 | test_acc=0.6776
  ratio=0.9900 | test_loss=0.5502 | test_acc=0.6481

[alpha=0.05, seed=1] checkpoint=outputs/compressibility_adv_robustness/model_one_layer_FC_alpha_0p05_seed_1/checkpoints/best.pt
  ratio=0.9500 | test_loss=0.1483 | test_acc=0.9465
  ratio=0.9525 | test_loss=0.1738 | test_acc=0.9362
  ratio=0.9550 | test_loss=0.1846 | test_acc=0.9314
  ratio=0.9575 | test_loss=0.1776 | test_acc=0.9337
  ratio=0.9600 | test_loss=0.1797 | test_acc=0.9340
  ratio=0.9625 | test_loss=0.1812 | test_acc=0.9339
  ratio=0.9650 | test_loss=0.1982 | test_acc=0.9273
  ratio=0.9675 | test_loss=0.2335 | test_acc=0.9092
  ratio=0.9700 | test_loss=0.2405 | test_acc=0.9082
  ratio=0.9725 | test_loss=0.2233 | test_acc=0.9183
  ratio=0.9750 | test_loss=0.2460 | test_acc=0.9109
  ratio=0.9775 | test_loss=0.2339 | test_acc=0.9181
  ratio=0.9800 | test_loss=0.3076 | test_acc=0.8830
  ratio=0.9825 | test_loss=0.5505 | test_acc=0.7436
  ratio=0.9850 | test_loss=0.7866 | test_acc=0.5139
  ratio=0.9875 | test_loss=0.7450 | test_acc=0.5139
  ratio=0.9900 | test_loss=0.7407 | test_acc=0.5139

[alpha=0.05, seed=2] checkpoint=outputs/compressibility_adv_robustness/model_one_layer_FC_alpha_0p05_seed_2/checkpoints/best.pt
  ratio=0.9500 | test_loss=0.1141 | test_acc=0.9597
  ratio=0.9525 | test_loss=0.1141 | test_acc=0.9597
  ratio=0.9550 | test_loss=0.1141 | test_acc=0.9597
  ratio=0.9575 | test_loss=0.1145 | test_acc=0.9598
  ratio=0.9600 | test_loss=0.1176 | test_acc=0.9585
  ratio=0.9625 | test_loss=0.1211 | test_acc=0.9570
  ratio=0.9650 | test_loss=0.1257 | test_acc=0.9550
  ratio=0.9675 | test_loss=0.1247 | test_acc=0.9563
  ratio=0.9700 | test_loss=0.1256 | test_acc=0.9560
  ratio=0.9725 | test_loss=0.1338 | test_acc=0.9536
  ratio=0.9750 | test_loss=0.1391 | test_acc=0.9521
  ratio=0.9775 | test_loss=0.1425 | test_acc=0.9506
  ratio=0.9800 | test_loss=0.1505 | test_acc=0.9481
  ratio=0.9825 | test_loss=0.1637 | test_acc=0.9452
  ratio=0.9850 | test_loss=0.2815 | test_acc=0.8802
  ratio=0.9875 | test_loss=0.3745 | test_acc=0.8376
  ratio=0.9900 | test_loss=0.4379 | test_acc=0.7934

[alpha=0.05, seed=3] checkpoint=outputs/compressibility_adv_robustness/model_one_layer_FC_alpha_0p05_seed_3/checkpoints/best.pt
  ratio=0.9500 | test_loss=0.1528 | test_acc=0.9475
  ratio=0.9525 | test_loss=0.1555 | test_acc=0.9465
  ratio=0.9550 | test_loss=0.1650 | test_acc=0.9430
  ratio=0.9575 | test_loss=0.1875 | test_acc=0.9288
  ratio=0.9600 | test_loss=0.1878 | test_acc=0.9288
  ratio=0.9625 | test_loss=0.2494 | test_acc=0.9093
  ratio=0.9650 | test_loss=0.2740 | test_acc=0.8983
  ratio=0.9675 | test_loss=0.2579 | test_acc=0.9052
  ratio=0.9700 | test_loss=0.3474 | test_acc=0.8514
  ratio=0.9725 | test_loss=0.4697 | test_acc=0.7270
  ratio=0.9750 | test_loss=0.4535 | test_acc=0.7294
  ratio=0.9775 | test_loss=0.5002 | test_acc=0.7088
  ratio=0.9800 | test_loss=0.4512 | test_acc=0.7261
  ratio=0.9825 | test_loss=0.4820 | test_acc=0.6877
  ratio=0.9850 | test_loss=0.4598 | test_acc=0.6940
  ratio=0.9875 | test_loss=0.5707 | test_acc=0.6131
  ratio=0.9900 | test_loss=0.5756 | test_acc=0.5955

[alpha=0.05, seed=4] checkpoint=outputs/compressibility_adv_robustness/model_one_layer_FC_alpha_0p05_seed_4/checkpoints/best.pt
  ratio=0.9500 | test_loss=0.1958 | test_acc=0.9272
  ratio=0.9525 | test_loss=0.1961 | test_acc=0.9275
  ratio=0.9550 | test_loss=0.2223 | test_acc=0.9150
  ratio=0.9575 | test_loss=0.3035 | test_acc=0.8712
  ratio=0.9600 | test_loss=0.3025 | test_acc=0.8719
  ratio=0.9625 | test_loss=0.3085 | test_acc=0.8699
  ratio=0.9650 | test_loss=0.3091 | test_acc=0.8700
  ratio=0.9675 | test_loss=0.3163 | test_acc=0.8687
  ratio=0.9700 | test_loss=0.3111 | test_acc=0.8694
  ratio=0.9725 | test_loss=0.3099 | test_acc=0.8735
  ratio=0.9750 | test_loss=0.3278 | test_acc=0.8716
  ratio=0.9775 | test_loss=0.4463 | test_acc=0.7865
  ratio=0.9800 | test_loss=0.4227 | test_acc=0.7989
  ratio=0.9825 | test_loss=0.4076 | test_acc=0.8101
  ratio=0.9850 | test_loss=0.3900 | test_acc=0.8175
  ratio=0.9875 | test_loss=0.5336 | test_acc=0.6623
  ratio=0.9900 | test_loss=0.6018 | test_acc=0.5989

Saved raw results to: outputs/compressibility_adv_robustness/neuron_pruning_multi_seed/mnist_one_layer_neuron_pruning_raw.json
Saved aggregated results to: outputs/compressibility_adv_robustness/neuron_pruning_multi_seed/mnist_one_layer_neuron_pruning_aggregated.json
Saved figure to: outputs/compressibility_adv_robustness/neuron_pruning_multi_seed/mnist_one_layer_neuron_pruning_accuracy_mean_std.png
Alphas: [0.0001, 0.00017716005396691217, 0.000313856847215592, 0.0005560289599059919, 0.0009850612054411157, 0.0017451349631665944, 0.0030916820425413915, 0.005477225575051662, 0.00970345578465104, 0.017190647504743226, 0.030454960396664742, 0.05395402427433299, 0.09558497852172912, 0.16933839953335672, 0.3]
Seeds: [0, 1, 2, 3, 4]

================================================================================
Training alpha=0.00010000, seed=0
================================================================================
Using device: cuda
[Experiment] model_one_layer_FC_alpha_0p0001
[Alpha] 0.0001
[Run dir] outputs/compressibility_adv_robustness/model_one_layer_FC_alpha_0p0001_seed_0
[Target Frobenius norm] 1.000000
[Early stopping patience] 10
[Epoch 001] train_ce=0.2739 | train_nuc=5.1496 | train_total=0.2744 | train_acc=0.8949 | val_loss=0.2102 | val_acc=0.9320 | test_acc=0.9247 | fro=1.0000 | nuc=5.2143
[Epoch 002] train_ce=0.1974 | train_nuc=5.6374 | train_total=0.1980 | train_acc=0.9279 | val_loss=0.1837 | val_acc=0.9443 | test_acc=0.9401 | fro=1.0000 | nuc=6.0817
[Epoch 003] train_ce=0.1784 | train_nuc=6.3016 | train_total=0.1790 | train_acc=0.9363 | val_loss=0.1505 | val_acc=0.9497 | test_acc=0.9446 | fro=1.0000 | nuc=6.4489
[Epoch 004] train_ce=0.1648 | train_nuc=6.6868 | train_total=0.1655 | train_acc=0.9414 | val_loss=0.1677 | val_acc=0.9410 | test_acc=0.9392 | fro=1.0000 | nuc=6.7530
[Epoch 005] train_ce=0.1631 | train_nuc=6.8646 | train_total=0.1638 | train_acc=0.9417 | val_loss=0.1350 | val_acc=0.9560 | test_acc=0.9528 | fro=1.0000 | nuc=7.1147
[Epoch 006] train_ce=0.1591 | train_nuc=7.0728 | train_total=0.1598 | train_acc=0.9417 | val_loss=0.1311 | val_acc=0.9533 | test_acc=0.9544 | fro=1.0000 | nuc=7.1072
[Epoch 007] train_ce=0.1581 | train_nuc=7.1739 | train_total=0.1588 | train_acc=0.9418 | val_loss=0.1504 | val_acc=0.9453 | test_acc=0.9475 | fro=1.0000 | nuc=7.1042
[Epoch 008] train_ce=0.1538 | train_nuc=7.2401 | train_total=0.1545 | train_acc=0.9449 | val_loss=0.1647 | val_acc=0.9430 | test_acc=0.9313 | fro=1.0000 | nuc=7.0764
[Epoch 009] train_ce=0.1540 | train_nuc=7.2101 | train_total=0.1547 | train_acc=0.9440 | val_loss=0.1223 | val_acc=0.9610 | test_acc=0.9536 | fro=1.0000 | nuc=7.1164
[Epoch 010] train_ce=0.1588 | train_nuc=7.0261 | train_total=0.1595 | train_acc=0.9410 | val_loss=0.1625 | val_acc=0.9377 | test_acc=0.9319 | fro=1.0000 | nuc=7.0852
[Epoch 011] train_ce=0.1556 | train_nuc=7.0457 | train_total=0.1563 | train_acc=0.9421 | val_loss=0.1518 | val_acc=0.9470 | test_acc=0.9394 | fro=1.0000 | nuc=7.0433
[Epoch 012] train_ce=0.1602 | train_nuc=7.0154 | train_total=0.1609 | train_acc=0.9409 | val_loss=0.1812 | val_acc=0.9317 | test_acc=0.9299 | fro=1.0000 | nuc=6.7458
[Epoch 013] train_ce=0.1535 | train_nuc=6.9144 | train_total=0.1542 | train_acc=0.9442 | val_loss=0.1565 | val_acc=0.9453 | test_acc=0.9425 | fro=1.0000 | nuc=6.9382
[Epoch 014] train_ce=0.1461 | train_nuc=7.0471 | train_total=0.1468 | train_acc=0.9465 | val_loss=0.1217 | val_acc=0.9550 | test_acc=0.9557 | fro=1.0000 | nuc=7.1321
[Epoch 015] train_ce=0.1495 | train_nuc=7.1296 | train_total=0.1502 | train_acc=0.9444 | val_loss=0.1226 | val_acc=0.9600 | test_acc=0.9566 | fro=1.0000 | nuc=7.2888
[Epoch 016] train_ce=0.1519 | train_nuc=7.0597 | train_total=0.1526 | train_acc=0.9439 | val_loss=0.1197 | val_acc=0.9593 | test_acc=0.9585 | fro=1.0000 | nuc=7.0979
[Epoch 017] train_ce=0.1438 | train_nuc=7.0904 | train_total=0.1445 | train_acc=0.9486 | val_loss=0.1361 | val_acc=0.9530 | test_acc=0.9464 | fro=1.0000 | nuc=7.1603
[Epoch 018] train_ce=0.1473 | train_nuc=6.9187 | train_total=0.1480 | train_acc=0.9464 | val_loss=0.1408 | val_acc=0.9457 | test_acc=0.9437 | fro=1.0000 | nuc=6.9331
[Epoch 019] train_ce=0.1428 | train_nuc=7.0057 | train_total=0.1435 | train_acc=0.9471 | val_loss=0.1233 | val_acc=0.9560 | test_acc=0.9570 | fro=1.0000 | nuc=7.1013
[Epoch 020] train_ce=0.1546 | train_nuc=6.7913 | train_total=0.1552 | train_acc=0.9433 | val_loss=0.1234 | val_acc=0.9547 | test_acc=0.9558 | fro=1.0000 | nuc=6.8470
[Epoch 021] train_ce=0.1545 | train_nuc=6.7729 | train_total=0.1552 | train_acc=0.9428 | val_loss=0.1708 | val_acc=0.9317 | test_acc=0.9347 | fro=1.0000 | nuc=7.0271
[Epoch 022] train_ce=0.1489 | train_nuc=6.8800 | train_total=0.1496 | train_acc=0.9464 | val_loss=0.1371 | val_acc=0.9553 | test_acc=0.9429 | fro=1.0000 | nuc=6.8719
[Epoch 023] train_ce=0.1437 | train_nuc=6.9528 | train_total=0.1444 | train_acc=0.9474 | val_loss=0.1435 | val_acc=0.9493 | test_acc=0.9496 | fro=1.0000 | nuc=6.9326
[Epoch 024] train_ce=0.1439 | train_nuc=6.9995 | train_total=0.1446 | train_acc=0.9468 | val_loss=0.1421 | val_acc=0.9500 | test_acc=0.9461 | fro=1.0000 | nuc=7.1389
[Epoch 025] train_ce=0.1538 | train_nuc=6.8947 | train_total=0.1545 | train_acc=0.9423 | val_loss=0.1310 | val_acc=0.9607 | test_acc=0.9510 | fro=1.0000 | nuc=6.5707
[Epoch 026] train_ce=0.1392 | train_nuc=7.0626 | train_total=0.1399 | train_acc=0.9497 | val_loss=0.1274 | val_acc=0.9613 | test_acc=0.9574 | fro=1.0000 | nuc=7.1035
Early stopping triggered at epoch 26. Best val_loss=0.119710 at epoch 16.
Done. alpha=0.0001 | best_val_loss=0.119710 | best_epoch=16

================================================================================
Training alpha=0.00010000, seed=1
================================================================================
Using device: cuda
[Experiment] model_one_layer_FC_alpha_0p0001
[Alpha] 0.0001
[Run dir] outputs/compressibility_adv_robustness/model_one_layer_FC_alpha_0p0001_seed_1
[Target Frobenius norm] 1.000000
[Early stopping patience] 10
[Epoch 001] train_ce=0.2739 | train_nuc=5.0685 | train_total=0.2744 | train_acc=0.8949 | val_loss=0.1989 | val_acc=0.9300 | test_acc=0.9365 | fro=1.0000 | nuc=5.1302
[Epoch 002] train_ce=0.1945 | train_nuc=5.5768 | train_total=0.1950 | train_acc=0.9307 | val_loss=0.1918 | val_acc=0.9310 | test_acc=0.9353 | fro=1.0000 | nuc=5.9007
[Epoch 003] train_ce=0.1715 | train_nuc=6.1653 | train_total=0.1721 | train_acc=0.9394 | val_loss=0.1733 | val_acc=0.9357 | test_acc=0.9409 | fro=1.0000 | nuc=6.4095
[Epoch 004] train_ce=0.1680 | train_nuc=6.5554 | train_total=0.1687 | train_acc=0.9390 | val_loss=0.1807 | val_acc=0.9303 | test_acc=0.9314 | fro=1.0000 | nuc=6.6859
[Epoch 005] train_ce=0.1617 | train_nuc=6.8376 | train_total=0.1623 | train_acc=0.9414 | val_loss=0.1466 | val_acc=0.9473 | test_acc=0.9508 | fro=1.0000 | nuc=7.0635
[Epoch 006] train_ce=0.1579 | train_nuc=7.0534 | train_total=0.1586 | train_acc=0.9423 | val_loss=0.1657 | val_acc=0.9450 | test_acc=0.9481 | fro=1.0000 | nuc=7.2071
[Epoch 007] train_ce=0.1620 | train_nuc=7.0524 | train_total=0.1627 | train_acc=0.9396 | val_loss=0.1593 | val_acc=0.9490 | test_acc=0.9523 | fro=1.0000 | nuc=6.9764
[Epoch 008] train_ce=0.1536 | train_nuc=7.0647 | train_total=0.1544 | train_acc=0.9446 | val_loss=0.1826 | val_acc=0.9277 | test_acc=0.9315 | fro=1.0000 | nuc=7.0960
[Epoch 009] train_ce=0.1483 | train_nuc=7.1764 | train_total=0.1490 | train_acc=0.9468 | val_loss=0.1503 | val_acc=0.9483 | test_acc=0.9509 | fro=1.0000 | nuc=7.3046
[Epoch 010] train_ce=0.1468 | train_nuc=7.2907 | train_total=0.1475 | train_acc=0.9467 | val_loss=0.1620 | val_acc=0.9420 | test_acc=0.9426 | fro=1.0000 | nuc=7.0346
[Epoch 011] train_ce=0.1458 | train_nuc=7.2317 | train_total=0.1466 | train_acc=0.9469 | val_loss=0.1596 | val_acc=0.9410 | test_acc=0.9431 | fro=1.0000 | nuc=7.2014
[Epoch 012] train_ce=0.1525 | train_nuc=7.1189 | train_total=0.1533 | train_acc=0.9446 | val_loss=0.1398 | val_acc=0.9517 | test_acc=0.9538 | fro=1.0000 | nuc=6.9958
[Epoch 013] train_ce=0.1449 | train_nuc=7.1391 | train_total=0.1456 | train_acc=0.9474 | val_loss=0.1425 | val_acc=0.9483 | test_acc=0.9514 | fro=1.0000 | nuc=6.9730
[Epoch 014] train_ce=0.1503 | train_nuc=7.0552 | train_total=0.1510 | train_acc=0.9453 | val_loss=0.1320 | val_acc=0.9503 | test_acc=0.9563 | fro=1.0000 | nuc=7.1637
[Epoch 015] train_ce=0.1447 | train_nuc=7.0171 | train_total=0.1454 | train_acc=0.9468 | val_loss=0.1663 | val_acc=0.9420 | test_acc=0.9470 | fro=1.0000 | nuc=6.9049
[Epoch 016] train_ce=0.1410 | train_nuc=7.0272 | train_total=0.1417 | train_acc=0.9495 | val_loss=0.1489 | val_acc=0.9463 | test_acc=0.9501 | fro=1.0000 | nuc=7.0883
[Epoch 017] train_ce=0.1470 | train_nuc=7.0014 | train_total=0.1477 | train_acc=0.9463 | val_loss=0.1329 | val_acc=0.9497 | test_acc=0.9559 | fro=1.0000 | nuc=7.0499
[Epoch 018] train_ce=0.1508 | train_nuc=6.9279 | train_total=0.1515 | train_acc=0.9445 | val_loss=0.1385 | val_acc=0.9520 | test_acc=0.9559 | fro=1.0000 | nuc=7.0964
[Epoch 019] train_ce=0.1403 | train_nuc=7.0101 | train_total=0.1410 | train_acc=0.9492 | val_loss=0.1609 | val_acc=0.9387 | test_acc=0.9482 | fro=1.0000 | nuc=6.9067
[Epoch 020] train_ce=0.1419 | train_nuc=7.0145 | train_total=0.1426 | train_acc=0.9483 | val_loss=0.1592 | val_acc=0.9377 | test_acc=0.9503 | fro=1.0000 | nuc=6.7733
[Epoch 021] train_ce=0.1464 | train_nuc=6.9063 | train_total=0.1471 | train_acc=0.9459 | val_loss=0.1392 | val_acc=0.9483 | test_acc=0.9546 | fro=1.0000 | nuc=7.1107
[Epoch 022] train_ce=0.1377 | train_nuc=6.9821 | train_total=0.1384 | train_acc=0.9500 | val_loss=0.2008 | val_acc=0.9207 | test_acc=0.9288 | fro=1.0000 | nuc=6.8687
[Epoch 023] train_ce=0.1526 | train_nuc=6.7007 | train_total=0.1533 | train_acc=0.9436 | val_loss=0.1600 | val_acc=0.9387 | test_acc=0.9439 | fro=1.0000 | nuc=6.7514
[Epoch 024] train_ce=0.1448 | train_nuc=6.8536 | train_total=0.1455 | train_acc=0.9468 | val_loss=0.1316 | val_acc=0.9507 | test_acc=0.9554 | fro=1.0000 | nuc=7.1314
[Epoch 025] train_ce=0.1384 | train_nuc=7.0861 | train_total=0.1392 | train_acc=0.9489 | val_loss=0.1392 | val_acc=0.9533 | test_acc=0.9529 | fro=1.0000 | nuc=7.0536
[Epoch 026] train_ce=0.1561 | train_nuc=6.9097 | train_total=0.1568 | train_acc=0.9425 | val_loss=0.1740 | val_acc=0.9343 | test_acc=0.9474 | fro=1.0000 | nuc=7.0570
[Epoch 027] train_ce=0.1480 | train_nuc=6.8942 | train_total=0.1487 | train_acc=0.9459 | val_loss=0.1623 | val_acc=0.9343 | test_acc=0.9426 | fro=1.0000 | nuc=6.3043
[Epoch 028] train_ce=0.1549 | train_nuc=6.6176 | train_total=0.1555 | train_acc=0.9425 | val_loss=0.2332 | val_acc=0.9117 | test_acc=0.9129 | fro=1.0000 | nuc=6.2826
[Epoch 029] train_ce=0.1528 | train_nuc=6.6921 | train_total=0.1535 | train_acc=0.9437 | val_loss=0.1586 | val_acc=0.9370 | test_acc=0.9484 | fro=1.0000 | nuc=6.7200
[Epoch 030] train_ce=0.1419 | train_nuc=6.9050 | train_total=0.1426 | train_acc=0.9484 | val_loss=0.1282 | val_acc=0.9540 | test_acc=0.9584 | fro=1.0000 | nuc=6.8683
[Epoch 031] train_ce=0.1504 | train_nuc=6.7889 | train_total=0.1511 | train_acc=0.9442 | val_loss=0.1580 | val_acc=0.9367 | test_acc=0.9457 | fro=1.0000 | nuc=6.8093
[Epoch 032] train_ce=0.1482 | train_nuc=6.7276 | train_total=0.1489 | train_acc=0.9453 | val_loss=0.1458 | val_acc=0.9493 | test_acc=0.9514 | fro=1.0000 | nuc=6.7307
[Epoch 033] train_ce=0.1480 | train_nuc=6.8445 | train_total=0.1487 | train_acc=0.9461 | val_loss=0.1450 | val_acc=0.9460 | test_acc=0.9554 | fro=1.0000 | nuc=6.9097
[Epoch 034] train_ce=0.1441 | train_nuc=6.8422 | train_total=0.1448 | train_acc=0.9470 | val_loss=0.1842 | val_acc=0.9313 | test_acc=0.9282 | fro=1.0000 | nuc=7.0437
[Epoch 035] train_ce=0.1481 | train_nuc=6.7536 | train_total=0.1488 | train_acc=0.9454 | val_loss=0.1475 | val_acc=0.9433 | test_acc=0.9548 | fro=1.0000 | nuc=6.5771
[Epoch 036] train_ce=0.1391 | train_nuc=6.8763 | train_total=0.1398 | train_acc=0.9493 | val_loss=0.1750 | val_acc=0.9317 | test_acc=0.9376 | fro=1.0000 | nuc=6.9105
[Epoch 037] train_ce=0.1489 | train_nuc=6.6882 | train_total=0.1496 | train_acc=0.9448 | val_loss=0.2078 | val_acc=0.9187 | test_acc=0.9214 | fro=1.0000 | nuc=6.7123
[Epoch 038] train_ce=0.1558 | train_nuc=6.4923 | train_total=0.1564 | train_acc=0.9431 | val_loss=0.1738 | val_acc=0.9393 | test_acc=0.9377 | fro=1.0000 | nuc=5.9760
[Epoch 039] train_ce=0.1450 | train_nuc=6.5084 | train_total=0.1456 | train_acc=0.9472 | val_loss=0.1378 | val_acc=0.9517 | test_acc=0.9571 | fro=1.0000 | nuc=6.6521
[Epoch 040] train_ce=0.1466 | train_nuc=6.5758 | train_total=0.1472 | train_acc=0.9461 | val_loss=0.1621 | val_acc=0.9370 | test_acc=0.9451 | fro=1.0000 | nuc=6.5575
Early stopping triggered at epoch 40. Best val_loss=0.128178 at epoch 30.
Done. alpha=0.0001 | best_val_loss=0.128178 | best_epoch=30

================================================================================
Training alpha=0.00010000, seed=2
================================================================================
Using device: cuda
[Experiment] model_one_layer_FC_alpha_0p0001
[Alpha] 0.0001
[Run dir] outputs/compressibility_adv_robustness/model_one_layer_FC_alpha_0p0001_seed_2
[Target Frobenius norm] 1.000000
[Early stopping patience] 10
[Epoch 001] train_ce=0.2728 | train_nuc=4.9931 | train_total=0.2733 | train_acc=0.8973 | val_loss=0.1880 | val_acc=0.9383 | test_acc=0.9326 | fro=1.0000 | nuc=5.3052
[Epoch 002] train_ce=0.1967 | train_nuc=5.6332 | train_total=0.1973 | train_acc=0.9299 | val_loss=0.1729 | val_acc=0.9397 | test_acc=0.9381 | fro=1.0000 | nuc=5.9156
[Epoch 003] train_ce=0.1802 | train_nuc=6.1831 | train_total=0.1808 | train_acc=0.9338 | val_loss=0.2014 | val_acc=0.9237 | test_acc=0.9207 | fro=1.0000 | nuc=6.3769
[Epoch 004] train_ce=0.1722 | train_nuc=6.4766 | train_total=0.1729 | train_acc=0.9384 | val_loss=0.1641 | val_acc=0.9383 | test_acc=0.9373 | fro=1.0000 | nuc=6.7694
[Epoch 005] train_ce=0.1622 | train_nuc=6.8173 | train_total=0.1629 | train_acc=0.9414 | val_loss=0.1382 | val_acc=0.9513 | test_acc=0.9496 | fro=1.0000 | nuc=6.8230
[Epoch 006] train_ce=0.1614 | train_nuc=6.9661 | train_total=0.1621 | train_acc=0.9409 | val_loss=0.1271 | val_acc=0.9520 | test_acc=0.9514 | fro=1.0000 | nuc=7.0874
[Epoch 007] train_ce=0.1482 | train_nuc=7.1532 | train_total=0.1489 | train_acc=0.9462 | val_loss=0.1587 | val_acc=0.9443 | test_acc=0.9431 | fro=1.0000 | nuc=7.2618
[Epoch 008] train_ce=0.1552 | train_nuc=7.1383 | train_total=0.1559 | train_acc=0.9429 | val_loss=0.1473 | val_acc=0.9443 | test_acc=0.9400 | fro=1.0000 | nuc=7.2404
[Epoch 009] train_ce=0.1561 | train_nuc=7.1260 | train_total=0.1568 | train_acc=0.9435 | val_loss=0.1316 | val_acc=0.9560 | test_acc=0.9548 | fro=1.0000 | nuc=7.2007
[Epoch 010] train_ce=0.1584 | train_nuc=7.0712 | train_total=0.1591 | train_acc=0.9421 | val_loss=0.1665 | val_acc=0.9383 | test_acc=0.9362 | fro=1.0000 | nuc=7.2293
[Epoch 011] train_ce=0.1457 | train_nuc=7.2438 | train_total=0.1465 | train_acc=0.9470 | val_loss=0.1491 | val_acc=0.9460 | test_acc=0.9491 | fro=1.0000 | nuc=7.2424
[Epoch 012] train_ce=0.1500 | train_nuc=7.1241 | train_total=0.1507 | train_acc=0.9454 | val_loss=0.1279 | val_acc=0.9557 | test_acc=0.9520 | fro=1.0000 | nuc=7.2172
[Epoch 013] train_ce=0.1471 | train_nuc=7.1724 | train_total=0.1478 | train_acc=0.9461 | val_loss=0.1194 | val_acc=0.9537 | test_acc=0.9514 | fro=1.0000 | nuc=7.1360
[Epoch 014] train_ce=0.1448 | train_nuc=7.1830 | train_total=0.1456 | train_acc=0.9485 | val_loss=0.1231 | val_acc=0.9600 | test_acc=0.9560 | fro=1.0000 | nuc=7.0772
[Epoch 015] train_ce=0.1488 | train_nuc=7.0762 | train_total=0.1495 | train_acc=0.9461 | val_loss=0.1430 | val_acc=0.9473 | test_acc=0.9477 | fro=1.0000 | nuc=7.0453
[Epoch 016] train_ce=0.1460 | train_nuc=7.0751 | train_total=0.1467 | train_acc=0.9464 | val_loss=0.1786 | val_acc=0.9250 | test_acc=0.9290 | fro=1.0000 | nuc=7.0269
[Epoch 017] train_ce=0.1456 | train_nuc=6.9742 | train_total=0.1463 | train_acc=0.9472 | val_loss=0.1400 | val_acc=0.9493 | test_acc=0.9452 | fro=1.0000 | nuc=7.0620
[Epoch 018] train_ce=0.1493 | train_nuc=6.8851 | train_total=0.1500 | train_acc=0.9452 | val_loss=0.1279 | val_acc=0.9567 | test_acc=0.9511 | fro=1.0000 | nuc=6.9468
[Epoch 019] train_ce=0.1429 | train_nuc=7.0169 | train_total=0.1436 | train_acc=0.9485 | val_loss=0.1505 | val_acc=0.9390 | test_acc=0.9401 | fro=1.0000 | nuc=7.0813
[Epoch 020] train_ce=0.1455 | train_nuc=7.0563 | train_total=0.1463 | train_acc=0.9472 | val_loss=0.1244 | val_acc=0.9593 | test_acc=0.9541 | fro=1.0000 | nuc=7.1138
[Epoch 021] train_ce=0.1524 | train_nuc=6.7741 | train_total=0.1531 | train_acc=0.9435 | val_loss=0.1395 | val_acc=0.9497 | test_acc=0.9437 | fro=1.0000 | nuc=6.6455
[Epoch 022] train_ce=0.1508 | train_nuc=6.9235 | train_total=0.1515 | train_acc=0.9445 | val_loss=0.1267 | val_acc=0.9543 | test_acc=0.9517 | fro=1.0000 | nuc=7.0251
[Epoch 023] train_ce=0.1589 | train_nuc=6.8263 | train_total=0.1596 | train_acc=0.9411 | val_loss=0.1266 | val_acc=0.9547 | test_acc=0.9539 | fro=1.0000 | nuc=6.6050
Early stopping triggered at epoch 23. Best val_loss=0.119377 at epoch 13.
Done. alpha=0.0001 | best_val_loss=0.119377 | best_epoch=13

================================================================================
Training alpha=0.00010000, seed=3
================================================================================
Using device: cuda
[Experiment] model_one_layer_FC_alpha_0p0001
[Alpha] 0.0001
[Run dir] outputs/compressibility_adv_robustness/model_one_layer_FC_alpha_0p0001_seed_3
[Target Frobenius norm] 1.000000
[Early stopping patience] 10
[Epoch 001] train_ce=0.2769 | train_nuc=5.1322 | train_total=0.2774 | train_acc=0.8944 | val_loss=0.2223 | val_acc=0.9157 | test_acc=0.9270 | fro=1.0000 | nuc=5.2442
[Epoch 002] train_ce=0.1945 | train_nuc=5.6418 | train_total=0.1951 | train_acc=0.9310 | val_loss=0.1794 | val_acc=0.9410 | test_acc=0.9425 | fro=1.0000 | nuc=6.0548
[Epoch 003] train_ce=0.1777 | train_nuc=6.2192 | train_total=0.1783 | train_acc=0.9367 | val_loss=0.1652 | val_acc=0.9467 | test_acc=0.9420 | fro=1.0000 | nuc=6.4158
[Epoch 004] train_ce=0.1680 | train_nuc=6.5876 | train_total=0.1686 | train_acc=0.9389 | val_loss=0.1993 | val_acc=0.9183 | test_acc=0.9266 | fro=1.0000 | nuc=6.8157
[Epoch 005] train_ce=0.1695 | train_nuc=6.7755 | train_total=0.1702 | train_acc=0.9390 | val_loss=0.1468 | val_acc=0.9493 | test_acc=0.9507 | fro=1.0000 | nuc=6.9107
[Epoch 006] train_ce=0.1576 | train_nuc=6.9482 | train_total=0.1583 | train_acc=0.9435 | val_loss=0.1587 | val_acc=0.9390 | test_acc=0.9434 | fro=1.0000 | nuc=6.8876
[Epoch 007] train_ce=0.1579 | train_nuc=7.0980 | train_total=0.1586 | train_acc=0.9420 | val_loss=0.1586 | val_acc=0.9457 | test_acc=0.9431 | fro=1.0000 | nuc=7.0945
[Epoch 008] train_ce=0.1586 | train_nuc=7.1119 | train_total=0.1593 | train_acc=0.9419 | val_loss=0.1765 | val_acc=0.9357 | test_acc=0.9391 | fro=1.0000 | nuc=7.0621
[Epoch 009] train_ce=0.1567 | train_nuc=7.0727 | train_total=0.1574 | train_acc=0.9434 | val_loss=0.1509 | val_acc=0.9467 | test_acc=0.9479 | fro=1.0000 | nuc=7.2459
[Epoch 010] train_ce=0.1496 | train_nuc=7.1429 | train_total=0.1503 | train_acc=0.9464 | val_loss=0.1414 | val_acc=0.9523 | test_acc=0.9533 | fro=1.0000 | nuc=7.1504
[Epoch 011] train_ce=0.1493 | train_nuc=7.2088 | train_total=0.1500 | train_acc=0.9457 | val_loss=0.1509 | val_acc=0.9417 | test_acc=0.9465 | fro=1.0000 | nuc=7.1630
[Epoch 012] train_ce=0.1494 | train_nuc=7.1013 | train_total=0.1501 | train_acc=0.9451 | val_loss=0.1392 | val_acc=0.9470 | test_acc=0.9497 | fro=1.0000 | nuc=7.2822
[Epoch 013] train_ce=0.1439 | train_nuc=7.2720 | train_total=0.1446 | train_acc=0.9480 | val_loss=0.1687 | val_acc=0.9350 | test_acc=0.9374 | fro=1.0000 | nuc=7.1095
[Epoch 014] train_ce=0.1514 | train_nuc=7.1245 | train_total=0.1522 | train_acc=0.9442 | val_loss=0.1437 | val_acc=0.9527 | test_acc=0.9521 | fro=1.0000 | nuc=7.0432
[Epoch 015] train_ce=0.1483 | train_nuc=6.9876 | train_total=0.1490 | train_acc=0.9468 | val_loss=0.1352 | val_acc=0.9520 | test_acc=0.9506 | fro=1.0000 | nuc=7.0798
[Epoch 016] train_ce=0.1514 | train_nuc=7.0671 | train_total=0.1521 | train_acc=0.9441 | val_loss=0.1560 | val_acc=0.9437 | test_acc=0.9446 | fro=1.0000 | nuc=6.9628
[Epoch 017] train_ce=0.1467 | train_nuc=7.0357 | train_total=0.1474 | train_acc=0.9467 | val_loss=0.1501 | val_acc=0.9487 | test_acc=0.9522 | fro=1.0000 | nuc=7.2861
[Epoch 018] train_ce=0.1449 | train_nuc=6.9970 | train_total=0.1456 | train_acc=0.9474 | val_loss=0.1436 | val_acc=0.9500 | test_acc=0.9493 | fro=1.0000 | nuc=6.9183
[Epoch 019] train_ce=0.1485 | train_nuc=7.0876 | train_total=0.1492 | train_acc=0.9458 | val_loss=0.1452 | val_acc=0.9510 | test_acc=0.9524 | fro=1.0000 | nuc=7.2800
[Epoch 020] train_ce=0.1504 | train_nuc=7.1214 | train_total=0.1512 | train_acc=0.9453 | val_loss=0.1521 | val_acc=0.9483 | test_acc=0.9503 | fro=1.0000 | nuc=7.0612
[Epoch 021] train_ce=0.1578 | train_nuc=6.9455 | train_total=0.1585 | train_acc=0.9410 | val_loss=0.1446 | val_acc=0.9513 | test_acc=0.9530 | fro=1.0000 | nuc=6.9617
[Epoch 022] train_ce=0.1550 | train_nuc=6.9411 | train_total=0.1557 | train_acc=0.9430 | val_loss=0.1464 | val_acc=0.9527 | test_acc=0.9531 | fro=1.0000 | nuc=6.7581
[Epoch 023] train_ce=0.1475 | train_nuc=6.9958 | train_total=0.1482 | train_acc=0.9460 | val_loss=0.1548 | val_acc=0.9433 | test_acc=0.9431 | fro=1.0000 | nuc=6.7123
[Epoch 024] train_ce=0.1585 | train_nuc=6.7659 | train_total=0.1591 | train_acc=0.9411 | val_loss=0.1458 | val_acc=0.9503 | test_acc=0.9506 | fro=1.0000 | nuc=6.5675
[Epoch 025] train_ce=0.1428 | train_nuc=6.7170 | train_total=0.1435 | train_acc=0.9487 | val_loss=0.1276 | val_acc=0.9540 | test_acc=0.9554 | fro=1.0000 | nuc=6.8483
[Epoch 026] train_ce=0.1492 | train_nuc=6.9508 | train_total=0.1499 | train_acc=0.9444 | val_loss=0.2127 | val_acc=0.9130 | test_acc=0.9204 | fro=1.0000 | nuc=6.9481
[Epoch 027] train_ce=0.1434 | train_nuc=6.9975 | train_total=0.1441 | train_acc=0.9481 | val_loss=0.1904 | val_acc=0.9203 | test_acc=0.9278 | fro=1.0000 | nuc=6.9294
[Epoch 028] train_ce=0.1473 | train_nuc=6.7327 | train_total=0.1479 | train_acc=0.9470 | val_loss=0.1484 | val_acc=0.9483 | test_acc=0.9480 | fro=1.0000 | nuc=6.9123
[Epoch 029] train_ce=0.1501 | train_nuc=6.7103 | train_total=0.1507 | train_acc=0.9447 | val_loss=0.1425 | val_acc=0.9483 | test_acc=0.9504 | fro=1.0000 | nuc=7.0354
[Epoch 030] train_ce=0.1424 | train_nuc=6.8720 | train_total=0.1431 | train_acc=0.9485 | val_loss=0.1939 | val_acc=0.9190 | test_acc=0.9187 | fro=1.0000 | nuc=6.7965
[Epoch 031] train_ce=0.1556 | train_nuc=6.7924 | train_total=0.1563 | train_acc=0.9430 | val_loss=0.1650 | val_acc=0.9380 | test_acc=0.9380 | fro=1.0000 | nuc=7.0835
[Epoch 032] train_ce=0.1553 | train_nuc=6.7790 | train_total=0.1560 | train_acc=0.9423 | val_loss=0.1994 | val_acc=0.9223 | test_acc=0.9240 | fro=1.0000 | nuc=6.7785
[Epoch 033] train_ce=0.1503 | train_nuc=6.7410 | train_total=0.1509 | train_acc=0.9450 | val_loss=0.1303 | val_acc=0.9550 | test_acc=0.9581 | fro=1.0000 | nuc=6.6714
[Epoch 034] train_ce=0.1486 | train_nuc=6.7534 | train_total=0.1493 | train_acc=0.9453 | val_loss=0.1310 | val_acc=0.9540 | test_acc=0.9605 | fro=1.0000 | nuc=7.0011
[Epoch 035] train_ce=0.1468 | train_nuc=6.7416 | train_total=0.1475 | train_acc=0.9466 | val_loss=0.1531 | val_acc=0.9447 | test_acc=0.9453 | fro=1.0000 | nuc=6.7231
Early stopping triggered at epoch 35. Best val_loss=0.127639 at epoch 25.
Done. alpha=0.0001 | best_val_loss=0.127639 | best_epoch=25

================================================================================
Training alpha=0.00010000, seed=4
================================================================================
Using device: cuda
[Experiment] model_one_layer_FC_alpha_0p0001
[Alpha] 0.0001
[Run dir] outputs/compressibility_adv_robustness/model_one_layer_FC_alpha_0p0001_seed_4
[Target Frobenius norm] 1.000000
[Early stopping patience] 10
[Epoch 001] train_ce=0.2661 | train_nuc=5.0744 | train_total=0.2666 | train_acc=0.8988 | val_loss=0.1946 | val_acc=0.9310 | test_acc=0.9353 | fro=1.0000 | nuc=5.2229
[Epoch 002] train_ce=0.1913 | train_nuc=5.6041 | train_total=0.1918 | train_acc=0.9315 | val_loss=0.1621 | val_acc=0.9477 | test_acc=0.9484 | fro=1.0000 | nuc=6.0484
[Epoch 003] train_ce=0.1698 | train_nuc=6.2822 | train_total=0.1704 | train_acc=0.9389 | val_loss=0.1770 | val_acc=0.9357 | test_acc=0.9369 | fro=1.0000 | nuc=6.3665
[Epoch 004] train_ce=0.1696 | train_nuc=6.5549 | train_total=0.1703 | train_acc=0.9377 | val_loss=0.1416 | val_acc=0.9497 | test_acc=0.9543 | fro=1.0000 | nuc=6.7186
[Epoch 005] train_ce=0.1648 | train_nuc=6.7299 | train_total=0.1655 | train_acc=0.9397 | val_loss=0.2121 | val_acc=0.9163 | test_acc=0.9179 | fro=1.0000 | nuc=6.8814
[Epoch 006] train_ce=0.1657 | train_nuc=6.8572 | train_total=0.1663 | train_acc=0.9394 | val_loss=0.1736 | val_acc=0.9353 | test_acc=0.9393 | fro=1.0000 | nuc=6.7562
[Epoch 007] train_ce=0.1543 | train_nuc=6.9790 | train_total=0.1550 | train_acc=0.9445 | val_loss=0.1449 | val_acc=0.9483 | test_acc=0.9466 | fro=1.0000 | nuc=7.0302
[Epoch 008] train_ce=0.1567 | train_nuc=7.0672 | train_total=0.1574 | train_acc=0.9431 | val_loss=0.1362 | val_acc=0.9520 | test_acc=0.9542 | fro=1.0000 | nuc=7.0859
[Epoch 009] train_ce=0.1539 | train_nuc=7.0084 | train_total=0.1546 | train_acc=0.9435 | val_loss=0.1553 | val_acc=0.9463 | test_acc=0.9417 | fro=1.0000 | nuc=7.2130
[Epoch 010] train_ce=0.1489 | train_nuc=7.1453 | train_total=0.1496 | train_acc=0.9454 | val_loss=0.1730 | val_acc=0.9357 | test_acc=0.9353 | fro=1.0000 | nuc=7.1524
[Epoch 011] train_ce=0.1512 | train_nuc=7.0214 | train_total=0.1519 | train_acc=0.9449 | val_loss=0.1578 | val_acc=0.9460 | test_acc=0.9412 | fro=1.0000 | nuc=7.0753
[Epoch 012] train_ce=0.1432 | train_nuc=7.1100 | train_total=0.1439 | train_acc=0.9477 | val_loss=0.1375 | val_acc=0.9533 | test_acc=0.9526 | fro=1.0000 | nuc=7.2621
[Epoch 013] train_ce=0.1460 | train_nuc=7.1253 | train_total=0.1467 | train_acc=0.9470 | val_loss=0.1304 | val_acc=0.9540 | test_acc=0.9513 | fro=1.0000 | nuc=7.1631
[Epoch 014] train_ce=0.1462 | train_nuc=7.0808 | train_total=0.1469 | train_acc=0.9478 | val_loss=0.1557 | val_acc=0.9497 | test_acc=0.9459 | fro=1.0000 | nuc=7.1548
[Epoch 015] train_ce=0.1420 | train_nuc=7.0892 | train_total=0.1427 | train_acc=0.9485 | val_loss=0.1284 | val_acc=0.9570 | test_acc=0.9564 | fro=1.0000 | nuc=7.1923
[Epoch 016] train_ce=0.1489 | train_nuc=7.0572 | train_total=0.1496 | train_acc=0.9447 | val_loss=0.1395 | val_acc=0.9487 | test_acc=0.9542 | fro=1.0000 | nuc=6.9443
[Epoch 017] train_ce=0.1484 | train_nuc=7.0158 | train_total=0.1491 | train_acc=0.9454 | val_loss=0.1294 | val_acc=0.9567 | test_acc=0.9544 | fro=1.0000 | nuc=6.9739
[Epoch 018] train_ce=0.1439 | train_nuc=7.0465 | train_total=0.1446 | train_acc=0.9484 | val_loss=0.1970 | val_acc=0.9207 | test_acc=0.9212 | fro=1.0000 | nuc=7.1326
[Epoch 019] train_ce=0.1445 | train_nuc=6.9945 | train_total=0.1452 | train_acc=0.9471 | val_loss=0.1895 | val_acc=0.9300 | test_acc=0.9243 | fro=1.0000 | nuc=6.9586
[Epoch 020] train_ce=0.1535 | train_nuc=6.8838 | train_total=0.1542 | train_acc=0.9433 | val_loss=0.1697 | val_acc=0.9427 | test_acc=0.9382 | fro=1.0000 | nuc=6.4414
[Epoch 021] train_ce=0.1435 | train_nuc=6.7827 | train_total=0.1442 | train_acc=0.9485 | val_loss=0.2437 | val_acc=0.9027 | test_acc=0.9070 | fro=1.0000 | nuc=6.7027
[Epoch 022] train_ce=0.1450 | train_nuc=6.8379 | train_total=0.1457 | train_acc=0.9465 | val_loss=0.1479 | val_acc=0.9507 | test_acc=0.9463 | fro=1.0000 | nuc=6.8201
[Epoch 023] train_ce=0.1608 | train_nuc=6.5515 | train_total=0.1614 | train_acc=0.9402 | val_loss=0.1451 | val_acc=0.9497 | test_acc=0.9500 | fro=1.0000 | nuc=6.4478
[Epoch 024] train_ce=0.1506 | train_nuc=6.6207 | train_total=0.1513 | train_acc=0.9447 | val_loss=0.1449 | val_acc=0.9430 | test_acc=0.9445 | fro=1.0000 | nuc=6.7417
[Epoch 025] train_ce=0.1443 | train_nuc=6.8215 | train_total=0.1450 | train_acc=0.9477 | val_loss=0.1576 | val_acc=0.9450 | test_acc=0.9497 | fro=1.0000 | nuc=6.7348
Early stopping triggered at epoch 25. Best val_loss=0.128446 at epoch 15.
Done. alpha=0.0001 | best_val_loss=0.128446 | best_epoch=15

================================================================================
Training alpha=0.00017716, seed=0
================================================================================
Using device: cuda
[Experiment] model_one_layer_FC_alpha_0p00017716005396691217
[Alpha] 0.00017716005396691217
[Run dir] outputs/compressibility_adv_robustness/model_one_layer_FC_alpha_0p00017716005396691217_seed_0
[Target Frobenius norm] 1.000000
[Early stopping patience] 10
[Epoch 001] train_ce=0.2746 | train_nuc=5.0338 | train_total=0.2755 | train_acc=0.8942 | val_loss=0.2072 | val_acc=0.9310 | test_acc=0.9277 | fro=1.0000 | nuc=5.1659
[Epoch 002] train_ce=0.1964 | train_nuc=5.5723 | train_total=0.1974 | train_acc=0.9285 | val_loss=0.1831 | val_acc=0.9437 | test_acc=0.9389 | fro=1.0000 | nuc=6.0189
[Epoch 003] train_ce=0.1764 | train_nuc=6.2526 | train_total=0.1775 | train_acc=0.9367 | val_loss=0.1497 | val_acc=0.9493 | test_acc=0.9440 | fro=1.0000 | nuc=6.3710
[Epoch 004] train_ce=0.1649 | train_nuc=6.6067 | train_total=0.1661 | train_acc=0.9413 | val_loss=0.1652 | val_acc=0.9420 | test_acc=0.9425 | fro=1.0000 | nuc=6.5574
[Epoch 005] train_ce=0.1652 | train_nuc=6.8054 | train_total=0.1664 | train_acc=0.9404 | val_loss=0.1334 | val_acc=0.9577 | test_acc=0.9519 | fro=1.0000 | nuc=7.0743
[Epoch 006] train_ce=0.1616 | train_nuc=6.9854 | train_total=0.1628 | train_acc=0.9411 | val_loss=0.1307 | val_acc=0.9580 | test_acc=0.9534 | fro=1.0000 | nuc=7.0228
[Epoch 007] train_ce=0.1594 | train_nuc=7.0599 | train_total=0.1606 | train_acc=0.9411 | val_loss=0.1619 | val_acc=0.9397 | test_acc=0.9453 | fro=1.0000 | nuc=6.9340
[Epoch 008] train_ce=0.1558 | train_nuc=7.1055 | train_total=0.1570 | train_acc=0.9440 | val_loss=0.1547 | val_acc=0.9427 | test_acc=0.9376 | fro=1.0000 | nuc=6.9635
[Epoch 009] train_ce=0.1574 | train_nuc=7.0645 | train_total=0.1587 | train_acc=0.9423 | val_loss=0.1301 | val_acc=0.9567 | test_acc=0.9527 | fro=1.0000 | nuc=7.0914
[Epoch 010] train_ce=0.1570 | train_nuc=7.0803 | train_total=0.1583 | train_acc=0.9414 | val_loss=0.1533 | val_acc=0.9447 | test_acc=0.9387 | fro=1.0000 | nuc=6.9832
[Epoch 011] train_ce=0.1554 | train_nuc=7.1032 | train_total=0.1567 | train_acc=0.9428 | val_loss=0.1375 | val_acc=0.9517 | test_acc=0.9447 | fro=1.0000 | nuc=7.1244
[Epoch 012] train_ce=0.1637 | train_nuc=6.9277 | train_total=0.1649 | train_acc=0.9392 | val_loss=0.1740 | val_acc=0.9353 | test_acc=0.9318 | fro=1.0000 | nuc=6.6174
[Epoch 013] train_ce=0.1553 | train_nuc=6.8612 | train_total=0.1565 | train_acc=0.9420 | val_loss=0.1420 | val_acc=0.9500 | test_acc=0.9498 | fro=1.0000 | nuc=6.9628
[Epoch 014] train_ce=0.1437 | train_nuc=7.0829 | train_total=0.1450 | train_acc=0.9484 | val_loss=0.1232 | val_acc=0.9570 | test_acc=0.9540 | fro=1.0000 | nuc=7.0980
[Epoch 015] train_ce=0.1456 | train_nuc=7.1576 | train_total=0.1469 | train_acc=0.9469 | val_loss=0.1275 | val_acc=0.9570 | test_acc=0.9548 | fro=1.0000 | nuc=7.1936
[Epoch 016] train_ce=0.1508 | train_nuc=7.1089 | train_total=0.1521 | train_acc=0.9446 | val_loss=0.1266 | val_acc=0.9583 | test_acc=0.9561 | fro=1.0000 | nuc=7.0287
[Epoch 017] train_ce=0.1478 | train_nuc=7.0619 | train_total=0.1490 | train_acc=0.9462 | val_loss=0.1350 | val_acc=0.9477 | test_acc=0.9496 | fro=1.0000 | nuc=6.9282
[Epoch 018] train_ce=0.1422 | train_nuc=7.2111 | train_total=0.1435 | train_acc=0.9487 | val_loss=0.1572 | val_acc=0.9403 | test_acc=0.9374 | fro=1.0000 | nuc=7.2413
[Epoch 019] train_ce=0.1512 | train_nuc=6.9696 | train_total=0.1524 | train_acc=0.9439 | val_loss=0.1247 | val_acc=0.9590 | test_acc=0.9583 | fro=1.0000 | nuc=6.9663
[Epoch 020] train_ce=0.1547 | train_nuc=6.9387 | train_total=0.1560 | train_acc=0.9437 | val_loss=0.1191 | val_acc=0.9573 | test_acc=0.9568 | fro=1.0000 | nuc=6.8597
[Epoch 021] train_ce=0.1546 | train_nuc=6.8034 | train_total=0.1558 | train_acc=0.9427 | val_loss=0.1222 | val_acc=0.9573 | test_acc=0.9544 | fro=1.0000 | nuc=7.0824
[Epoch 022] train_ce=0.1467 | train_nuc=6.9757 | train_total=0.1479 | train_acc=0.9472 | val_loss=0.1474 | val_acc=0.9420 | test_acc=0.9419 | fro=1.0000 | nuc=7.0131
[Epoch 023] train_ce=0.1490 | train_nuc=6.9056 | train_total=0.1502 | train_acc=0.9457 | val_loss=0.1594 | val_acc=0.9423 | test_acc=0.9434 | fro=1.0000 | nuc=6.7595
[Epoch 024] train_ce=0.1444 | train_nuc=6.9600 | train_total=0.1457 | train_acc=0.9475 | val_loss=0.1389 | val_acc=0.9563 | test_acc=0.9505 | fro=1.0000 | nuc=7.2003
[Epoch 025] train_ce=0.1519 | train_nuc=6.9161 | train_total=0.1531 | train_acc=0.9428 | val_loss=0.1485 | val_acc=0.9507 | test_acc=0.9400 | fro=1.0000 | nuc=6.6009
[Epoch 026] train_ce=0.1484 | train_nuc=6.7843 | train_total=0.1496 | train_acc=0.9458 | val_loss=0.1299 | val_acc=0.9603 | test_acc=0.9531 | fro=1.0000 | nuc=6.9147
[Epoch 027] train_ce=0.1394 | train_nuc=6.8976 | train_total=0.1406 | train_acc=0.9500 | val_loss=0.1960 | val_acc=0.9223 | test_acc=0.9319 | fro=1.0000 | nuc=7.0021
[Epoch 028] train_ce=0.1544 | train_nuc=6.7858 | train_total=0.1556 | train_acc=0.9427 | val_loss=0.1549 | val_acc=0.9423 | test_acc=0.9405 | fro=1.0000 | nuc=6.9984
[Epoch 029] train_ce=0.1387 | train_nuc=6.9857 | train_total=0.1399 | train_acc=0.9489 | val_loss=0.1503 | val_acc=0.9473 | test_acc=0.9483 | fro=1.0000 | nuc=6.9545
[Epoch 030] train_ce=0.1582 | train_nuc=6.6391 | train_total=0.1594 | train_acc=0.9406 | val_loss=0.1339 | val_acc=0.9520 | test_acc=0.9474 | fro=1.0000 | nuc=6.9448
Early stopping triggered at epoch 30. Best val_loss=0.119090 at epoch 20.
Done. alpha=0.00017716005396691217 | best_val_loss=0.119090 | best_epoch=20

================================================================================
Training alpha=0.00017716, seed=1
================================================================================
Using device: cuda
[Experiment] model_one_layer_FC_alpha_0p00017716005396691217
[Alpha] 0.00017716005396691217
[Run dir] outputs/compressibility_adv_robustness/model_one_layer_FC_alpha_0p00017716005396691217_seed_1
[Target Frobenius norm] 1.000000
[Early stopping patience] 10
[Epoch 001] train_ce=0.2731 | train_nuc=4.9289 | train_total=0.2740 | train_acc=0.8952 | val_loss=0.1974 | val_acc=0.9310 | test_acc=0.9373 | fro=1.0000 | nuc=5.1470
[Epoch 002] train_ce=0.1949 | train_nuc=5.5188 | train_total=0.1958 | train_acc=0.9307 | val_loss=0.1928 | val_acc=0.9280 | test_acc=0.9339 | fro=1.0000 | nuc=5.8629
[Epoch 003] train_ce=0.1716 | train_nuc=6.1006 | train_total=0.1727 | train_acc=0.9391 | val_loss=0.1731 | val_acc=0.9380 | test_acc=0.9420 | fro=1.0000 | nuc=6.3043
[Epoch 004] train_ce=0.1680 | train_nuc=6.4920 | train_total=0.1692 | train_acc=0.9390 | val_loss=0.1694 | val_acc=0.9347 | test_acc=0.9388 | fro=1.0000 | nuc=6.5714
[Epoch 005] train_ce=0.1560 | train_nuc=6.7838 | train_total=0.1572 | train_acc=0.9440 | val_loss=0.1454 | val_acc=0.9470 | test_acc=0.9511 | fro=1.0000 | nuc=7.0987
[Epoch 006] train_ce=0.1596 | train_nuc=7.0002 | train_total=0.1608 | train_acc=0.9419 | val_loss=0.1586 | val_acc=0.9460 | test_acc=0.9490 | fro=1.0000 | nuc=7.2066
[Epoch 007] train_ce=0.1633 | train_nuc=6.9878 | train_total=0.1645 | train_acc=0.9391 | val_loss=0.1551 | val_acc=0.9473 | test_acc=0.9518 | fro=1.0000 | nuc=7.0154
[Epoch 008] train_ce=0.1513 | train_nuc=7.0589 | train_total=0.1525 | train_acc=0.9449 | val_loss=0.1754 | val_acc=0.9307 | test_acc=0.9338 | fro=1.0000 | nuc=7.0643
[Epoch 009] train_ce=0.1488 | train_nuc=7.1207 | train_total=0.1500 | train_acc=0.9464 | val_loss=0.1497 | val_acc=0.9467 | test_acc=0.9498 | fro=1.0000 | nuc=7.2048
[Epoch 010] train_ce=0.1469 | train_nuc=7.2520 | train_total=0.1482 | train_acc=0.9471 | val_loss=0.1761 | val_acc=0.9367 | test_acc=0.9366 | fro=1.0000 | nuc=7.0913
[Epoch 011] train_ce=0.1464 | train_nuc=7.2136 | train_total=0.1477 | train_acc=0.9467 | val_loss=0.1429 | val_acc=0.9473 | test_acc=0.9499 | fro=1.0000 | nuc=7.1938
[Epoch 012] train_ce=0.1540 | train_nuc=7.0897 | train_total=0.1553 | train_acc=0.9435 | val_loss=0.1385 | val_acc=0.9523 | test_acc=0.9535 | fro=1.0000 | nuc=7.0435
[Epoch 013] train_ce=0.1435 | train_nuc=7.1414 | train_total=0.1448 | train_acc=0.9479 | val_loss=0.1356 | val_acc=0.9527 | test_acc=0.9561 | fro=1.0000 | nuc=7.0692
[Epoch 014] train_ce=0.1535 | train_nuc=7.0419 | train_total=0.1547 | train_acc=0.9434 | val_loss=0.1372 | val_acc=0.9500 | test_acc=0.9547 | fro=1.0000 | nuc=7.0886
[Epoch 015] train_ce=0.1458 | train_nuc=7.0396 | train_total=0.1470 | train_acc=0.9468 | val_loss=0.1563 | val_acc=0.9400 | test_acc=0.9488 | fro=1.0000 | nuc=6.9053
[Epoch 016] train_ce=0.1453 | train_nuc=7.0266 | train_total=0.1465 | train_acc=0.9470 | val_loss=0.1449 | val_acc=0.9467 | test_acc=0.9496 | fro=1.0000 | nuc=7.0581
[Epoch 017] train_ce=0.1408 | train_nuc=7.0246 | train_total=0.1421 | train_acc=0.9493 | val_loss=0.1339 | val_acc=0.9540 | test_acc=0.9543 | fro=1.0000 | nuc=6.9974
[Epoch 018] train_ce=0.1451 | train_nuc=6.9799 | train_total=0.1463 | train_acc=0.9471 | val_loss=0.1454 | val_acc=0.9487 | test_acc=0.9506 | fro=1.0000 | nuc=6.9778
[Epoch 019] train_ce=0.1436 | train_nuc=6.9640 | train_total=0.1449 | train_acc=0.9478 | val_loss=0.1603 | val_acc=0.9387 | test_acc=0.9526 | fro=1.0000 | nuc=6.8676
[Epoch 020] train_ce=0.1364 | train_nuc=6.9912 | train_total=0.1377 | train_acc=0.9519 | val_loss=0.1312 | val_acc=0.9530 | test_acc=0.9587 | fro=1.0000 | nuc=7.0446
[Epoch 021] train_ce=0.1454 | train_nuc=6.9245 | train_total=0.1466 | train_acc=0.9465 | val_loss=0.1397 | val_acc=0.9503 | test_acc=0.9539 | fro=1.0000 | nuc=7.0666
[Epoch 022] train_ce=0.1401 | train_nuc=6.9018 | train_total=0.1414 | train_acc=0.9490 | val_loss=0.2078 | val_acc=0.9200 | test_acc=0.9257 | fro=1.0000 | nuc=6.7164
[Epoch 023] train_ce=0.1515 | train_nuc=6.7004 | train_total=0.1527 | train_acc=0.9440 | val_loss=0.1603 | val_acc=0.9427 | test_acc=0.9470 | fro=1.0000 | nuc=6.8613
[Epoch 024] train_ce=0.1454 | train_nuc=6.8055 | train_total=0.1467 | train_acc=0.9473 | val_loss=0.1391 | val_acc=0.9503 | test_acc=0.9526 | fro=1.0000 | nuc=6.9891
[Epoch 025] train_ce=0.1438 | train_nuc=6.8838 | train_total=0.1451 | train_acc=0.9477 | val_loss=0.1369 | val_acc=0.9510 | test_acc=0.9547 | fro=1.0000 | nuc=6.9347
[Epoch 026] train_ce=0.1455 | train_nuc=6.7995 | train_total=0.1467 | train_acc=0.9476 | val_loss=0.1454 | val_acc=0.9457 | test_acc=0.9582 | fro=1.0000 | nuc=6.9282
[Epoch 027] train_ce=0.1342 | train_nuc=6.9376 | train_total=0.1354 | train_acc=0.9517 | val_loss=0.1267 | val_acc=0.9530 | test_acc=0.9620 | fro=1.0000 | nuc=7.0318
[Epoch 028] train_ce=0.1456 | train_nuc=6.8941 | train_total=0.1468 | train_acc=0.9471 | val_loss=0.2452 | val_acc=0.9110 | test_acc=0.9148 | fro=1.0000 | nuc=6.8445
[Epoch 029] train_ce=0.1470 | train_nuc=6.6762 | train_total=0.1482 | train_acc=0.9460 | val_loss=0.1785 | val_acc=0.9237 | test_acc=0.9422 | fro=1.0000 | nuc=6.8731
[Epoch 030] train_ce=0.1517 | train_nuc=6.5933 | train_total=0.1529 | train_acc=0.9440 | val_loss=0.1461 | val_acc=0.9397 | test_acc=0.9517 | fro=1.0000 | nuc=6.6519
[Epoch 031] train_ce=0.1508 | train_nuc=6.6027 | train_total=0.1520 | train_acc=0.9436 | val_loss=0.1568 | val_acc=0.9400 | test_acc=0.9476 | fro=1.0000 | nuc=6.6646
[Epoch 032] train_ce=0.1451 | train_nuc=6.7686 | train_total=0.1463 | train_acc=0.9470 | val_loss=0.1347 | val_acc=0.9520 | test_acc=0.9554 | fro=1.0000 | nuc=6.9689
[Epoch 033] train_ce=0.1536 | train_nuc=6.5865 | train_total=0.1548 | train_acc=0.9426 | val_loss=0.1809 | val_acc=0.9273 | test_acc=0.9331 | fro=1.0000 | nuc=6.2965
[Epoch 034] train_ce=0.1412 | train_nuc=6.4382 | train_total=0.1424 | train_acc=0.9488 | val_loss=0.1625 | val_acc=0.9437 | test_acc=0.9424 | fro=1.0000 | nuc=6.6698
[Epoch 035] train_ce=0.1451 | train_nuc=6.4661 | train_total=0.1462 | train_acc=0.9461 | val_loss=0.1382 | val_acc=0.9513 | test_acc=0.9577 | fro=1.0000 | nuc=6.4657
[Epoch 036] train_ce=0.1476 | train_nuc=6.4483 | train_total=0.1487 | train_acc=0.9455 | val_loss=0.1875 | val_acc=0.9263 | test_acc=0.9303 | fro=1.0000 | nuc=6.5595
[Epoch 037] train_ce=0.1390 | train_nuc=6.6141 | train_total=0.1401 | train_acc=0.9503 | val_loss=0.1939 | val_acc=0.9263 | test_acc=0.9311 | fro=1.0000 | nuc=6.9495
Early stopping triggered at epoch 37. Best val_loss=0.126745 at epoch 27.
Done. alpha=0.00017716005396691217 | best_val_loss=0.126745 | best_epoch=27

================================================================================
Training alpha=0.00017716, seed=2
================================================================================
Using device: cuda
[Experiment] model_one_layer_FC_alpha_0p00017716005396691217
[Alpha] 0.00017716005396691217
[Run dir] outputs/compressibility_adv_robustness/model_one_layer_FC_alpha_0p00017716005396691217_seed_2
[Target Frobenius norm] 1.000000
[Early stopping patience] 10
[Epoch 001] train_ce=0.2731 | train_nuc=4.9218 | train_total=0.2740 | train_acc=0.8972 | val_loss=0.1854 | val_acc=0.9390 | test_acc=0.9338 | fro=1.0000 | nuc=5.1166
[Epoch 002] train_ce=0.1931 | train_nuc=5.5176 | train_total=0.1940 | train_acc=0.9314 | val_loss=0.1561 | val_acc=0.9503 | test_acc=0.9476 | fro=1.0000 | nuc=5.8417
[Epoch 003] train_ce=0.1774 | train_nuc=6.1504 | train_total=0.1785 | train_acc=0.9355 | val_loss=0.2179 | val_acc=0.9120 | test_acc=0.9109 | fro=1.0000 | nuc=6.2326
[Epoch 004] train_ce=0.1701 | train_nuc=6.4565 | train_total=0.1713 | train_acc=0.9384 | val_loss=0.1683 | val_acc=0.9397 | test_acc=0.9362 | fro=1.0000 | nuc=6.6977
[Epoch 005] train_ce=0.1639 | train_nuc=6.7617 | train_total=0.1651 | train_acc=0.9409 | val_loss=0.1335 | val_acc=0.9547 | test_acc=0.9535 | fro=1.0000 | nuc=6.7592
[Epoch 006] train_ce=0.1610 | train_nuc=6.8864 | train_total=0.1622 | train_acc=0.9417 | val_loss=0.1285 | val_acc=0.9547 | test_acc=0.9547 | fro=1.0000 | nuc=7.0053
[Epoch 007] train_ce=0.1499 | train_nuc=7.0769 | train_total=0.1511 | train_acc=0.9461 | val_loss=0.1578 | val_acc=0.9423 | test_acc=0.9426 | fro=1.0000 | nuc=7.1793
[Epoch 008] train_ce=0.1554 | train_nuc=7.0488 | train_total=0.1566 | train_acc=0.9435 | val_loss=0.1484 | val_acc=0.9427 | test_acc=0.9398 | fro=1.0000 | nuc=7.0602
[Epoch 009] train_ce=0.1541 | train_nuc=7.0214 | train_total=0.1554 | train_acc=0.9443 | val_loss=0.1359 | val_acc=0.9497 | test_acc=0.9530 | fro=1.0000 | nuc=7.1065
[Epoch 010] train_ce=0.1523 | train_nuc=7.0168 | train_total=0.1536 | train_acc=0.9442 | val_loss=0.1376 | val_acc=0.9513 | test_acc=0.9449 | fro=1.0000 | nuc=7.1918
[Epoch 011] train_ce=0.1456 | train_nuc=7.1473 | train_total=0.1469 | train_acc=0.9472 | val_loss=0.1411 | val_acc=0.9507 | test_acc=0.9521 | fro=1.0000 | nuc=7.1407
[Epoch 012] train_ce=0.1497 | train_nuc=7.0367 | train_total=0.1509 | train_acc=0.9456 | val_loss=0.1215 | val_acc=0.9603 | test_acc=0.9583 | fro=1.0000 | nuc=7.1685
[Epoch 013] train_ce=0.1475 | train_nuc=7.0964 | train_total=0.1487 | train_acc=0.9465 | val_loss=0.1198 | val_acc=0.9550 | test_acc=0.9516 | fro=1.0000 | nuc=7.0775
[Epoch 014] train_ce=0.1471 | train_nuc=7.1247 | train_total=0.1484 | train_acc=0.9468 | val_loss=0.1272 | val_acc=0.9567 | test_acc=0.9527 | fro=1.0000 | nuc=6.9325
[Epoch 015] train_ce=0.1493 | train_nuc=6.9083 | train_total=0.1505 | train_acc=0.9453 | val_loss=0.1269 | val_acc=0.9567 | test_acc=0.9533 | fro=1.0000 | nuc=6.8715
[Epoch 016] train_ce=0.1462 | train_nuc=7.0513 | train_total=0.1474 | train_acc=0.9460 | val_loss=0.1446 | val_acc=0.9473 | test_acc=0.9474 | fro=1.0000 | nuc=6.8579
[Epoch 017] train_ce=0.1499 | train_nuc=6.8115 | train_total=0.1511 | train_acc=0.9454 | val_loss=0.1569 | val_acc=0.9387 | test_acc=0.9379 | fro=1.0000 | nuc=6.7252
[Epoch 018] train_ce=0.1419 | train_nuc=6.8613 | train_total=0.1431 | train_acc=0.9487 | val_loss=0.1263 | val_acc=0.9597 | test_acc=0.9532 | fro=1.0000 | nuc=6.8397
[Epoch 019] train_ce=0.1438 | train_nuc=6.9732 | train_total=0.1450 | train_acc=0.9486 | val_loss=0.1600 | val_acc=0.9343 | test_acc=0.9309 | fro=1.0000 | nuc=7.0113
[Epoch 020] train_ce=0.1469 | train_nuc=6.9096 | train_total=0.1481 | train_acc=0.9459 | val_loss=0.1280 | val_acc=0.9563 | test_acc=0.9547 | fro=1.0000 | nuc=7.0894
[Epoch 021] train_ce=0.1505 | train_nuc=6.8161 | train_total=0.1517 | train_acc=0.9447 | val_loss=0.1323 | val_acc=0.9483 | test_acc=0.9460 | fro=1.0000 | nuc=6.9438
[Epoch 022] train_ce=0.1422 | train_nuc=7.0294 | train_total=0.1434 | train_acc=0.9480 | val_loss=0.1114 | val_acc=0.9577 | test_acc=0.9554 | fro=1.0000 | nuc=7.1186
[Epoch 023] train_ce=0.1622 | train_nuc=6.7371 | train_total=0.1634 | train_acc=0.9391 | val_loss=0.1333 | val_acc=0.9487 | test_acc=0.9497 | fro=1.0000 | nuc=6.4491
[Epoch 024] train_ce=0.1471 | train_nuc=6.7254 | train_total=0.1483 | train_acc=0.9470 | val_loss=0.1396 | val_acc=0.9490 | test_acc=0.9477 | fro=1.0000 | nuc=6.2744
[Epoch 025] train_ce=0.1529 | train_nuc=6.7366 | train_total=0.1541 | train_acc=0.9436 | val_loss=0.1375 | val_acc=0.9467 | test_acc=0.9467 | fro=1.0000 | nuc=6.5085
[Epoch 026] train_ce=0.1416 | train_nuc=6.7068 | train_total=0.1428 | train_acc=0.9489 | val_loss=0.1094 | val_acc=0.9670 | test_acc=0.9543 | fro=1.0000 | nuc=6.8225
[Epoch 027] train_ce=0.1512 | train_nuc=6.6567 | train_total=0.1524 | train_acc=0.9450 | val_loss=0.1151 | val_acc=0.9593 | test_acc=0.9593 | fro=1.0000 | nuc=6.7116
[Epoch 028] train_ce=0.1414 | train_nuc=6.6147 | train_total=0.1426 | train_acc=0.9486 | val_loss=0.1166 | val_acc=0.9580 | test_acc=0.9528 | fro=1.0000 | nuc=6.5671
[Epoch 029] train_ce=0.1384 | train_nuc=6.7063 | train_total=0.1396 | train_acc=0.9505 | val_loss=0.1106 | val_acc=0.9640 | test_acc=0.9598 | fro=1.0000 | nuc=6.8338
[Epoch 030] train_ce=0.1476 | train_nuc=6.6981 | train_total=0.1488 | train_acc=0.9469 | val_loss=0.1362 | val_acc=0.9463 | test_acc=0.9473 | fro=1.0000 | nuc=6.8180
[Epoch 031] train_ce=0.1425 | train_nuc=6.7700 | train_total=0.1437 | train_acc=0.9479 | val_loss=0.1212 | val_acc=0.9547 | test_acc=0.9532 | fro=1.0000 | nuc=6.6733
[Epoch 032] train_ce=0.1335 | train_nuc=6.8003 | train_total=0.1347 | train_acc=0.9520 | val_loss=0.1181 | val_acc=0.9567 | test_acc=0.9598 | fro=1.0000 | nuc=6.8819
[Epoch 033] train_ce=0.1599 | train_nuc=6.5316 | train_total=0.1611 | train_acc=0.9405 | val_loss=0.1193 | val_acc=0.9577 | test_acc=0.9531 | fro=1.0000 | nuc=6.7866
[Epoch 034] train_ce=0.1464 | train_nuc=6.7368 | train_total=0.1476 | train_acc=0.9460 | val_loss=0.1420 | val_acc=0.9443 | test_acc=0.9409 | fro=1.0000 | nuc=6.5102
[Epoch 035] train_ce=0.1561 | train_nuc=6.3456 | train_total=0.1572 | train_acc=0.9414 | val_loss=0.2877 | val_acc=0.8753 | test_acc=0.8675 | fro=1.0000 | nuc=6.7361
[Epoch 036] train_ce=0.1563 | train_nuc=6.3241 | train_total=0.1575 | train_acc=0.9418 | val_loss=0.1180 | val_acc=0.9583 | test_acc=0.9550 | fro=1.0000 | nuc=6.6496
Early stopping triggered at epoch 36. Best val_loss=0.109403 at epoch 26.
Done. alpha=0.00017716005396691217 | best_val_loss=0.109403 | best_epoch=26

================================================================================
Training alpha=0.00017716, seed=3
================================================================================
Using device: cuda
[Experiment] model_one_layer_FC_alpha_0p00017716005396691217
[Alpha] 0.00017716005396691217
[Run dir] outputs/compressibility_adv_robustness/model_one_layer_FC_alpha_0p00017716005396691217_seed_3
[Target Frobenius norm] 1.000000
[Early stopping patience] 10
[Epoch 001] train_ce=0.2779 | train_nuc=5.0570 | train_total=0.2788 | train_acc=0.8941 | val_loss=0.2264 | val_acc=0.9153 | test_acc=0.9267 | fro=1.0000 | nuc=5.1969
[Epoch 002] train_ce=0.1966 | train_nuc=5.5841 | train_total=0.1976 | train_acc=0.9299 | val_loss=0.1853 | val_acc=0.9380 | test_acc=0.9401 | fro=1.0000 | nuc=5.9571
[Epoch 003] train_ce=0.1800 | train_nuc=6.1315 | train_total=0.1811 | train_acc=0.9352 | val_loss=0.1671 | val_acc=0.9450 | test_acc=0.9411 | fro=1.0000 | nuc=6.3316
[Epoch 004] train_ce=0.1699 | train_nuc=6.5281 | train_total=0.1710 | train_acc=0.9380 | val_loss=0.2140 | val_acc=0.9143 | test_acc=0.9184 | fro=1.0000 | nuc=6.7041
[Epoch 005] train_ce=0.1716 | train_nuc=6.7069 | train_total=0.1728 | train_acc=0.9372 | val_loss=0.1554 | val_acc=0.9473 | test_acc=0.9474 | fro=1.0000 | nuc=6.7076
[Epoch 006] train_ce=0.1632 | train_nuc=6.8394 | train_total=0.1644 | train_acc=0.9402 | val_loss=0.1575 | val_acc=0.9417 | test_acc=0.9435 | fro=1.0000 | nuc=6.8792
[Epoch 007] train_ce=0.1583 | train_nuc=7.0938 | train_total=0.1595 | train_acc=0.9415 | val_loss=0.1670 | val_acc=0.9393 | test_acc=0.9407 | fro=1.0000 | nuc=7.0970
[Epoch 008] train_ce=0.1575 | train_nuc=7.1765 | train_total=0.1588 | train_acc=0.9430 | val_loss=0.1735 | val_acc=0.9413 | test_acc=0.9437 | fro=1.0000 | nuc=6.8717
[Epoch 009] train_ce=0.1545 | train_nuc=7.0599 | train_total=0.1557 | train_acc=0.9440 | val_loss=0.1508 | val_acc=0.9453 | test_acc=0.9509 | fro=1.0000 | nuc=7.2141
[Epoch 010] train_ce=0.1515 | train_nuc=7.1279 | train_total=0.1528 | train_acc=0.9449 | val_loss=0.1447 | val_acc=0.9490 | test_acc=0.9524 | fro=1.0000 | nuc=7.0978
[Epoch 011] train_ce=0.1502 | train_nuc=7.1521 | train_total=0.1514 | train_acc=0.9454 | val_loss=0.1677 | val_acc=0.9370 | test_acc=0.9428 | fro=1.0000 | nuc=7.2158
[Epoch 012] train_ce=0.1490 | train_nuc=7.0853 | train_total=0.1503 | train_acc=0.9459 | val_loss=0.1329 | val_acc=0.9563 | test_acc=0.9544 | fro=1.0000 | nuc=7.0414
[Epoch 013] train_ce=0.1463 | train_nuc=7.1446 | train_total=0.1476 | train_acc=0.9472 | val_loss=0.1728 | val_acc=0.9293 | test_acc=0.9371 | fro=1.0000 | nuc=7.0461
[Epoch 014] train_ce=0.1506 | train_nuc=7.0781 | train_total=0.1519 | train_acc=0.9442 | val_loss=0.1817 | val_acc=0.9330 | test_acc=0.9390 | fro=1.0000 | nuc=6.8576
[Epoch 015] train_ce=0.1476 | train_nuc=6.9353 | train_total=0.1488 | train_acc=0.9475 | val_loss=0.1468 | val_acc=0.9493 | test_acc=0.9440 | fro=1.0000 | nuc=6.9188
[Epoch 016] train_ce=0.1553 | train_nuc=6.9775 | train_total=0.1566 | train_acc=0.9427 | val_loss=0.1521 | val_acc=0.9527 | test_acc=0.9495 | fro=1.0000 | nuc=6.8396
[Epoch 017] train_ce=0.1504 | train_nuc=6.9843 | train_total=0.1516 | train_acc=0.9452 | val_loss=0.1522 | val_acc=0.9463 | test_acc=0.9520 | fro=1.0000 | nuc=7.0924
[Epoch 018] train_ce=0.1443 | train_nuc=7.1008 | train_total=0.1455 | train_acc=0.9471 | val_loss=0.1594 | val_acc=0.9447 | test_acc=0.9417 | fro=1.0000 | nuc=6.9669
[Epoch 019] train_ce=0.1495 | train_nuc=6.8590 | train_total=0.1507 | train_acc=0.9447 | val_loss=0.1413 | val_acc=0.9503 | test_acc=0.9530 | fro=1.0000 | nuc=6.9370
[Epoch 020] train_ce=0.1480 | train_nuc=6.9913 | train_total=0.1492 | train_acc=0.9455 | val_loss=0.1502 | val_acc=0.9487 | test_acc=0.9535 | fro=1.0000 | nuc=6.8835
[Epoch 021] train_ce=0.1466 | train_nuc=6.9670 | train_total=0.1478 | train_acc=0.9455 | val_loss=0.1533 | val_acc=0.9437 | test_acc=0.9488 | fro=1.0000 | nuc=6.8628
[Epoch 022] train_ce=0.1446 | train_nuc=7.0226 | train_total=0.1458 | train_acc=0.9472 | val_loss=0.1299 | val_acc=0.9573 | test_acc=0.9614 | fro=1.0000 | nuc=7.0423
[Epoch 023] train_ce=0.1448 | train_nuc=7.1058 | train_total=0.1460 | train_acc=0.9472 | val_loss=0.2199 | val_acc=0.9083 | test_acc=0.9089 | fro=1.0000 | nuc=6.8984
[Epoch 024] train_ce=0.1602 | train_nuc=6.7287 | train_total=0.1614 | train_acc=0.9405 | val_loss=0.1756 | val_acc=0.9357 | test_acc=0.9367 | fro=1.0000 | nuc=6.2520
[Epoch 025] train_ce=0.1356 | train_nuc=6.8143 | train_total=0.1368 | train_acc=0.9510 | val_loss=0.1227 | val_acc=0.9533 | test_acc=0.9586 | fro=1.0000 | nuc=7.0847
[Epoch 026] train_ce=0.1473 | train_nuc=6.7965 | train_total=0.1485 | train_acc=0.9466 | val_loss=0.1249 | val_acc=0.9593 | test_acc=0.9566 | fro=1.0000 | nuc=6.8706
[Epoch 027] train_ce=0.1357 | train_nuc=6.9117 | train_total=0.1369 | train_acc=0.9522 | val_loss=0.1391 | val_acc=0.9503 | test_acc=0.9500 | fro=1.0000 | nuc=6.7938
[Epoch 028] train_ce=0.1504 | train_nuc=6.8229 | train_total=0.1516 | train_acc=0.9447 | val_loss=0.1453 | val_acc=0.9503 | test_acc=0.9539 | fro=1.0000 | nuc=6.8672
[Epoch 029] train_ce=0.1525 | train_nuc=6.7451 | train_total=0.1537 | train_acc=0.9444 | val_loss=0.1303 | val_acc=0.9597 | test_acc=0.9519 | fro=1.0000 | nuc=6.9000
[Epoch 030] train_ce=0.1407 | train_nuc=6.8540 | train_total=0.1419 | train_acc=0.9492 | val_loss=0.1339 | val_acc=0.9537 | test_acc=0.9523 | fro=1.0000 | nuc=7.1565
[Epoch 031] train_ce=0.1401 | train_nuc=7.0268 | train_total=0.1414 | train_acc=0.9484 | val_loss=0.1650 | val_acc=0.9383 | test_acc=0.9419 | fro=1.0000 | nuc=6.9262
[Epoch 032] train_ce=0.1507 | train_nuc=6.8539 | train_total=0.1519 | train_acc=0.9435 | val_loss=0.1562 | val_acc=0.9463 | test_acc=0.9415 | fro=1.0000 | nuc=6.7083
[Epoch 033] train_ce=0.1416 | train_nuc=6.7432 | train_total=0.1428 | train_acc=0.9485 | val_loss=0.1398 | val_acc=0.9510 | test_acc=0.9541 | fro=1.0000 | nuc=6.7802
[Epoch 034] train_ce=0.1500 | train_nuc=6.7294 | train_total=0.1511 | train_acc=0.9447 | val_loss=0.1353 | val_acc=0.9553 | test_acc=0.9596 | fro=1.0000 | nuc=7.0123
[Epoch 035] train_ce=0.1503 | train_nuc=6.7676 | train_total=0.1515 | train_acc=0.9441 | val_loss=0.1731 | val_acc=0.9413 | test_acc=0.9361 | fro=1.0000 | nuc=6.4892
Early stopping triggered at epoch 35. Best val_loss=0.122698 at epoch 25.
Done. alpha=0.00017716005396691217 | best_val_loss=0.122698 | best_epoch=25

================================================================================
Training alpha=0.00017716, seed=4
================================================================================
Using device: cuda
[Experiment] model_one_layer_FC_alpha_0p00017716005396691217
[Alpha] 0.00017716005396691217
[Run dir] outputs/compressibility_adv_robustness/model_one_layer_FC_alpha_0p00017716005396691217_seed_4
[Target Frobenius norm] 1.000000
[Early stopping patience] 10
[Epoch 001] train_ce=0.2655 | train_nuc=4.9798 | train_total=0.2664 | train_acc=0.8991 | val_loss=0.1903 | val_acc=0.9347 | test_acc=0.9368 | fro=1.0000 | nuc=5.0419
[Epoch 002] train_ce=0.1875 | train_nuc=5.4901 | train_total=0.1885 | train_acc=0.9331 | val_loss=0.1609 | val_acc=0.9497 | test_acc=0.9492 | fro=1.0000 | nuc=5.9771
[Epoch 003] train_ce=0.1697 | train_nuc=6.1657 | train_total=0.1708 | train_acc=0.9395 | val_loss=0.1726 | val_acc=0.9377 | test_acc=0.9391 | fro=1.0000 | nuc=6.3063
[Epoch 004] train_ce=0.1690 | train_nuc=6.4198 | train_total=0.1701 | train_acc=0.9375 | val_loss=0.1399 | val_acc=0.9523 | test_acc=0.9543 | fro=1.0000 | nuc=6.6297
[Epoch 005] train_ce=0.1618 | train_nuc=6.7050 | train_total=0.1630 | train_acc=0.9414 | val_loss=0.1581 | val_acc=0.9460 | test_acc=0.9457 | fro=1.0000 | nuc=6.8630
[Epoch 006] train_ce=0.1632 | train_nuc=6.7592 | train_total=0.1644 | train_acc=0.9409 | val_loss=0.1577 | val_acc=0.9433 | test_acc=0.9446 | fro=1.0000 | nuc=6.7360
[Epoch 007] train_ce=0.1575 | train_nuc=6.7825 | train_total=0.1587 | train_acc=0.9427 | val_loss=0.1508 | val_acc=0.9460 | test_acc=0.9462 | fro=1.0000 | nuc=6.9052
[Epoch 008] train_ce=0.1573 | train_nuc=6.8686 | train_total=0.1585 | train_acc=0.9425 | val_loss=0.1398 | val_acc=0.9533 | test_acc=0.9534 | fro=1.0000 | nuc=6.8440
[Epoch 009] train_ce=0.1492 | train_nuc=6.9317 | train_total=0.1504 | train_acc=0.9459 | val_loss=0.1487 | val_acc=0.9520 | test_acc=0.9460 | fro=1.0000 | nuc=7.0173
[Epoch 010] train_ce=0.1454 | train_nuc=7.0045 | train_total=0.1466 | train_acc=0.9476 | val_loss=0.1701 | val_acc=0.9357 | test_acc=0.9381 | fro=1.0000 | nuc=7.1254
[Epoch 011] train_ce=0.1505 | train_nuc=7.0128 | train_total=0.1517 | train_acc=0.9448 | val_loss=0.1514 | val_acc=0.9480 | test_acc=0.9428 | fro=1.0000 | nuc=7.2059
[Epoch 012] train_ce=0.1420 | train_nuc=7.0235 | train_total=0.1432 | train_acc=0.9480 | val_loss=0.1305 | val_acc=0.9577 | test_acc=0.9527 | fro=1.0000 | nuc=7.0502
[Epoch 013] train_ce=0.1463 | train_nuc=6.8943 | train_total=0.1475 | train_acc=0.9466 | val_loss=0.1264 | val_acc=0.9540 | test_acc=0.9523 | fro=1.0000 | nuc=6.8925
[Epoch 014] train_ce=0.1410 | train_nuc=6.9197 | train_total=0.1422 | train_acc=0.9485 | val_loss=0.1545 | val_acc=0.9457 | test_acc=0.9459 | fro=1.0000 | nuc=6.9077
[Epoch 015] train_ce=0.1428 | train_nuc=6.9816 | train_total=0.1441 | train_acc=0.9481 | val_loss=0.1297 | val_acc=0.9547 | test_acc=0.9545 | fro=1.0000 | nuc=7.2180
[Epoch 016] train_ce=0.1414 | train_nuc=7.0681 | train_total=0.1426 | train_acc=0.9492 | val_loss=0.1420 | val_acc=0.9480 | test_acc=0.9514 | fro=1.0000 | nuc=6.9872
[Epoch 017] train_ce=0.1405 | train_nuc=7.0879 | train_total=0.1417 | train_acc=0.9488 | val_loss=0.1296 | val_acc=0.9590 | test_acc=0.9539 | fro=1.0000 | nuc=7.0835
[Epoch 018] train_ce=0.1436 | train_nuc=6.9316 | train_total=0.1448 | train_acc=0.9474 | val_loss=0.1293 | val_acc=0.9533 | test_acc=0.9537 | fro=1.0000 | nuc=7.0587
[Epoch 019] train_ce=0.1370 | train_nuc=6.9891 | train_total=0.1382 | train_acc=0.9505 | val_loss=0.2546 | val_acc=0.8990 | test_acc=0.8954 | fro=1.0000 | nuc=6.9746
[Epoch 020] train_ce=0.1542 | train_nuc=6.6910 | train_total=0.1554 | train_acc=0.9431 | val_loss=0.1414 | val_acc=0.9507 | test_acc=0.9534 | fro=1.0000 | nuc=6.6622
[Epoch 021] train_ce=0.1347 | train_nuc=6.8279 | train_total=0.1360 | train_acc=0.9514 | val_loss=0.1757 | val_acc=0.9350 | test_acc=0.9319 | fro=1.0000 | nuc=6.8450
[Epoch 022] train_ce=0.1352 | train_nuc=6.8569 | train_total=0.1364 | train_acc=0.9506 | val_loss=0.1508 | val_acc=0.9473 | test_acc=0.9470 | fro=1.0000 | nuc=6.7769
[Epoch 023] train_ce=0.1578 | train_nuc=6.6313 | train_total=0.1589 | train_acc=0.9417 | val_loss=0.1421 | val_acc=0.9490 | test_acc=0.9525 | fro=1.0000 | nuc=6.4850
Early stopping triggered at epoch 23. Best val_loss=0.126377 at epoch 13.
Done. alpha=0.00017716005396691217 | best_val_loss=0.126377 | best_epoch=13

================================================================================
Training alpha=0.00031386, seed=0
================================================================================
Using device: cuda
[Experiment] model_one_layer_FC_alpha_0p000313856847215592
[Alpha] 0.000313856847215592
[Run dir] outputs/compressibility_adv_robustness/model_one_layer_FC_alpha_0p000313856847215592_seed_0
[Target Frobenius norm] 1.000000
[Early stopping patience] 10
[Epoch 001] train_ce=0.2736 | train_nuc=4.9125 | train_total=0.2752 | train_acc=0.8950 | val_loss=0.2033 | val_acc=0.9333 | test_acc=0.9297 | fro=1.0000 | nuc=4.9747
[Epoch 002] train_ce=0.1947 | train_nuc=5.4797 | train_total=0.1964 | train_acc=0.9290 | val_loss=0.1820 | val_acc=0.9440 | test_acc=0.9378 | fro=1.0000 | nuc=5.9407
[Epoch 003] train_ce=0.1765 | train_nuc=6.1569 | train_total=0.1784 | train_acc=0.9364 | val_loss=0.1488 | val_acc=0.9527 | test_acc=0.9452 | fro=1.0000 | nuc=6.2761
[Epoch 004] train_ce=0.1629 | train_nuc=6.5373 | train_total=0.1650 | train_acc=0.9419 | val_loss=0.1671 | val_acc=0.9393 | test_acc=0.9420 | fro=1.0000 | nuc=6.5926
[Epoch 005] train_ce=0.1647 | train_nuc=6.6814 | train_total=0.1668 | train_acc=0.9409 | val_loss=0.1376 | val_acc=0.9547 | test_acc=0.9503 | fro=1.0000 | nuc=6.9133
[Epoch 006] train_ce=0.1606 | train_nuc=6.8477 | train_total=0.1627 | train_acc=0.9412 | val_loss=0.1330 | val_acc=0.9543 | test_acc=0.9527 | fro=1.0000 | nuc=6.9270
[Epoch 007] train_ce=0.1611 | train_nuc=6.9158 | train_total=0.1633 | train_acc=0.9400 | val_loss=0.1459 | val_acc=0.9453 | test_acc=0.9514 | fro=1.0000 | nuc=6.9411
[Epoch 008] train_ce=0.1511 | train_nuc=7.0903 | train_total=0.1533 | train_acc=0.9460 | val_loss=0.1447 | val_acc=0.9493 | test_acc=0.9429 | fro=1.0000 | nuc=7.1427
[Epoch 009] train_ce=0.1565 | train_nuc=7.0967 | train_total=0.1588 | train_acc=0.9423 | val_loss=0.1286 | val_acc=0.9573 | test_acc=0.9533 | fro=1.0000 | nuc=6.9718
[Epoch 010] train_ce=0.1545 | train_nuc=6.9525 | train_total=0.1567 | train_acc=0.9434 | val_loss=0.1555 | val_acc=0.9413 | test_acc=0.9378 | fro=1.0000 | nuc=6.9794
[Epoch 011] train_ce=0.1529 | train_nuc=6.9792 | train_total=0.1551 | train_acc=0.9442 | val_loss=0.1448 | val_acc=0.9490 | test_acc=0.9427 | fro=1.0000 | nuc=6.9964
[Epoch 012] train_ce=0.1586 | train_nuc=6.8744 | train_total=0.1608 | train_acc=0.9421 | val_loss=0.1564 | val_acc=0.9437 | test_acc=0.9394 | fro=1.0000 | nuc=6.8834
[Epoch 013] train_ce=0.1567 | train_nuc=6.8241 | train_total=0.1588 | train_acc=0.9425 | val_loss=0.1521 | val_acc=0.9430 | test_acc=0.9448 | fro=1.0000 | nuc=6.7013
[Epoch 014] train_ce=0.1462 | train_nuc=6.9908 | train_total=0.1484 | train_acc=0.9470 | val_loss=0.1244 | val_acc=0.9543 | test_acc=0.9519 | fro=1.0000 | nuc=7.0600
[Epoch 015] train_ce=0.1457 | train_nuc=7.1141 | train_total=0.1479 | train_acc=0.9461 | val_loss=0.1261 | val_acc=0.9587 | test_acc=0.9548 | fro=1.0000 | nuc=7.1289
[Epoch 016] train_ce=0.1532 | train_nuc=6.8789 | train_total=0.1553 | train_acc=0.9440 | val_loss=0.1758 | val_acc=0.9263 | test_acc=0.9257 | fro=1.0000 | nuc=6.8743
[Epoch 017] train_ce=0.1433 | train_nuc=7.0063 | train_total=0.1455 | train_acc=0.9478 | val_loss=0.1244 | val_acc=0.9593 | test_acc=0.9491 | fro=1.0000 | nuc=6.9292
[Epoch 018] train_ce=0.1461 | train_nuc=6.8530 | train_total=0.1483 | train_acc=0.9473 | val_loss=0.1331 | val_acc=0.9473 | test_acc=0.9484 | fro=1.0000 | nuc=6.9025
[Epoch 019] train_ce=0.1420 | train_nuc=7.0070 | train_total=0.1442 | train_acc=0.9481 | val_loss=0.1419 | val_acc=0.9480 | test_acc=0.9527 | fro=1.0000 | nuc=6.8685
[Epoch 020] train_ce=0.1499 | train_nuc=6.8496 | train_total=0.1521 | train_acc=0.9459 | val_loss=0.1165 | val_acc=0.9573 | test_acc=0.9598 | fro=1.0000 | nuc=6.9988
[Epoch 021] train_ce=0.1567 | train_nuc=6.7959 | train_total=0.1588 | train_acc=0.9413 | val_loss=0.1551 | val_acc=0.9393 | test_acc=0.9420 | fro=1.0000 | nuc=6.9394
[Epoch 022] train_ce=0.1387 | train_nuc=6.8378 | train_total=0.1409 | train_acc=0.9501 | val_loss=0.1668 | val_acc=0.9327 | test_acc=0.9359 | fro=1.0000 | nuc=6.8572
[Epoch 023] train_ce=0.1494 | train_nuc=6.7387 | train_total=0.1515 | train_acc=0.9452 | val_loss=0.1471 | val_acc=0.9510 | test_acc=0.9484 | fro=1.0000 | nuc=6.5465
[Epoch 024] train_ce=0.1372 | train_nuc=6.8516 | train_total=0.1394 | train_acc=0.9498 | val_loss=0.1268 | val_acc=0.9617 | test_acc=0.9547 | fro=1.0000 | nuc=7.0520
[Epoch 025] train_ce=0.1484 | train_nuc=6.7918 | train_total=0.1505 | train_acc=0.9454 | val_loss=0.1295 | val_acc=0.9533 | test_acc=0.9478 | fro=1.0000 | nuc=6.5062
[Epoch 026] train_ce=0.1468 | train_nuc=6.6661 | train_total=0.1489 | train_acc=0.9461 | val_loss=0.1248 | val_acc=0.9583 | test_acc=0.9572 | fro=1.0000 | nuc=6.6985
[Epoch 027] train_ce=0.1434 | train_nuc=6.6921 | train_total=0.1455 | train_acc=0.9481 | val_loss=0.1973 | val_acc=0.9257 | test_acc=0.9248 | fro=1.0000 | nuc=6.6786
[Epoch 028] train_ce=0.1533 | train_nuc=6.7141 | train_total=0.1554 | train_acc=0.9427 | val_loss=0.1397 | val_acc=0.9497 | test_acc=0.9480 | fro=1.0000 | nuc=6.6484
[Epoch 029] train_ce=0.1427 | train_nuc=6.7009 | train_total=0.1448 | train_acc=0.9470 | val_loss=0.1643 | val_acc=0.9383 | test_acc=0.9445 | fro=1.0000 | nuc=6.7150
[Epoch 030] train_ce=0.1544 | train_nuc=6.6389 | train_total=0.1565 | train_acc=0.9422 | val_loss=0.1490 | val_acc=0.9503 | test_acc=0.9465 | fro=1.0000 | nuc=6.1381
Early stopping triggered at epoch 30. Best val_loss=0.116544 at epoch 20.
Done. alpha=0.000313856847215592 | best_val_loss=0.116544 | best_epoch=20

================================================================================
Training alpha=0.00031386, seed=1
================================================================================
Using device: cuda
[Experiment] model_one_layer_FC_alpha_0p000313856847215592
[Alpha] 0.000313856847215592
[Run dir] outputs/compressibility_adv_robustness/model_one_layer_FC_alpha_0p000313856847215592_seed_1
[Target Frobenius norm] 1.000000
[Early stopping patience] 10
[Epoch 001] train_ce=0.2719 | train_nuc=4.8522 | train_total=0.2735 | train_acc=0.8955 | val_loss=0.1965 | val_acc=0.9297 | test_acc=0.9373 | fro=1.0000 | nuc=5.0257
[Epoch 002] train_ce=0.1919 | train_nuc=5.4505 | train_total=0.1936 | train_acc=0.9315 | val_loss=0.1923 | val_acc=0.9307 | test_acc=0.9336 | fro=1.0000 | nuc=5.8598
[Epoch 003] train_ce=0.1728 | train_nuc=6.0146 | train_total=0.1747 | train_acc=0.9385 | val_loss=0.1701 | val_acc=0.9367 | test_acc=0.9433 | fro=1.0000 | nuc=6.2611
[Epoch 004] train_ce=0.1688 | train_nuc=6.4745 | train_total=0.1708 | train_acc=0.9389 | val_loss=0.1774 | val_acc=0.9300 | test_acc=0.9334 | fro=1.0000 | nuc=6.5876
[Epoch 005] train_ce=0.1572 | train_nuc=6.7888 | train_total=0.1593 | train_acc=0.9438 | val_loss=0.1493 | val_acc=0.9470 | test_acc=0.9490 | fro=1.0000 | nuc=7.0282
[Epoch 006] train_ce=0.1622 | train_nuc=6.9108 | train_total=0.1643 | train_acc=0.9411 | val_loss=0.1752 | val_acc=0.9373 | test_acc=0.9425 | fro=1.0000 | nuc=6.9833
[Epoch 007] train_ce=0.1668 | train_nuc=6.8923 | train_total=0.1689 | train_acc=0.9374 | val_loss=0.1563 | val_acc=0.9480 | test_acc=0.9488 | fro=1.0000 | nuc=6.8234
[Epoch 008] train_ce=0.1514 | train_nuc=6.9705 | train_total=0.1536 | train_acc=0.9453 | val_loss=0.1812 | val_acc=0.9293 | test_acc=0.9328 | fro=1.0000 | nuc=6.9489
[Epoch 009] train_ce=0.1499 | train_nuc=7.0264 | train_total=0.1521 | train_acc=0.9456 | val_loss=0.1584 | val_acc=0.9443 | test_acc=0.9480 | fro=1.0000 | nuc=7.1453
[Epoch 010] train_ce=0.1493 | train_nuc=7.1466 | train_total=0.1515 | train_acc=0.9455 | val_loss=0.1682 | val_acc=0.9387 | test_acc=0.9394 | fro=1.0000 | nuc=7.0732
[Epoch 011] train_ce=0.1498 | train_nuc=7.1705 | train_total=0.1520 | train_acc=0.9459 | val_loss=0.1532 | val_acc=0.9413 | test_acc=0.9467 | fro=1.0000 | nuc=7.2267
[Epoch 012] train_ce=0.1478 | train_nuc=7.0576 | train_total=0.1500 | train_acc=0.9465 | val_loss=0.1508 | val_acc=0.9463 | test_acc=0.9498 | fro=1.0000 | nuc=7.2069
[Epoch 013] train_ce=0.1477 | train_nuc=7.0570 | train_total=0.1499 | train_acc=0.9462 | val_loss=0.1467 | val_acc=0.9490 | test_acc=0.9530 | fro=1.0000 | nuc=6.9946
[Epoch 014] train_ce=0.1505 | train_nuc=6.9611 | train_total=0.1526 | train_acc=0.9446 | val_loss=0.1343 | val_acc=0.9527 | test_acc=0.9571 | fro=1.0000 | nuc=7.1376
[Epoch 015] train_ce=0.1422 | train_nuc=7.0497 | train_total=0.1444 | train_acc=0.9483 | val_loss=0.1586 | val_acc=0.9440 | test_acc=0.9476 | fro=1.0000 | nuc=7.0487
[Epoch 016] train_ce=0.1484 | train_nuc=6.9855 | train_total=0.1506 | train_acc=0.9457 | val_loss=0.1574 | val_acc=0.9403 | test_acc=0.9455 | fro=1.0000 | nuc=6.8699
[Epoch 017] train_ce=0.1422 | train_nuc=6.9162 | train_total=0.1443 | train_acc=0.9482 | val_loss=0.1345 | val_acc=0.9533 | test_acc=0.9543 | fro=1.0000 | nuc=6.8464
[Epoch 018] train_ce=0.1472 | train_nuc=6.7815 | train_total=0.1493 | train_acc=0.9461 | val_loss=0.1511 | val_acc=0.9443 | test_acc=0.9493 | fro=1.0000 | nuc=6.6762
[Epoch 019] train_ce=0.1449 | train_nuc=6.8130 | train_total=0.1471 | train_acc=0.9475 | val_loss=0.1645 | val_acc=0.9337 | test_acc=0.9498 | fro=1.0000 | nuc=6.8258
[Epoch 020] train_ce=0.1457 | train_nuc=6.7810 | train_total=0.1478 | train_acc=0.9476 | val_loss=0.1350 | val_acc=0.9503 | test_acc=0.9577 | fro=1.0000 | nuc=6.7678
[Epoch 021] train_ce=0.1479 | train_nuc=6.6706 | train_total=0.1500 | train_acc=0.9460 | val_loss=0.1314 | val_acc=0.9523 | test_acc=0.9554 | fro=1.0000 | nuc=6.7097
[Epoch 022] train_ce=0.1470 | train_nuc=6.8089 | train_total=0.1491 | train_acc=0.9466 | val_loss=0.1661 | val_acc=0.9363 | test_acc=0.9421 | fro=1.0000 | nuc=6.7942
[Epoch 023] train_ce=0.1530 | train_nuc=6.6169 | train_total=0.1551 | train_acc=0.9435 | val_loss=0.1565 | val_acc=0.9417 | test_acc=0.9472 | fro=1.0000 | nuc=6.7172
[Epoch 024] train_ce=0.1412 | train_nuc=6.7658 | train_total=0.1433 | train_acc=0.9484 | val_loss=0.1370 | val_acc=0.9463 | test_acc=0.9523 | fro=1.0000 | nuc=6.9210
[Epoch 025] train_ce=0.1431 | train_nuc=6.7362 | train_total=0.1452 | train_acc=0.9473 | val_loss=0.1330 | val_acc=0.9513 | test_acc=0.9547 | fro=1.0000 | nuc=6.8609
[Epoch 026] train_ce=0.1446 | train_nuc=6.7888 | train_total=0.1467 | train_acc=0.9476 | val_loss=0.1648 | val_acc=0.9387 | test_acc=0.9503 | fro=1.0000 | nuc=6.8082
[Epoch 027] train_ce=0.1376 | train_nuc=6.7776 | train_total=0.1397 | train_acc=0.9504 | val_loss=0.1247 | val_acc=0.9533 | test_acc=0.9636 | fro=1.0000 | nuc=6.9083
[Epoch 028] train_ce=0.1475 | train_nuc=6.7639 | train_total=0.1496 | train_acc=0.9455 | val_loss=0.1879 | val_acc=0.9250 | test_acc=0.9279 | fro=1.0000 | nuc=6.2997
[Epoch 029] train_ce=0.1592 | train_nuc=6.4805 | train_total=0.1612 | train_acc=0.9411 | val_loss=0.2148 | val_acc=0.9110 | test_acc=0.9236 | fro=1.0000 | nuc=6.4467
[Epoch 030] train_ce=0.1452 | train_nuc=6.6240 | train_total=0.1472 | train_acc=0.9481 | val_loss=0.1380 | val_acc=0.9480 | test_acc=0.9557 | fro=1.0000 | nuc=6.6899
[Epoch 031] train_ce=0.1402 | train_nuc=6.7702 | train_total=0.1424 | train_acc=0.9488 | val_loss=0.1494 | val_acc=0.9413 | test_acc=0.9507 | fro=1.0000 | nuc=6.7481
[Epoch 032] train_ce=0.1502 | train_nuc=6.6454 | train_total=0.1523 | train_acc=0.9442 | val_loss=0.1437 | val_acc=0.9497 | test_acc=0.9507 | fro=1.0000 | nuc=6.4624
[Epoch 033] train_ce=0.1394 | train_nuc=6.5968 | train_total=0.1415 | train_acc=0.9501 | val_loss=0.1422 | val_acc=0.9447 | test_acc=0.9555 | fro=1.0000 | nuc=6.7513
[Epoch 034] train_ce=0.1438 | train_nuc=6.5825 | train_total=0.1459 | train_acc=0.9474 | val_loss=0.1405 | val_acc=0.9520 | test_acc=0.9537 | fro=1.0000 | nuc=6.6226
[Epoch 035] train_ce=0.1393 | train_nuc=6.5955 | train_total=0.1413 | train_acc=0.9493 | val_loss=0.1703 | val_acc=0.9367 | test_acc=0.9441 | fro=1.0000 | nuc=6.6113
[Epoch 036] train_ce=0.1405 | train_nuc=6.6247 | train_total=0.1426 | train_acc=0.9485 | val_loss=0.2090 | val_acc=0.9143 | test_acc=0.9216 | fro=1.0000 | nuc=6.6004
[Epoch 037] train_ce=0.1416 | train_nuc=6.4294 | train_total=0.1436 | train_acc=0.9486 | val_loss=0.1677 | val_acc=0.9373 | test_acc=0.9427 | fro=1.0000 | nuc=6.5857
Early stopping triggered at epoch 37. Best val_loss=0.124696 at epoch 27.
Done. alpha=0.000313856847215592 | best_val_loss=0.124696 | best_epoch=27

================================================================================
Training alpha=0.00031386, seed=2
================================================================================
Using device: cuda
[Experiment] model_one_layer_FC_alpha_0p000313856847215592
[Alpha] 0.000313856847215592
[Run dir] outputs/compressibility_adv_robustness/model_one_layer_FC_alpha_0p000313856847215592_seed_2
[Target Frobenius norm] 1.000000
[Early stopping patience] 10
[Epoch 001] train_ce=0.2760 | train_nuc=4.7909 | train_total=0.2775 | train_acc=0.8963 | val_loss=0.1862 | val_acc=0.9370 | test_acc=0.9346 | fro=1.0000 | nuc=4.9792
[Epoch 002] train_ce=0.1935 | train_nuc=5.3438 | train_total=0.1952 | train_acc=0.9309 | val_loss=0.1573 | val_acc=0.9467 | test_acc=0.9456 | fro=1.0000 | nuc=5.6916
[Epoch 003] train_ce=0.1800 | train_nuc=5.9930 | train_total=0.1818 | train_acc=0.9341 | val_loss=0.2311 | val_acc=0.9050 | test_acc=0.9023 | fro=1.0000 | nuc=6.1160
[Epoch 004] train_ce=0.1733 | train_nuc=6.3306 | train_total=0.1753 | train_acc=0.9377 | val_loss=0.1614 | val_acc=0.9423 | test_acc=0.9390 | fro=1.0000 | nuc=6.5940
[Epoch 005] train_ce=0.1639 | train_nuc=6.6474 | train_total=0.1660 | train_acc=0.9409 | val_loss=0.1379 | val_acc=0.9510 | test_acc=0.9493 | fro=1.0000 | nuc=6.7301
[Epoch 006] train_ce=0.1631 | train_nuc=6.8425 | train_total=0.1652 | train_acc=0.9413 | val_loss=0.1325 | val_acc=0.9533 | test_acc=0.9514 | fro=1.0000 | nuc=6.8720
[Epoch 007] train_ce=0.1531 | train_nuc=6.9915 | train_total=0.1553 | train_acc=0.9444 | val_loss=0.1688 | val_acc=0.9383 | test_acc=0.9381 | fro=1.0000 | nuc=7.1326
[Epoch 008] train_ce=0.1569 | train_nuc=6.9781 | train_total=0.1591 | train_acc=0.9423 | val_loss=0.1419 | val_acc=0.9460 | test_acc=0.9417 | fro=1.0000 | nuc=7.0782
[Epoch 009] train_ce=0.1613 | train_nuc=6.9470 | train_total=0.1635 | train_acc=0.9407 | val_loss=0.1286 | val_acc=0.9580 | test_acc=0.9559 | fro=1.0000 | nuc=6.9770
[Epoch 010] train_ce=0.1534 | train_nuc=7.0011 | train_total=0.1556 | train_acc=0.9434 | val_loss=0.2288 | val_acc=0.9050 | test_acc=0.9051 | fro=1.0000 | nuc=7.1020
[Epoch 011] train_ce=0.1482 | train_nuc=7.0942 | train_total=0.1504 | train_acc=0.9463 | val_loss=0.1312 | val_acc=0.9567 | test_acc=0.9565 | fro=1.0000 | nuc=7.1413
[Epoch 012] train_ce=0.1476 | train_nuc=7.0804 | train_total=0.1498 | train_acc=0.9462 | val_loss=0.1232 | val_acc=0.9593 | test_acc=0.9560 | fro=1.0000 | nuc=7.2339
[Epoch 013] train_ce=0.1454 | train_nuc=7.1453 | train_total=0.1476 | train_acc=0.9473 | val_loss=0.1259 | val_acc=0.9557 | test_acc=0.9516 | fro=1.0000 | nuc=7.0003
[Epoch 014] train_ce=0.1507 | train_nuc=7.0038 | train_total=0.1529 | train_acc=0.9451 | val_loss=0.1394 | val_acc=0.9540 | test_acc=0.9486 | fro=1.0000 | nuc=6.5448
[Epoch 015] train_ce=0.1481 | train_nuc=6.9102 | train_total=0.1502 | train_acc=0.9460 | val_loss=0.1287 | val_acc=0.9537 | test_acc=0.9518 | fro=1.0000 | nuc=6.9726
[Epoch 016] train_ce=0.1438 | train_nuc=7.0995 | train_total=0.1460 | train_acc=0.9480 | val_loss=0.1614 | val_acc=0.9387 | test_acc=0.9369 | fro=1.0000 | nuc=7.0672
[Epoch 017] train_ce=0.1481 | train_nuc=6.9254 | train_total=0.1502 | train_acc=0.9457 | val_loss=0.1515 | val_acc=0.9407 | test_acc=0.9387 | fro=1.0000 | nuc=7.0496
[Epoch 018] train_ce=0.1423 | train_nuc=6.9102 | train_total=0.1445 | train_acc=0.9491 | val_loss=0.1277 | val_acc=0.9583 | test_acc=0.9501 | fro=1.0000 | nuc=6.9272
[Epoch 019] train_ce=0.1391 | train_nuc=6.8583 | train_total=0.1412 | train_acc=0.9500 | val_loss=0.1503 | val_acc=0.9420 | test_acc=0.9356 | fro=1.0000 | nuc=7.0030
[Epoch 020] train_ce=0.1438 | train_nuc=6.8471 | train_total=0.1460 | train_acc=0.9473 | val_loss=0.1238 | val_acc=0.9600 | test_acc=0.9546 | fro=1.0000 | nuc=6.7156
[Epoch 021] train_ce=0.1518 | train_nuc=6.6663 | train_total=0.1538 | train_acc=0.9439 | val_loss=0.1349 | val_acc=0.9483 | test_acc=0.9443 | fro=1.0000 | nuc=6.7918
[Epoch 022] train_ce=0.1409 | train_nuc=6.8074 | train_total=0.1431 | train_acc=0.9488 | val_loss=0.1191 | val_acc=0.9537 | test_acc=0.9525 | fro=1.0000 | nuc=6.9909
[Epoch 023] train_ce=0.1509 | train_nuc=6.7449 | train_total=0.1530 | train_acc=0.9436 | val_loss=0.1254 | val_acc=0.9553 | test_acc=0.9500 | fro=1.0000 | nuc=6.6197
[Epoch 024] train_ce=0.1395 | train_nuc=6.7738 | train_total=0.1416 | train_acc=0.9496 | val_loss=0.1329 | val_acc=0.9533 | test_acc=0.9491 | fro=1.0000 | nuc=6.4865
[Epoch 025] train_ce=0.1490 | train_nuc=6.7597 | train_total=0.1511 | train_acc=0.9451 | val_loss=0.1290 | val_acc=0.9533 | test_acc=0.9496 | fro=1.0000 | nuc=6.6818
[Epoch 026] train_ce=0.1482 | train_nuc=6.7182 | train_total=0.1503 | train_acc=0.9464 | val_loss=0.1190 | val_acc=0.9570 | test_acc=0.9529 | fro=1.0000 | nuc=6.8313
[Epoch 027] train_ce=0.1527 | train_nuc=6.6807 | train_total=0.1548 | train_acc=0.9449 | val_loss=0.1153 | val_acc=0.9630 | test_acc=0.9613 | fro=1.0000 | nuc=6.8404
[Epoch 028] train_ce=0.1455 | train_nuc=6.7612 | train_total=0.1476 | train_acc=0.9477 | val_loss=0.1184 | val_acc=0.9600 | test_acc=0.9534 | fro=1.0000 | nuc=6.7098
[Epoch 029] train_ce=0.1475 | train_nuc=6.5795 | train_total=0.1495 | train_acc=0.9461 | val_loss=0.1196 | val_acc=0.9603 | test_acc=0.9558 | fro=1.0000 | nuc=6.8646
[Epoch 030] train_ce=0.1482 | train_nuc=6.5696 | train_total=0.1502 | train_acc=0.9464 | val_loss=0.1377 | val_acc=0.9470 | test_acc=0.9409 | fro=1.0000 | nuc=6.3980
[Epoch 031] train_ce=0.1450 | train_nuc=6.6636 | train_total=0.1470 | train_acc=0.9476 | val_loss=0.1420 | val_acc=0.9427 | test_acc=0.9446 | fro=1.0000 | nuc=6.4994
[Epoch 032] train_ce=0.1382 | train_nuc=6.6747 | train_total=0.1403 | train_acc=0.9506 | val_loss=0.1224 | val_acc=0.9563 | test_acc=0.9537 | fro=1.0000 | nuc=6.6321
[Epoch 033] train_ce=0.1487 | train_nuc=6.5747 | train_total=0.1507 | train_acc=0.9456 | val_loss=0.1302 | val_acc=0.9490 | test_acc=0.9479 | fro=1.0000 | nuc=6.7145
[Epoch 034] train_ce=0.1391 | train_nuc=6.4998 | train_total=0.1412 | train_acc=0.9493 | val_loss=0.1231 | val_acc=0.9493 | test_acc=0.9484 | fro=1.0000 | nuc=6.6788
[Epoch 035] train_ce=0.1331 | train_nuc=6.5507 | train_total=0.1352 | train_acc=0.9510 | val_loss=0.1090 | val_acc=0.9623 | test_acc=0.9601 | fro=1.0000 | nuc=6.6290
[Epoch 036] train_ce=0.1547 | train_nuc=6.3438 | train_total=0.1567 | train_acc=0.9420 | val_loss=0.1146 | val_acc=0.9583 | test_acc=0.9537 | fro=1.0000 | nuc=6.3683
[Epoch 037] train_ce=0.1320 | train_nuc=6.5677 | train_total=0.1340 | train_acc=0.9533 | val_loss=0.1237 | val_acc=0.9530 | test_acc=0.9531 | fro=1.0000 | nuc=6.5861
[Epoch 038] train_ce=0.1449 | train_nuc=6.3674 | train_total=0.1469 | train_acc=0.9469 | val_loss=0.1495 | val_acc=0.9397 | test_acc=0.9369 | fro=1.0000 | nuc=6.5909
[Epoch 039] train_ce=0.1407 | train_nuc=6.5614 | train_total=0.1428 | train_acc=0.9490 | val_loss=0.1421 | val_acc=0.9467 | test_acc=0.9419 | fro=1.0000 | nuc=6.7396
[Epoch 040] train_ce=0.1469 | train_nuc=6.5169 | train_total=0.1490 | train_acc=0.9467 | val_loss=0.1089 | val_acc=0.9613 | test_acc=0.9603 | fro=1.0000 | nuc=6.2979
[Epoch 041] train_ce=0.1566 | train_nuc=6.3523 | train_total=0.1586 | train_acc=0.9429 | val_loss=0.1075 | val_acc=0.9577 | test_acc=0.9558 | fro=1.0000 | nuc=6.5022
[Epoch 042] train_ce=0.1364 | train_nuc=6.4666 | train_total=0.1384 | train_acc=0.9511 | val_loss=0.1306 | val_acc=0.9517 | test_acc=0.9498 | fro=1.0000 | nuc=6.4399
[Epoch 043] train_ce=0.1456 | train_nuc=6.4275 | train_total=0.1477 | train_acc=0.9467 | val_loss=0.1198 | val_acc=0.9530 | test_acc=0.9522 | fro=1.0000 | nuc=6.6458
[Epoch 044] train_ce=0.1513 | train_nuc=6.3854 | train_total=0.1533 | train_acc=0.9440 | val_loss=0.1236 | val_acc=0.9530 | test_acc=0.9537 | fro=1.0000 | nuc=6.6848
[Epoch 045] train_ce=0.1417 | train_nuc=6.6054 | train_total=0.1438 | train_acc=0.9475 | val_loss=0.1494 | val_acc=0.9480 | test_acc=0.9383 | fro=1.0000 | nuc=5.9716
[Epoch 046] train_ce=0.1373 | train_nuc=6.2882 | train_total=0.1393 | train_acc=0.9504 | val_loss=0.1224 | val_acc=0.9543 | test_acc=0.9478 | fro=1.0000 | nuc=6.6059
[Epoch 047] train_ce=0.1338 | train_nuc=6.5404 | train_total=0.1359 | train_acc=0.9511 | val_loss=0.1187 | val_acc=0.9590 | test_acc=0.9566 | fro=1.0000 | nuc=6.4535
[Epoch 048] train_ce=0.1433 | train_nuc=6.4416 | train_total=0.1453 | train_acc=0.9468 | val_loss=0.1253 | val_acc=0.9520 | test_acc=0.9527 | fro=1.0000 | nuc=6.2265
[Epoch 049] train_ce=0.1443 | train_nuc=6.3799 | train_total=0.1463 | train_acc=0.9467 | val_loss=0.1495 | val_acc=0.9467 | test_acc=0.9450 | fro=1.0000 | nuc=6.2686
[Epoch 050] train_ce=0.1347 | train_nuc=6.4451 | train_total=0.1367 | train_acc=0.9521 | val_loss=0.1712 | val_acc=0.9297 | test_acc=0.9291 | fro=1.0000 | nuc=6.3860
[Epoch 051] train_ce=0.1424 | train_nuc=6.2476 | train_total=0.1444 | train_acc=0.9483 | val_loss=0.1379 | val_acc=0.9507 | test_acc=0.9495 | fro=1.0000 | nuc=6.2867
Early stopping triggered at epoch 51. Best val_loss=0.107490 at epoch 41.
Done. alpha=0.000313856847215592 | best_val_loss=0.107490 | best_epoch=41

================================================================================
Training alpha=0.00031386, seed=3
================================================================================
Using device: cuda
[Experiment] model_one_layer_FC_alpha_0p000313856847215592
[Alpha] 0.000313856847215592
[Run dir] outputs/compressibility_adv_robustness/model_one_layer_FC_alpha_0p000313856847215592_seed_3
[Target Frobenius norm] 1.000000
[Early stopping patience] 10
[Epoch 001] train_ce=0.2782 | train_nuc=4.9558 | train_total=0.2798 | train_acc=0.8935 | val_loss=0.2333 | val_acc=0.9127 | test_acc=0.9214 | fro=1.0000 | nuc=5.1290
[Epoch 002] train_ce=0.1949 | train_nuc=5.5112 | train_total=0.1967 | train_acc=0.9308 | val_loss=0.1727 | val_acc=0.9470 | test_acc=0.9458 | fro=1.0000 | nuc=5.9252
[Epoch 003] train_ce=0.1773 | train_nuc=6.1165 | train_total=0.1792 | train_acc=0.9360 | val_loss=0.1519 | val_acc=0.9543 | test_acc=0.9474 | fro=1.0000 | nuc=6.3269
[Epoch 004] train_ce=0.1662 | train_nuc=6.4990 | train_total=0.1682 | train_acc=0.9399 | val_loss=0.1934 | val_acc=0.9237 | test_acc=0.9287 | fro=1.0000 | nuc=6.7710
[Epoch 005] train_ce=0.1669 | train_nuc=6.7515 | train_total=0.1690 | train_acc=0.9403 | val_loss=0.1516 | val_acc=0.9453 | test_acc=0.9490 | fro=1.0000 | nuc=6.8717
[Epoch 006] train_ce=0.1563 | train_nuc=6.9680 | train_total=0.1585 | train_acc=0.9437 | val_loss=0.1613 | val_acc=0.9383 | test_acc=0.9426 | fro=1.0000 | nuc=6.9514
[Epoch 007] train_ce=0.1577 | train_nuc=7.1437 | train_total=0.1599 | train_acc=0.9412 | val_loss=0.1585 | val_acc=0.9420 | test_acc=0.9437 | fro=1.0000 | nuc=7.1289
[Epoch 008] train_ce=0.1605 | train_nuc=7.0239 | train_total=0.1627 | train_acc=0.9418 | val_loss=0.1744 | val_acc=0.9377 | test_acc=0.9419 | fro=1.0000 | nuc=6.7661
[Epoch 009] train_ce=0.1534 | train_nuc=6.9809 | train_total=0.1556 | train_acc=0.9448 | val_loss=0.1503 | val_acc=0.9463 | test_acc=0.9506 | fro=1.0000 | nuc=7.0950
[Epoch 010] train_ce=0.1534 | train_nuc=7.0071 | train_total=0.1556 | train_acc=0.9449 | val_loss=0.1408 | val_acc=0.9527 | test_acc=0.9524 | fro=1.0000 | nuc=7.0404
[Epoch 011] train_ce=0.1535 | train_nuc=7.0363 | train_total=0.1557 | train_acc=0.9430 | val_loss=0.1502 | val_acc=0.9450 | test_acc=0.9470 | fro=1.0000 | nuc=6.9841
[Epoch 012] train_ce=0.1475 | train_nuc=6.9306 | train_total=0.1497 | train_acc=0.9456 | val_loss=0.1369 | val_acc=0.9490 | test_acc=0.9520 | fro=1.0000 | nuc=7.1074
[Epoch 013] train_ce=0.1456 | train_nuc=7.1251 | train_total=0.1479 | train_acc=0.9470 | val_loss=0.1719 | val_acc=0.9287 | test_acc=0.9372 | fro=1.0000 | nuc=6.8729
[Epoch 014] train_ce=0.1479 | train_nuc=7.0061 | train_total=0.1501 | train_acc=0.9459 | val_loss=0.1418 | val_acc=0.9523 | test_acc=0.9540 | fro=1.0000 | nuc=6.8777
[Epoch 015] train_ce=0.1477 | train_nuc=6.8653 | train_total=0.1498 | train_acc=0.9471 | val_loss=0.1284 | val_acc=0.9590 | test_acc=0.9520 | fro=1.0000 | nuc=6.9245
[Epoch 016] train_ce=0.1581 | train_nuc=6.8316 | train_total=0.1602 | train_acc=0.9400 | val_loss=0.1537 | val_acc=0.9493 | test_acc=0.9467 | fro=1.0000 | nuc=6.4532
[Epoch 017] train_ce=0.1442 | train_nuc=6.8738 | train_total=0.1463 | train_acc=0.9482 | val_loss=0.1406 | val_acc=0.9527 | test_acc=0.9567 | fro=1.0000 | nuc=7.0869
[Epoch 018] train_ce=0.1436 | train_nuc=6.8490 | train_total=0.1457 | train_acc=0.9468 | val_loss=0.1324 | val_acc=0.9567 | test_acc=0.9567 | fro=1.0000 | nuc=6.7110
[Epoch 019] train_ce=0.1481 | train_nuc=6.8654 | train_total=0.1503 | train_acc=0.9452 | val_loss=0.1534 | val_acc=0.9460 | test_acc=0.9499 | fro=1.0000 | nuc=7.0024
[Epoch 020] train_ce=0.1425 | train_nuc=6.9338 | train_total=0.1446 | train_acc=0.9483 | val_loss=0.1396 | val_acc=0.9537 | test_acc=0.9562 | fro=1.0000 | nuc=6.8814
[Epoch 021] train_ce=0.1496 | train_nuc=6.8200 | train_total=0.1517 | train_acc=0.9447 | val_loss=0.1452 | val_acc=0.9443 | test_acc=0.9509 | fro=1.0000 | nuc=6.8762
[Epoch 022] train_ce=0.1467 | train_nuc=6.7552 | train_total=0.1488 | train_acc=0.9460 | val_loss=0.1524 | val_acc=0.9473 | test_acc=0.9483 | fro=1.0000 | nuc=6.0555
[Epoch 023] train_ce=0.1454 | train_nuc=6.7188 | train_total=0.1476 | train_acc=0.9462 | val_loss=0.1752 | val_acc=0.9353 | test_acc=0.9306 | fro=1.0000 | nuc=6.8390
[Epoch 024] train_ce=0.1525 | train_nuc=6.5985 | train_total=0.1545 | train_acc=0.9449 | val_loss=0.1325 | val_acc=0.9540 | test_acc=0.9574 | fro=1.0000 | nuc=6.3064
[Epoch 025] train_ce=0.1453 | train_nuc=6.6808 | train_total=0.1474 | train_acc=0.9468 | val_loss=0.1208 | val_acc=0.9563 | test_acc=0.9574 | fro=1.0000 | nuc=6.9771
[Epoch 026] train_ce=0.1387 | train_nuc=6.8730 | train_total=0.1408 | train_acc=0.9492 | val_loss=0.1334 | val_acc=0.9563 | test_acc=0.9589 | fro=1.0000 | nuc=6.7651
[Epoch 027] train_ce=0.1384 | train_nuc=6.8127 | train_total=0.1405 | train_acc=0.9493 | val_loss=0.1428 | val_acc=0.9497 | test_acc=0.9480 | fro=1.0000 | nuc=6.7513
[Epoch 028] train_ce=0.1534 | train_nuc=6.6078 | train_total=0.1555 | train_acc=0.9433 | val_loss=0.1859 | val_acc=0.9283 | test_acc=0.9307 | fro=1.0000 | nuc=6.8062
[Epoch 029] train_ce=0.1442 | train_nuc=6.7498 | train_total=0.1463 | train_acc=0.9474 | val_loss=0.1395 | val_acc=0.9513 | test_acc=0.9483 | fro=1.0000 | nuc=6.9918
[Epoch 030] train_ce=0.1452 | train_nuc=6.6960 | train_total=0.1474 | train_acc=0.9471 | val_loss=0.1689 | val_acc=0.9360 | test_acc=0.9366 | fro=1.0000 | nuc=6.6989
[Epoch 031] train_ce=0.1417 | train_nuc=6.6398 | train_total=0.1438 | train_acc=0.9481 | val_loss=0.1646 | val_acc=0.9360 | test_acc=0.9392 | fro=1.0000 | nuc=6.7415
[Epoch 032] train_ce=0.1484 | train_nuc=6.5813 | train_total=0.1505 | train_acc=0.9453 | val_loss=0.1272 | val_acc=0.9577 | test_acc=0.9571 | fro=1.0000 | nuc=6.3447
[Epoch 033] train_ce=0.1383 | train_nuc=6.4853 | train_total=0.1403 | train_acc=0.9509 | val_loss=0.1331 | val_acc=0.9527 | test_acc=0.9569 | fro=1.0000 | nuc=6.5969
[Epoch 034] train_ce=0.1479 | train_nuc=6.4141 | train_total=0.1500 | train_acc=0.9455 | val_loss=0.1396 | val_acc=0.9493 | test_acc=0.9533 | fro=1.0000 | nuc=6.8030
[Epoch 035] train_ce=0.1393 | train_nuc=6.5600 | train_total=0.1413 | train_acc=0.9491 | val_loss=0.1423 | val_acc=0.9550 | test_acc=0.9499 | fro=1.0000 | nuc=6.3848
Early stopping triggered at epoch 35. Best val_loss=0.120773 at epoch 25.
Done. alpha=0.000313856847215592 | best_val_loss=0.120773 | best_epoch=25

================================================================================
Training alpha=0.00031386, seed=4
================================================================================
Using device: cuda
[Experiment] model_one_layer_FC_alpha_0p000313856847215592
[Alpha] 0.000313856847215592
[Run dir] outputs/compressibility_adv_robustness/model_one_layer_FC_alpha_0p000313856847215592_seed_4
[Target Frobenius norm] 1.000000
[Early stopping patience] 10
[Epoch 001] train_ce=0.2645 | train_nuc=4.8652 | train_total=0.2660 | train_acc=0.8994 | val_loss=0.1968 | val_acc=0.9307 | test_acc=0.9347 | fro=1.0000 | nuc=5.0428
[Epoch 002] train_ce=0.1897 | train_nuc=5.3834 | train_total=0.1914 | train_acc=0.9322 | val_loss=0.1614 | val_acc=0.9487 | test_acc=0.9484 | fro=1.0000 | nuc=5.8046
[Epoch 003] train_ce=0.1698 | train_nuc=6.0743 | train_total=0.1717 | train_acc=0.9386 | val_loss=0.1698 | val_acc=0.9390 | test_acc=0.9400 | fro=1.0000 | nuc=6.2168
[Epoch 004] train_ce=0.1687 | train_nuc=6.3578 | train_total=0.1707 | train_acc=0.9382 | val_loss=0.1457 | val_acc=0.9493 | test_acc=0.9521 | fro=1.0000 | nuc=6.5263
[Epoch 005] train_ce=0.1617 | train_nuc=6.6275 | train_total=0.1638 | train_acc=0.9415 | val_loss=0.1601 | val_acc=0.9410 | test_acc=0.9427 | fro=1.0000 | nuc=6.7919
[Epoch 006] train_ce=0.1647 | train_nuc=6.6241 | train_total=0.1667 | train_acc=0.9405 | val_loss=0.1723 | val_acc=0.9357 | test_acc=0.9383 | fro=1.0000 | nuc=6.5230
[Epoch 007] train_ce=0.1513 | train_nuc=6.7335 | train_total=0.1534 | train_acc=0.9460 | val_loss=0.1474 | val_acc=0.9460 | test_acc=0.9464 | fro=1.0000 | nuc=6.9162
[Epoch 008] train_ce=0.1567 | train_nuc=6.8145 | train_total=0.1588 | train_acc=0.9428 | val_loss=0.1423 | val_acc=0.9490 | test_acc=0.9519 | fro=1.0000 | nuc=6.7564
[Epoch 009] train_ce=0.1511 | train_nuc=6.7578 | train_total=0.1532 | train_acc=0.9455 | val_loss=0.1512 | val_acc=0.9480 | test_acc=0.9440 | fro=1.0000 | nuc=6.9467
[Epoch 010] train_ce=0.1471 | train_nuc=6.9123 | train_total=0.1492 | train_acc=0.9467 | val_loss=0.1615 | val_acc=0.9427 | test_acc=0.9419 | fro=1.0000 | nuc=7.0083
[Epoch 011] train_ce=0.1557 | train_nuc=6.8293 | train_total=0.1579 | train_acc=0.9430 | val_loss=0.1368 | val_acc=0.9513 | test_acc=0.9534 | fro=1.0000 | nuc=6.8943
[Epoch 012] train_ce=0.1452 | train_nuc=6.9623 | train_total=0.1473 | train_acc=0.9476 | val_loss=0.1373 | val_acc=0.9553 | test_acc=0.9518 | fro=1.0000 | nuc=7.0371
[Epoch 013] train_ce=0.1531 | train_nuc=6.8215 | train_total=0.1553 | train_acc=0.9438 | val_loss=0.1269 | val_acc=0.9547 | test_acc=0.9564 | fro=1.0000 | nuc=6.9126
[Epoch 014] train_ce=0.1419 | train_nuc=6.8493 | train_total=0.1441 | train_acc=0.9490 | val_loss=0.1506 | val_acc=0.9503 | test_acc=0.9490 | fro=1.0000 | nuc=6.8016
[Epoch 015] train_ce=0.1433 | train_nuc=6.8116 | train_total=0.1455 | train_acc=0.9476 | val_loss=0.1417 | val_acc=0.9553 | test_acc=0.9525 | fro=1.0000 | nuc=6.9460
[Epoch 016] train_ce=0.1402 | train_nuc=6.8619 | train_total=0.1424 | train_acc=0.9490 | val_loss=0.1243 | val_acc=0.9557 | test_acc=0.9563 | fro=1.0000 | nuc=6.6838
[Epoch 017] train_ce=0.1340 | train_nuc=6.9361 | train_total=0.1361 | train_acc=0.9518 | val_loss=0.1436 | val_acc=0.9503 | test_acc=0.9456 | fro=1.0000 | nuc=6.9470
[Epoch 018] train_ce=0.1441 | train_nuc=6.7709 | train_total=0.1463 | train_acc=0.9472 | val_loss=0.1549 | val_acc=0.9457 | test_acc=0.9433 | fro=1.0000 | nuc=6.8208
[Epoch 019] train_ce=0.1367 | train_nuc=6.8224 | train_total=0.1388 | train_acc=0.9509 | val_loss=0.1911 | val_acc=0.9263 | test_acc=0.9248 | fro=1.0000 | nuc=6.7661
[Epoch 020] train_ce=0.1500 | train_nuc=6.7181 | train_total=0.1521 | train_acc=0.9451 | val_loss=0.1412 | val_acc=0.9493 | test_acc=0.9536 | fro=1.0000 | nuc=6.6319
[Epoch 021] train_ce=0.1331 | train_nuc=6.7785 | train_total=0.1352 | train_acc=0.9526 | val_loss=0.1898 | val_acc=0.9287 | test_acc=0.9268 | fro=1.0000 | nuc=6.8242
[Epoch 022] train_ce=0.1419 | train_nuc=6.8184 | train_total=0.1441 | train_acc=0.9467 | val_loss=0.1386 | val_acc=0.9557 | test_acc=0.9506 | fro=1.0000 | nuc=6.7140
[Epoch 023] train_ce=0.1472 | train_nuc=6.5959 | train_total=0.1492 | train_acc=0.9471 | val_loss=0.1714 | val_acc=0.9340 | test_acc=0.9355 | fro=1.0000 | nuc=6.4476
[Epoch 024] train_ce=0.1429 | train_nuc=6.7232 | train_total=0.1450 | train_acc=0.9484 | val_loss=0.2003 | val_acc=0.9200 | test_acc=0.9050 | fro=1.0000 | nuc=6.7138
[Epoch 025] train_ce=0.1439 | train_nuc=6.6645 | train_total=0.1459 | train_acc=0.9473 | val_loss=0.1813 | val_acc=0.9343 | test_acc=0.9395 | fro=1.0000 | nuc=6.5029
[Epoch 026] train_ce=0.1398 | train_nuc=6.7611 | train_total=0.1420 | train_acc=0.9493 | val_loss=0.1531 | val_acc=0.9430 | test_acc=0.9462 | fro=1.0000 | nuc=6.5676
Early stopping triggered at epoch 26. Best val_loss=0.124339 at epoch 16.
Done. alpha=0.000313856847215592 | best_val_loss=0.124339 | best_epoch=16

================================================================================
Training alpha=0.00055603, seed=0
================================================================================
Using device: cuda
[Experiment] model_one_layer_FC_alpha_0p0005560289599059919
[Alpha] 0.0005560289599059919
[Run dir] outputs/compressibility_adv_robustness/model_one_layer_FC_alpha_0p0005560289599059919_seed_0
[Target Frobenius norm] 1.000000
[Early stopping patience] 10
[Epoch 001] train_ce=0.2744 | train_nuc=4.7293 | train_total=0.2770 | train_acc=0.8938 | val_loss=0.2068 | val_acc=0.9307 | test_acc=0.9271 | fro=1.0000 | nuc=4.7858
[Epoch 002] train_ce=0.1961 | train_nuc=5.2985 | train_total=0.1991 | train_acc=0.9285 | val_loss=0.1902 | val_acc=0.9387 | test_acc=0.9342 | fro=1.0000 | nuc=5.7692
[Epoch 003] train_ce=0.1784 | train_nuc=5.9778 | train_total=0.1817 | train_acc=0.9357 | val_loss=0.1505 | val_acc=0.9473 | test_acc=0.9433 | fro=1.0000 | nuc=6.1316
[Epoch 004] train_ce=0.1647 | train_nuc=6.3754 | train_total=0.1683 | train_acc=0.9412 | val_loss=0.1701 | val_acc=0.9400 | test_acc=0.9407 | fro=1.0000 | nuc=6.4221
[Epoch 005] train_ce=0.1632 | train_nuc=6.5929 | train_total=0.1669 | train_acc=0.9412 | val_loss=0.1395 | val_acc=0.9513 | test_acc=0.9498 | fro=1.0000 | nuc=6.7791
[Epoch 006] train_ce=0.1585 | train_nuc=6.7587 | train_total=0.1622 | train_acc=0.9418 | val_loss=0.1322 | val_acc=0.9553 | test_acc=0.9517 | fro=1.0000 | nuc=6.7909
[Epoch 007] train_ce=0.1602 | train_nuc=6.8210 | train_total=0.1640 | train_acc=0.9413 | val_loss=0.1493 | val_acc=0.9460 | test_acc=0.9493 | fro=1.0000 | nuc=6.8301
[Epoch 008] train_ce=0.1539 | train_nuc=7.0142 | train_total=0.1578 | train_acc=0.9445 | val_loss=0.1454 | val_acc=0.9493 | test_acc=0.9389 | fro=1.0000 | nuc=6.9314
[Epoch 009] train_ce=0.1574 | train_nuc=6.9854 | train_total=0.1613 | train_acc=0.9423 | val_loss=0.1280 | val_acc=0.9573 | test_acc=0.9523 | fro=1.0000 | nuc=6.9254
[Epoch 010] train_ce=0.1548 | train_nuc=6.9011 | train_total=0.1586 | train_acc=0.9423 | val_loss=0.1500 | val_acc=0.9427 | test_acc=0.9365 | fro=1.0000 | nuc=6.8691
[Epoch 011] train_ce=0.1577 | train_nuc=6.8804 | train_total=0.1616 | train_acc=0.9423 | val_loss=0.1435 | val_acc=0.9523 | test_acc=0.9441 | fro=1.0000 | nuc=6.7945
[Epoch 012] train_ce=0.1540 | train_nuc=6.7399 | train_total=0.1577 | train_acc=0.9442 | val_loss=0.1518 | val_acc=0.9417 | test_acc=0.9404 | fro=1.0000 | nuc=6.8941
[Epoch 013] train_ce=0.1544 | train_nuc=6.7703 | train_total=0.1582 | train_acc=0.9430 | val_loss=0.1508 | val_acc=0.9480 | test_acc=0.9501 | fro=1.0000 | nuc=6.6813
[Epoch 014] train_ce=0.1543 | train_nuc=6.7598 | train_total=0.1581 | train_acc=0.9436 | val_loss=0.1526 | val_acc=0.9443 | test_acc=0.9454 | fro=1.0000 | nuc=6.3680
[Epoch 015] train_ce=0.1463 | train_nuc=6.7065 | train_total=0.1500 | train_acc=0.9466 | val_loss=0.1227 | val_acc=0.9607 | test_acc=0.9557 | fro=1.0000 | nuc=6.7517
[Epoch 016] train_ce=0.1516 | train_nuc=6.7716 | train_total=0.1553 | train_acc=0.9446 | val_loss=0.1362 | val_acc=0.9547 | test_acc=0.9507 | fro=1.0000 | nuc=6.8164
[Epoch 017] train_ce=0.1419 | train_nuc=6.9066 | train_total=0.1457 | train_acc=0.9485 | val_loss=0.1329 | val_acc=0.9533 | test_acc=0.9477 | fro=1.0000 | nuc=6.8504
[Epoch 018] train_ce=0.1456 | train_nuc=6.8697 | train_total=0.1494 | train_acc=0.9461 | val_loss=0.1890 | val_acc=0.9220 | test_acc=0.9241 | fro=1.0000 | nuc=6.8947
[Epoch 019] train_ce=0.1432 | train_nuc=6.8341 | train_total=0.1470 | train_acc=0.9471 | val_loss=0.1263 | val_acc=0.9543 | test_acc=0.9560 | fro=1.0000 | nuc=6.6180
[Epoch 020] train_ce=0.1507 | train_nuc=6.6562 | train_total=0.1544 | train_acc=0.9451 | val_loss=0.1120 | val_acc=0.9610 | test_acc=0.9595 | fro=1.0000 | nuc=6.6500
[Epoch 021] train_ce=0.1552 | train_nuc=6.5201 | train_total=0.1588 | train_acc=0.9426 | val_loss=0.1185 | val_acc=0.9563 | test_acc=0.9598 | fro=1.0000 | nuc=6.7637
[Epoch 022] train_ce=0.1513 | train_nuc=6.7300 | train_total=0.1551 | train_acc=0.9449 | val_loss=0.1291 | val_acc=0.9570 | test_acc=0.9484 | fro=1.0000 | nuc=6.4704
[Epoch 023] train_ce=0.1447 | train_nuc=6.6551 | train_total=0.1484 | train_acc=0.9460 | val_loss=0.1235 | val_acc=0.9563 | test_acc=0.9578 | fro=1.0000 | nuc=6.7276
[Epoch 024] train_ce=0.1447 | train_nuc=6.7570 | train_total=0.1485 | train_acc=0.9464 | val_loss=0.1277 | val_acc=0.9573 | test_acc=0.9506 | fro=1.0000 | nuc=6.7830
[Epoch 025] train_ce=0.1433 | train_nuc=6.7065 | train_total=0.1470 | train_acc=0.9478 | val_loss=0.1357 | val_acc=0.9533 | test_acc=0.9450 | fro=1.0000 | nuc=6.4680
[Epoch 026] train_ce=0.1355 | train_nuc=6.7252 | train_total=0.1393 | train_acc=0.9519 | val_loss=0.1289 | val_acc=0.9540 | test_acc=0.9532 | fro=1.0000 | nuc=6.8938
[Epoch 027] train_ce=0.1412 | train_nuc=6.7366 | train_total=0.1450 | train_acc=0.9489 | val_loss=0.1583 | val_acc=0.9383 | test_acc=0.9420 | fro=1.0000 | nuc=6.7535
[Epoch 028] train_ce=0.1499 | train_nuc=6.6017 | train_total=0.1536 | train_acc=0.9439 | val_loss=0.1373 | val_acc=0.9463 | test_acc=0.9463 | fro=1.0000 | nuc=6.5612
[Epoch 029] train_ce=0.1534 | train_nuc=6.4817 | train_total=0.1570 | train_acc=0.9423 | val_loss=0.1692 | val_acc=0.9327 | test_acc=0.9390 | fro=1.0000 | nuc=6.5345
[Epoch 030] train_ce=0.1442 | train_nuc=6.5533 | train_total=0.1478 | train_acc=0.9466 | val_loss=0.1180 | val_acc=0.9617 | test_acc=0.9536 | fro=1.0000 | nuc=6.6306
Early stopping triggered at epoch 30. Best val_loss=0.112025 at epoch 20.
Done. alpha=0.0005560289599059919 | best_val_loss=0.112025 | best_epoch=20

================================================================================
Training alpha=0.00055603, seed=1
================================================================================
Using device: cuda
[Experiment] model_one_layer_FC_alpha_0p0005560289599059919
[Alpha] 0.0005560289599059919
[Run dir] outputs/compressibility_adv_robustness/model_one_layer_FC_alpha_0p0005560289599059919_seed_1
[Target Frobenius norm] 1.000000
[Early stopping patience] 10
[Epoch 001] train_ce=0.2717 | train_nuc=4.6734 | train_total=0.2743 | train_acc=0.8957 | val_loss=0.1980 | val_acc=0.9280 | test_acc=0.9367 | fro=1.0000 | nuc=4.8213
[Epoch 002] train_ce=0.1931 | train_nuc=5.2256 | train_total=0.1960 | train_acc=0.9312 | val_loss=0.1904 | val_acc=0.9300 | test_acc=0.9331 | fro=1.0000 | nuc=5.6837
[Epoch 003] train_ce=0.1689 | train_nuc=5.9127 | train_total=0.1722 | train_acc=0.9404 | val_loss=0.1653 | val_acc=0.9397 | test_acc=0.9450 | fro=1.0000 | nuc=6.1652
[Epoch 004] train_ce=0.1672 | train_nuc=6.3582 | train_total=0.1708 | train_acc=0.9393 | val_loss=0.1685 | val_acc=0.9363 | test_acc=0.9378 | fro=1.0000 | nuc=6.4133
[Epoch 005] train_ce=0.1578 | train_nuc=6.5976 | train_total=0.1614 | train_acc=0.9432 | val_loss=0.1506 | val_acc=0.9460 | test_acc=0.9498 | fro=1.0000 | nuc=6.8029
[Epoch 006] train_ce=0.1595 | train_nuc=6.8032 | train_total=0.1633 | train_acc=0.9424 | val_loss=0.1849 | val_acc=0.9333 | test_acc=0.9391 | fro=1.0000 | nuc=6.8911
[Epoch 007] train_ce=0.1642 | train_nuc=6.7946 | train_total=0.1680 | train_acc=0.9391 | val_loss=0.1492 | val_acc=0.9477 | test_acc=0.9530 | fro=1.0000 | nuc=6.7845
[Epoch 008] train_ce=0.1537 | train_nuc=6.8536 | train_total=0.1576 | train_acc=0.9442 | val_loss=0.1849 | val_acc=0.9243 | test_acc=0.9291 | fro=1.0000 | nuc=6.8724
[Epoch 009] train_ce=0.1478 | train_nuc=6.9727 | train_total=0.1517 | train_acc=0.9466 | val_loss=0.1540 | val_acc=0.9457 | test_acc=0.9474 | fro=1.0000 | nuc=7.1308
[Epoch 010] train_ce=0.1524 | train_nuc=7.0285 | train_total=0.1563 | train_acc=0.9446 | val_loss=0.1697 | val_acc=0.9363 | test_acc=0.9394 | fro=1.0000 | nuc=6.9315
[Epoch 011] train_ce=0.1443 | train_nuc=7.0635 | train_total=0.1482 | train_acc=0.9484 | val_loss=0.1406 | val_acc=0.9463 | test_acc=0.9515 | fro=1.0000 | nuc=7.0738
[Epoch 012] train_ce=0.1543 | train_nuc=6.8396 | train_total=0.1581 | train_acc=0.9440 | val_loss=0.1412 | val_acc=0.9490 | test_acc=0.9519 | fro=1.0000 | nuc=6.7453
[Epoch 013] train_ce=0.1455 | train_nuc=6.8710 | train_total=0.1493 | train_acc=0.9476 | val_loss=0.1470 | val_acc=0.9513 | test_acc=0.9517 | fro=1.0000 | nuc=6.8778
[Epoch 014] train_ce=0.1497 | train_nuc=6.7511 | train_total=0.1535 | train_acc=0.9454 | val_loss=0.1349 | val_acc=0.9507 | test_acc=0.9575 | fro=1.0000 | nuc=6.8980
[Epoch 015] train_ce=0.1456 | train_nuc=6.7756 | train_total=0.1494 | train_acc=0.9469 | val_loss=0.1740 | val_acc=0.9360 | test_acc=0.9450 | fro=1.0000 | nuc=6.7685
[Epoch 016] train_ce=0.1445 | train_nuc=6.7854 | train_total=0.1483 | train_acc=0.9471 | val_loss=0.1561 | val_acc=0.9420 | test_acc=0.9425 | fro=1.0000 | nuc=6.7642
[Epoch 017] train_ce=0.1411 | train_nuc=6.7705 | train_total=0.1449 | train_acc=0.9489 | val_loss=0.1333 | val_acc=0.9540 | test_acc=0.9532 | fro=1.0000 | nuc=6.7628
[Epoch 018] train_ce=0.1415 | train_nuc=6.8005 | train_total=0.1453 | train_acc=0.9488 | val_loss=0.1380 | val_acc=0.9490 | test_acc=0.9539 | fro=1.0000 | nuc=6.8020
[Epoch 019] train_ce=0.1352 | train_nuc=6.7837 | train_total=0.1389 | train_acc=0.9507 | val_loss=0.1605 | val_acc=0.9420 | test_acc=0.9516 | fro=1.0000 | nuc=6.8330
[Epoch 020] train_ce=0.1445 | train_nuc=6.8155 | train_total=0.1482 | train_acc=0.9472 | val_loss=0.1428 | val_acc=0.9453 | test_acc=0.9574 | fro=1.0000 | nuc=6.6678
[Epoch 021] train_ce=0.1433 | train_nuc=6.6865 | train_total=0.1470 | train_acc=0.9477 | val_loss=0.1476 | val_acc=0.9447 | test_acc=0.9524 | fro=1.0000 | nuc=6.6693
[Epoch 022] train_ce=0.1417 | train_nuc=6.6929 | train_total=0.1454 | train_acc=0.9489 | val_loss=0.1647 | val_acc=0.9393 | test_acc=0.9409 | fro=1.0000 | nuc=6.7488
[Epoch 023] train_ce=0.1507 | train_nuc=6.5246 | train_total=0.1543 | train_acc=0.9445 | val_loss=0.1643 | val_acc=0.9403 | test_acc=0.9435 | fro=1.0000 | nuc=6.7095
[Epoch 024] train_ce=0.1457 | train_nuc=6.5121 | train_total=0.1493 | train_acc=0.9473 | val_loss=0.1629 | val_acc=0.9370 | test_acc=0.9431 | fro=1.0000 | nuc=6.7550
[Epoch 025] train_ce=0.1559 | train_nuc=6.4656 | train_total=0.1595 | train_acc=0.9417 | val_loss=0.1391 | val_acc=0.9477 | test_acc=0.9524 | fro=1.0000 | nuc=6.4129
[Epoch 026] train_ce=0.1447 | train_nuc=6.5221 | train_total=0.1484 | train_acc=0.9474 | val_loss=0.1597 | val_acc=0.9397 | test_acc=0.9503 | fro=1.0000 | nuc=6.4261
[Epoch 027] train_ce=0.1421 | train_nuc=6.6036 | train_total=0.1458 | train_acc=0.9483 | val_loss=0.1309 | val_acc=0.9560 | test_acc=0.9592 | fro=1.0000 | nuc=6.5799
[Epoch 028] train_ce=0.1437 | train_nuc=6.5727 | train_total=0.1473 | train_acc=0.9480 | val_loss=0.2428 | val_acc=0.9073 | test_acc=0.9105 | fro=1.0000 | nuc=6.6946
[Epoch 029] train_ce=0.1448 | train_nuc=6.5185 | train_total=0.1484 | train_acc=0.9466 | val_loss=0.1654 | val_acc=0.9373 | test_acc=0.9449 | fro=1.0000 | nuc=6.3489
[Epoch 030] train_ce=0.1492 | train_nuc=6.4780 | train_total=0.1528 | train_acc=0.9452 | val_loss=0.1248 | val_acc=0.9543 | test_acc=0.9623 | fro=1.0000 | nuc=6.7152
[Epoch 031] train_ce=0.1346 | train_nuc=6.7532 | train_total=0.1383 | train_acc=0.9516 | val_loss=0.1361 | val_acc=0.9537 | test_acc=0.9533 | fro=1.0000 | nuc=6.6255
[Epoch 032] train_ce=0.1442 | train_nuc=6.5213 | train_total=0.1478 | train_acc=0.9467 | val_loss=0.1422 | val_acc=0.9453 | test_acc=0.9523 | fro=1.0000 | nuc=6.3917
[Epoch 033] train_ce=0.1433 | train_nuc=6.4622 | train_total=0.1468 | train_acc=0.9473 | val_loss=0.1651 | val_acc=0.9363 | test_acc=0.9462 | fro=1.0000 | nuc=6.3716
[Epoch 034] train_ce=0.1400 | train_nuc=6.5547 | train_total=0.1437 | train_acc=0.9495 | val_loss=0.2151 | val_acc=0.9177 | test_acc=0.9212 | fro=1.0000 | nuc=6.5680
[Epoch 035] train_ce=0.1506 | train_nuc=6.3102 | train_total=0.1541 | train_acc=0.9447 | val_loss=0.1420 | val_acc=0.9447 | test_acc=0.9531 | fro=1.0000 | nuc=6.3555
[Epoch 036] train_ce=0.1422 | train_nuc=6.3798 | train_total=0.1458 | train_acc=0.9473 | val_loss=0.1498 | val_acc=0.9433 | test_acc=0.9493 | fro=1.0000 | nuc=6.3903
[Epoch 037] train_ce=0.1339 | train_nuc=6.4127 | train_total=0.1375 | train_acc=0.9515 | val_loss=0.1782 | val_acc=0.9343 | test_acc=0.9379 | fro=1.0000 | nuc=6.4674
[Epoch 038] train_ce=0.1263 | train_nuc=6.4606 | train_total=0.1299 | train_acc=0.9551 | val_loss=0.1307 | val_acc=0.9543 | test_acc=0.9551 | fro=1.0000 | nuc=6.4247
[Epoch 039] train_ce=0.1413 | train_nuc=6.1274 | train_total=0.1447 | train_acc=0.9485 | val_loss=0.1278 | val_acc=0.9560 | test_acc=0.9593 | fro=1.0000 | nuc=6.3735
[Epoch 040] train_ce=0.1294 | train_nuc=6.2368 | train_total=0.1329 | train_acc=0.9530 | val_loss=0.1557 | val_acc=0.9430 | test_acc=0.9465 | fro=1.0000 | nuc=6.4330
Early stopping triggered at epoch 40. Best val_loss=0.124802 at epoch 30.
Done. alpha=0.0005560289599059919 | best_val_loss=0.124802 | best_epoch=30

================================================================================
Training alpha=0.00055603, seed=2
================================================================================
Using device: cuda
[Experiment] model_one_layer_FC_alpha_0p0005560289599059919
[Alpha] 0.0005560289599059919
[Run dir] outputs/compressibility_adv_robustness/model_one_layer_FC_alpha_0p0005560289599059919_seed_2
[Target Frobenius norm] 1.000000
[Early stopping patience] 10
[Epoch 001] train_ce=0.2775 | train_nuc=4.6092 | train_total=0.2800 | train_acc=0.8954 | val_loss=0.1940 | val_acc=0.9323 | test_acc=0.9275 | fro=1.0000 | nuc=4.7964
[Epoch 002] train_ce=0.1940 | train_nuc=5.1525 | train_total=0.1969 | train_acc=0.9309 | val_loss=0.1549 | val_acc=0.9490 | test_acc=0.9466 | fro=1.0000 | nuc=5.5694
[Epoch 003] train_ce=0.1790 | train_nuc=5.8711 | train_total=0.1822 | train_acc=0.9346 | val_loss=0.2118 | val_acc=0.9163 | test_acc=0.9145 | fro=1.0000 | nuc=6.0029
[Epoch 004] train_ce=0.1723 | train_nuc=6.2000 | train_total=0.1757 | train_acc=0.9373 | val_loss=0.1609 | val_acc=0.9417 | test_acc=0.9407 | fro=1.0000 | nuc=6.4462
[Epoch 005] train_ce=0.1636 | train_nuc=6.5576 | train_total=0.1672 | train_acc=0.9410 | val_loss=0.1423 | val_acc=0.9530 | test_acc=0.9504 | fro=1.0000 | nuc=6.6164
[Epoch 006] train_ce=0.1626 | train_nuc=6.7524 | train_total=0.1664 | train_acc=0.9411 | val_loss=0.1417 | val_acc=0.9470 | test_acc=0.9466 | fro=1.0000 | nuc=6.7677
[Epoch 007] train_ce=0.1509 | train_nuc=6.9050 | train_total=0.1547 | train_acc=0.9451 | val_loss=0.1456 | val_acc=0.9473 | test_acc=0.9472 | fro=1.0000 | nuc=7.0438
[Epoch 008] train_ce=0.1581 | train_nuc=6.8939 | train_total=0.1619 | train_acc=0.9416 | val_loss=0.1605 | val_acc=0.9337 | test_acc=0.9328 | fro=1.0000 | nuc=6.8652
[Epoch 009] train_ce=0.1582 | train_nuc=6.8274 | train_total=0.1619 | train_acc=0.9422 | val_loss=0.1675 | val_acc=0.9353 | test_acc=0.9343 | fro=1.0000 | nuc=6.8251
[Epoch 010] train_ce=0.1541 | train_nuc=6.8677 | train_total=0.1580 | train_acc=0.9437 | val_loss=0.1519 | val_acc=0.9460 | test_acc=0.9417 | fro=1.0000 | nuc=6.9426
[Epoch 011] train_ce=0.1487 | train_nuc=6.9360 | train_total=0.1525 | train_acc=0.9465 | val_loss=0.1349 | val_acc=0.9567 | test_acc=0.9550 | fro=1.0000 | nuc=7.0198
[Epoch 012] train_ce=0.1512 | train_nuc=6.8712 | train_total=0.1551 | train_acc=0.9447 | val_loss=0.1244 | val_acc=0.9540 | test_acc=0.9563 | fro=1.0000 | nuc=6.9665
[Epoch 013] train_ce=0.1464 | train_nuc=6.8749 | train_total=0.1502 | train_acc=0.9460 | val_loss=0.1201 | val_acc=0.9540 | test_acc=0.9524 | fro=1.0000 | nuc=6.8827
[Epoch 014] train_ce=0.1455 | train_nuc=6.7978 | train_total=0.1493 | train_acc=0.9480 | val_loss=0.1176 | val_acc=0.9617 | test_acc=0.9559 | fro=1.0000 | nuc=6.7572
[Epoch 015] train_ce=0.1466 | train_nuc=6.8503 | train_total=0.1504 | train_acc=0.9458 | val_loss=0.1371 | val_acc=0.9547 | test_acc=0.9493 | fro=1.0000 | nuc=6.8415
[Epoch 016] train_ce=0.1488 | train_nuc=6.9640 | train_total=0.1526 | train_acc=0.9454 | val_loss=0.1435 | val_acc=0.9477 | test_acc=0.9461 | fro=1.0000 | nuc=6.9135
[Epoch 017] train_ce=0.1439 | train_nuc=6.9100 | train_total=0.1477 | train_acc=0.9479 | val_loss=0.1150 | val_acc=0.9587 | test_acc=0.9563 | fro=1.0000 | nuc=7.0012
[Epoch 018] train_ce=0.1413 | train_nuc=6.8746 | train_total=0.1451 | train_acc=0.9477 | val_loss=0.1205 | val_acc=0.9560 | test_acc=0.9533 | fro=1.0000 | nuc=6.9051
[Epoch 019] train_ce=0.1428 | train_nuc=6.8633 | train_total=0.1466 | train_acc=0.9484 | val_loss=0.1453 | val_acc=0.9413 | test_acc=0.9404 | fro=1.0000 | nuc=6.8121
[Epoch 020] train_ce=0.1424 | train_nuc=6.7823 | train_total=0.1462 | train_acc=0.9471 | val_loss=0.1220 | val_acc=0.9623 | test_acc=0.9534 | fro=1.0000 | nuc=6.8369
[Epoch 021] train_ce=0.1476 | train_nuc=6.5747 | train_total=0.1512 | train_acc=0.9457 | val_loss=0.1450 | val_acc=0.9447 | test_acc=0.9465 | fro=1.0000 | nuc=6.3890
[Epoch 022] train_ce=0.1422 | train_nuc=6.5790 | train_total=0.1458 | train_acc=0.9477 | val_loss=0.1173 | val_acc=0.9570 | test_acc=0.9548 | fro=1.0000 | nuc=6.6968
[Epoch 023] train_ce=0.1486 | train_nuc=6.6746 | train_total=0.1523 | train_acc=0.9446 | val_loss=0.1184 | val_acc=0.9587 | test_acc=0.9536 | fro=1.0000 | nuc=6.4948
[Epoch 024] train_ce=0.1476 | train_nuc=6.5861 | train_total=0.1513 | train_acc=0.9459 | val_loss=0.1506 | val_acc=0.9460 | test_acc=0.9423 | fro=1.0000 | nuc=6.0549
[Epoch 025] train_ce=0.1423 | train_nuc=6.5219 | train_total=0.1460 | train_acc=0.9474 | val_loss=0.1238 | val_acc=0.9567 | test_acc=0.9539 | fro=1.0000 | nuc=6.4567
[Epoch 026] train_ce=0.1470 | train_nuc=6.4401 | train_total=0.1506 | train_acc=0.9454 | val_loss=0.1068 | val_acc=0.9650 | test_acc=0.9548 | fro=1.0000 | nuc=6.5544
[Epoch 027] train_ce=0.1340 | train_nuc=6.6026 | train_total=0.1377 | train_acc=0.9526 | val_loss=0.1158 | val_acc=0.9630 | test_acc=0.9597 | fro=1.0000 | nuc=6.6403
[Epoch 028] train_ce=0.1409 | train_nuc=6.6151 | train_total=0.1446 | train_acc=0.9494 | val_loss=0.1105 | val_acc=0.9600 | test_acc=0.9574 | fro=1.0000 | nuc=6.6028
[Epoch 029] train_ce=0.1426 | train_nuc=6.4373 | train_total=0.1462 | train_acc=0.9492 | val_loss=0.1088 | val_acc=0.9637 | test_acc=0.9598 | fro=1.0000 | nuc=6.5207
[Epoch 030] train_ce=0.1402 | train_nuc=6.5117 | train_total=0.1438 | train_acc=0.9495 | val_loss=0.1242 | val_acc=0.9550 | test_acc=0.9504 | fro=1.0000 | nuc=6.4751
[Epoch 031] train_ce=0.1341 | train_nuc=6.5026 | train_total=0.1377 | train_acc=0.9523 | val_loss=0.1272 | val_acc=0.9520 | test_acc=0.9499 | fro=1.0000 | nuc=6.3548
[Epoch 032] train_ce=0.1372 | train_nuc=6.4361 | train_total=0.1407 | train_acc=0.9498 | val_loss=0.1449 | val_acc=0.9433 | test_acc=0.9443 | fro=1.0000 | nuc=6.6249
[Epoch 033] train_ce=0.1380 | train_nuc=6.3215 | train_total=0.1415 | train_acc=0.9504 | val_loss=0.1246 | val_acc=0.9573 | test_acc=0.9503 | fro=1.0000 | nuc=6.0934
[Epoch 034] train_ce=0.1405 | train_nuc=6.3567 | train_total=0.1441 | train_acc=0.9486 | val_loss=0.1139 | val_acc=0.9600 | test_acc=0.9514 | fro=1.0000 | nuc=6.5448
[Epoch 035] train_ce=0.1506 | train_nuc=6.2550 | train_total=0.1541 | train_acc=0.9444 | val_loss=0.1124 | val_acc=0.9637 | test_acc=0.9626 | fro=1.0000 | nuc=6.6750
[Epoch 036] train_ce=0.1474 | train_nuc=6.1733 | train_total=0.1509 | train_acc=0.9459 | val_loss=0.1600 | val_acc=0.9400 | test_acc=0.9382 | fro=1.0000 | nuc=6.2292
Early stopping triggered at epoch 36. Best val_loss=0.106761 at epoch 26.
Done. alpha=0.0005560289599059919 | best_val_loss=0.106761 | best_epoch=26

================================================================================
Training alpha=0.00055603, seed=3
================================================================================
Using device: cuda
[Experiment] model_one_layer_FC_alpha_0p0005560289599059919
[Alpha] 0.0005560289599059919
[Run dir] outputs/compressibility_adv_robustness/model_one_layer_FC_alpha_0p0005560289599059919_seed_3
[Target Frobenius norm] 1.000000
[Early stopping patience] 10
[Epoch 001] train_ce=0.2781 | train_nuc=4.7446 | train_total=0.2807 | train_acc=0.8935 | val_loss=0.2226 | val_acc=0.9167 | test_acc=0.9276 | fro=1.0000 | nuc=4.8085
[Epoch 002] train_ce=0.1927 | train_nuc=5.3078 | train_total=0.1957 | train_acc=0.9316 | val_loss=0.1740 | val_acc=0.9447 | test_acc=0.9455 | fro=1.0000 | nuc=5.7535
[Epoch 003] train_ce=0.1748 | train_nuc=5.9720 | train_total=0.1781 | train_acc=0.9377 | val_loss=0.1586 | val_acc=0.9510 | test_acc=0.9440 | fro=1.0000 | nuc=6.1873
[Epoch 004] train_ce=0.1682 | train_nuc=6.3692 | train_total=0.1717 | train_acc=0.9385 | val_loss=0.1720 | val_acc=0.9433 | test_acc=0.9413 | fro=1.0000 | nuc=6.5487
[Epoch 005] train_ce=0.1678 | train_nuc=6.6280 | train_total=0.1715 | train_acc=0.9397 | val_loss=0.1494 | val_acc=0.9493 | test_acc=0.9491 | fro=1.0000 | nuc=6.7290
[Epoch 006] train_ce=0.1574 | train_nuc=6.7990 | train_total=0.1612 | train_acc=0.9437 | val_loss=0.1569 | val_acc=0.9413 | test_acc=0.9440 | fro=1.0000 | nuc=6.8202
[Epoch 007] train_ce=0.1572 | train_nuc=6.9098 | train_total=0.1610 | train_acc=0.9416 | val_loss=0.1598 | val_acc=0.9433 | test_acc=0.9427 | fro=1.0000 | nuc=6.8636
[Epoch 008] train_ce=0.1600 | train_nuc=6.9416 | train_total=0.1638 | train_acc=0.9417 | val_loss=0.1876 | val_acc=0.9297 | test_acc=0.9359 | fro=1.0000 | nuc=6.7651
[Epoch 009] train_ce=0.1525 | train_nuc=6.9125 | train_total=0.1564 | train_acc=0.9450 | val_loss=0.1379 | val_acc=0.9550 | test_acc=0.9566 | fro=1.0000 | nuc=7.0167
[Epoch 010] train_ce=0.1530 | train_nuc=6.9315 | train_total=0.1569 | train_acc=0.9446 | val_loss=0.1382 | val_acc=0.9527 | test_acc=0.9520 | fro=1.0000 | nuc=6.9408
[Epoch 011] train_ce=0.1499 | train_nuc=6.9683 | train_total=0.1538 | train_acc=0.9450 | val_loss=0.1603 | val_acc=0.9380 | test_acc=0.9443 | fro=1.0000 | nuc=6.9468
[Epoch 012] train_ce=0.1493 | train_nuc=6.9021 | train_total=0.1531 | train_acc=0.9459 | val_loss=0.1592 | val_acc=0.9400 | test_acc=0.9435 | fro=1.0000 | nuc=6.8678
[Epoch 013] train_ce=0.1460 | train_nuc=6.8500 | train_total=0.1498 | train_acc=0.9472 | val_loss=0.1718 | val_acc=0.9267 | test_acc=0.9345 | fro=1.0000 | nuc=6.7541
[Epoch 014] train_ce=0.1428 | train_nuc=6.9322 | train_total=0.1467 | train_acc=0.9489 | val_loss=0.1246 | val_acc=0.9563 | test_acc=0.9599 | fro=1.0000 | nuc=6.9548
[Epoch 015] train_ce=0.1496 | train_nuc=6.8330 | train_total=0.1534 | train_acc=0.9450 | val_loss=0.1337 | val_acc=0.9563 | test_acc=0.9511 | fro=1.0000 | nuc=6.7220
[Epoch 016] train_ce=0.1554 | train_nuc=6.7575 | train_total=0.1591 | train_acc=0.9427 | val_loss=0.1407 | val_acc=0.9550 | test_acc=0.9515 | fro=1.0000 | nuc=6.5951
[Epoch 017] train_ce=0.1498 | train_nuc=6.6606 | train_total=0.1535 | train_acc=0.9450 | val_loss=0.1384 | val_acc=0.9533 | test_acc=0.9573 | fro=1.0000 | nuc=6.7704
[Epoch 018] train_ce=0.1403 | train_nuc=6.7816 | train_total=0.1440 | train_acc=0.9484 | val_loss=0.2089 | val_acc=0.9130 | test_acc=0.9186 | fro=1.0000 | nuc=6.7235
[Epoch 019] train_ce=0.1484 | train_nuc=6.5958 | train_total=0.1520 | train_acc=0.9452 | val_loss=0.1348 | val_acc=0.9537 | test_acc=0.9577 | fro=1.0000 | nuc=6.8446
[Epoch 020] train_ce=0.1373 | train_nuc=6.8164 | train_total=0.1411 | train_acc=0.9502 | val_loss=0.1422 | val_acc=0.9500 | test_acc=0.9541 | fro=1.0000 | nuc=6.7871
[Epoch 021] train_ce=0.1471 | train_nuc=6.7964 | train_total=0.1508 | train_acc=0.9463 | val_loss=0.1567 | val_acc=0.9417 | test_acc=0.9449 | fro=1.0000 | nuc=6.6986
[Epoch 022] train_ce=0.1509 | train_nuc=6.7524 | train_total=0.1547 | train_acc=0.9442 | val_loss=0.1505 | val_acc=0.9467 | test_acc=0.9518 | fro=1.0000 | nuc=6.5083
[Epoch 023] train_ce=0.1415 | train_nuc=6.8072 | train_total=0.1453 | train_acc=0.9479 | val_loss=0.1593 | val_acc=0.9420 | test_acc=0.9453 | fro=1.0000 | nuc=6.4167
[Epoch 024] train_ce=0.1450 | train_nuc=6.6336 | train_total=0.1487 | train_acc=0.9469 | val_loss=0.1564 | val_acc=0.9387 | test_acc=0.9433 | fro=1.0000 | nuc=6.3957
Early stopping triggered at epoch 24. Best val_loss=0.124555 at epoch 14.
Done. alpha=0.0005560289599059919 | best_val_loss=0.124555 | best_epoch=14

================================================================================
Training alpha=0.00055603, seed=4
================================================================================
Using device: cuda
[Experiment] model_one_layer_FC_alpha_0p0005560289599059919
[Alpha] 0.0005560289599059919
[Run dir] outputs/compressibility_adv_robustness/model_one_layer_FC_alpha_0p0005560289599059919_seed_4
[Target Frobenius norm] 1.000000
[Early stopping patience] 10
[Epoch 001] train_ce=0.2640 | train_nuc=4.7358 | train_total=0.2667 | train_acc=0.8995 | val_loss=0.1914 | val_acc=0.9317 | test_acc=0.9362 | fro=1.0000 | nuc=4.8592
[Epoch 002] train_ce=0.1870 | train_nuc=5.2942 | train_total=0.1899 | train_acc=0.9331 | val_loss=0.1606 | val_acc=0.9493 | test_acc=0.9487 | fro=1.0000 | nuc=5.6999
[Epoch 003] train_ce=0.1674 | train_nuc=6.0034 | train_total=0.1707 | train_acc=0.9394 | val_loss=0.1699 | val_acc=0.9383 | test_acc=0.9402 | fro=1.0000 | nuc=6.1462
[Epoch 004] train_ce=0.1678 | train_nuc=6.3103 | train_total=0.1713 | train_acc=0.9382 | val_loss=0.1521 | val_acc=0.9483 | test_acc=0.9504 | fro=1.0000 | nuc=6.4504
[Epoch 005] train_ce=0.1609 | train_nuc=6.5831 | train_total=0.1645 | train_acc=0.9415 | val_loss=0.1532 | val_acc=0.9440 | test_acc=0.9499 | fro=1.0000 | nuc=6.6713
[Epoch 006] train_ce=0.1637 | train_nuc=6.5512 | train_total=0.1673 | train_acc=0.9409 | val_loss=0.1697 | val_acc=0.9383 | test_acc=0.9398 | fro=1.0000 | nuc=6.4709
[Epoch 007] train_ce=0.1544 | train_nuc=6.6454 | train_total=0.1581 | train_acc=0.9434 | val_loss=0.1414 | val_acc=0.9490 | test_acc=0.9496 | fro=1.0000 | nuc=6.7653
[Epoch 008] train_ce=0.1547 | train_nuc=6.6994 | train_total=0.1584 | train_acc=0.9438 | val_loss=0.1438 | val_acc=0.9517 | test_acc=0.9506 | fro=1.0000 | nuc=6.6534
[Epoch 009] train_ce=0.1527 | train_nuc=6.6833 | train_total=0.1564 | train_acc=0.9450 | val_loss=0.1749 | val_acc=0.9373 | test_acc=0.9340 | fro=1.0000 | nuc=6.8557
[Epoch 010] train_ce=0.1470 | train_nuc=6.7721 | train_total=0.1508 | train_acc=0.9465 | val_loss=0.1752 | val_acc=0.9380 | test_acc=0.9367 | fro=1.0000 | nuc=6.7552
[Epoch 011] train_ce=0.1527 | train_nuc=6.6874 | train_total=0.1564 | train_acc=0.9441 | val_loss=0.1351 | val_acc=0.9520 | test_acc=0.9498 | fro=1.0000 | nuc=6.7318
[Epoch 012] train_ce=0.1386 | train_nuc=6.8046 | train_total=0.1424 | train_acc=0.9503 | val_loss=0.1323 | val_acc=0.9560 | test_acc=0.9565 | fro=1.0000 | nuc=6.8971
[Epoch 013] train_ce=0.1475 | train_nuc=6.7374 | train_total=0.1512 | train_acc=0.9462 | val_loss=0.1252 | val_acc=0.9543 | test_acc=0.9534 | fro=1.0000 | nuc=6.6580
[Epoch 014] train_ce=0.1397 | train_nuc=6.7023 | train_total=0.1435 | train_acc=0.9489 | val_loss=0.1539 | val_acc=0.9467 | test_acc=0.9456 | fro=1.0000 | nuc=6.5889
[Epoch 015] train_ce=0.1390 | train_nuc=6.8154 | train_total=0.1428 | train_acc=0.9498 | val_loss=0.1322 | val_acc=0.9543 | test_acc=0.9545 | fro=1.0000 | nuc=6.9868
[Epoch 016] train_ce=0.1423 | train_nuc=6.7805 | train_total=0.1461 | train_acc=0.9489 | val_loss=0.1357 | val_acc=0.9510 | test_acc=0.9546 | fro=1.0000 | nuc=6.6768
[Epoch 017] train_ce=0.1364 | train_nuc=6.7574 | train_total=0.1401 | train_acc=0.9509 | val_loss=0.1745 | val_acc=0.9323 | test_acc=0.9267 | fro=1.0000 | nuc=6.7594
[Epoch 018] train_ce=0.1469 | train_nuc=6.7012 | train_total=0.1506 | train_acc=0.9463 | val_loss=0.1572 | val_acc=0.9433 | test_acc=0.9413 | fro=1.0000 | nuc=6.6866
[Epoch 019] train_ce=0.1407 | train_nuc=6.6501 | train_total=0.1444 | train_acc=0.9485 | val_loss=0.1943 | val_acc=0.9260 | test_acc=0.9235 | fro=1.0000 | nuc=6.7506
[Epoch 020] train_ce=0.1527 | train_nuc=6.5947 | train_total=0.1563 | train_acc=0.9434 | val_loss=0.1529 | val_acc=0.9483 | test_acc=0.9475 | fro=1.0000 | nuc=6.3235
[Epoch 021] train_ce=0.1359 | train_nuc=6.6380 | train_total=0.1396 | train_acc=0.9521 | val_loss=0.1478 | val_acc=0.9443 | test_acc=0.9458 | fro=1.0000 | nuc=6.6273
[Epoch 022] train_ce=0.1357 | train_nuc=6.6874 | train_total=0.1394 | train_acc=0.9490 | val_loss=0.1506 | val_acc=0.9473 | test_acc=0.9463 | fro=1.0000 | nuc=6.7319
[Epoch 023] train_ce=0.1536 | train_nuc=6.3848 | train_total=0.1571 | train_acc=0.9433 | val_loss=0.1591 | val_acc=0.9387 | test_acc=0.9387 | fro=1.0000 | nuc=6.3791
Early stopping triggered at epoch 23. Best val_loss=0.125230 at epoch 13.
Done. alpha=0.0005560289599059919 | best_val_loss=0.125230 | best_epoch=13

================================================================================
Training alpha=0.00098506, seed=0
================================================================================
Using device: cuda
[Experiment] model_one_layer_FC_alpha_0p0009850612054411157
[Alpha] 0.0009850612054411157
[Run dir] outputs/compressibility_adv_robustness/model_one_layer_FC_alpha_0p0009850612054411157_seed_0
[Target Frobenius norm] 1.000000
[Early stopping patience] 10
[Epoch 001] train_ce=0.2730 | train_nuc=4.5061 | train_total=0.2774 | train_acc=0.8947 | val_loss=0.2056 | val_acc=0.9317 | test_acc=0.9280 | fro=1.0000 | nuc=4.5437
[Epoch 002] train_ce=0.1958 | train_nuc=5.0747 | train_total=0.2008 | train_acc=0.9283 | val_loss=0.1809 | val_acc=0.9417 | test_acc=0.9388 | fro=1.0000 | nuc=5.5283
[Epoch 003] train_ce=0.1771 | train_nuc=5.7484 | train_total=0.1827 | train_acc=0.9359 | val_loss=0.1473 | val_acc=0.9517 | test_acc=0.9452 | fro=1.0000 | nuc=5.8866
[Epoch 004] train_ce=0.1640 | train_nuc=6.1495 | train_total=0.1701 | train_acc=0.9416 | val_loss=0.1643 | val_acc=0.9413 | test_acc=0.9422 | fro=1.0000 | nuc=6.2348
[Epoch 005] train_ce=0.1629 | train_nuc=6.4193 | train_total=0.1692 | train_acc=0.9412 | val_loss=0.1334 | val_acc=0.9557 | test_acc=0.9543 | fro=1.0000 | nuc=6.6568
[Epoch 006] train_ce=0.1603 | train_nuc=6.6130 | train_total=0.1668 | train_acc=0.9413 | val_loss=0.1377 | val_acc=0.9527 | test_acc=0.9512 | fro=1.0000 | nuc=6.6630
[Epoch 007] train_ce=0.1625 | train_nuc=6.6234 | train_total=0.1690 | train_acc=0.9396 | val_loss=0.1632 | val_acc=0.9383 | test_acc=0.9439 | fro=1.0000 | nuc=6.5150
[Epoch 008] train_ce=0.1552 | train_nuc=6.6849 | train_total=0.1618 | train_acc=0.9441 | val_loss=0.1628 | val_acc=0.9423 | test_acc=0.9330 | fro=1.0000 | nuc=6.6248
[Epoch 009] train_ce=0.1556 | train_nuc=6.7252 | train_total=0.1623 | train_acc=0.9421 | val_loss=0.1297 | val_acc=0.9537 | test_acc=0.9527 | fro=1.0000 | nuc=6.7204
[Epoch 010] train_ce=0.1584 | train_nuc=6.6857 | train_total=0.1649 | train_acc=0.9411 | val_loss=0.1472 | val_acc=0.9447 | test_acc=0.9420 | fro=1.0000 | nuc=6.6819
[Epoch 011] train_ce=0.1525 | train_nuc=6.7513 | train_total=0.1591 | train_acc=0.9442 | val_loss=0.1484 | val_acc=0.9447 | test_acc=0.9401 | fro=1.0000 | nuc=6.7060
[Epoch 012] train_ce=0.1623 | train_nuc=6.5086 | train_total=0.1688 | train_acc=0.9411 | val_loss=0.1529 | val_acc=0.9433 | test_acc=0.9437 | fro=1.0000 | nuc=6.4892
[Epoch 013] train_ce=0.1555 | train_nuc=6.4871 | train_total=0.1619 | train_acc=0.9430 | val_loss=0.1386 | val_acc=0.9553 | test_acc=0.9505 | fro=1.0000 | nuc=6.4192
[Epoch 014] train_ce=0.1520 | train_nuc=6.4724 | train_total=0.1584 | train_acc=0.9443 | val_loss=0.1308 | val_acc=0.9510 | test_acc=0.9528 | fro=1.0000 | nuc=6.2858
[Epoch 015] train_ce=0.1457 | train_nuc=6.5298 | train_total=0.1521 | train_acc=0.9469 | val_loss=0.1203 | val_acc=0.9623 | test_acc=0.9590 | fro=1.0000 | nuc=6.6464
[Epoch 016] train_ce=0.1515 | train_nuc=6.4699 | train_total=0.1579 | train_acc=0.9439 | val_loss=0.1320 | val_acc=0.9547 | test_acc=0.9519 | fro=1.0000 | nuc=6.5086
[Epoch 017] train_ce=0.1444 | train_nuc=6.6443 | train_total=0.1510 | train_acc=0.9487 | val_loss=0.1369 | val_acc=0.9493 | test_acc=0.9500 | fro=1.0000 | nuc=6.3000
[Epoch 018] train_ce=0.1429 | train_nuc=6.5959 | train_total=0.1494 | train_acc=0.9482 | val_loss=0.1480 | val_acc=0.9443 | test_acc=0.9413 | fro=1.0000 | nuc=6.6567
[Epoch 019] train_ce=0.1394 | train_nuc=6.6634 | train_total=0.1460 | train_acc=0.9490 | val_loss=0.1183 | val_acc=0.9597 | test_acc=0.9577 | fro=1.0000 | nuc=6.6616
[Epoch 020] train_ce=0.1435 | train_nuc=6.6138 | train_total=0.1501 | train_acc=0.9485 | val_loss=0.1819 | val_acc=0.9250 | test_acc=0.9315 | fro=1.0000 | nuc=6.5740
[Epoch 021] train_ce=0.1577 | train_nuc=6.3572 | train_total=0.1639 | train_acc=0.9419 | val_loss=0.1161 | val_acc=0.9597 | test_acc=0.9572 | fro=1.0000 | nuc=6.6744
[Epoch 022] train_ce=0.1334 | train_nuc=6.6890 | train_total=0.1400 | train_acc=0.9526 | val_loss=0.1981 | val_acc=0.9213 | test_acc=0.9204 | fro=1.0000 | nuc=6.9376
[Epoch 023] train_ce=0.1357 | train_nuc=6.6927 | train_total=0.1423 | train_acc=0.9508 | val_loss=0.1260 | val_acc=0.9593 | test_acc=0.9577 | fro=1.0000 | nuc=6.6820
[Epoch 024] train_ce=0.1435 | train_nuc=6.4744 | train_total=0.1498 | train_acc=0.9483 | val_loss=0.1163 | val_acc=0.9663 | test_acc=0.9593 | fro=1.0000 | nuc=6.5745
[Epoch 025] train_ce=0.1480 | train_nuc=6.4561 | train_total=0.1544 | train_acc=0.9450 | val_loss=0.1321 | val_acc=0.9570 | test_acc=0.9459 | fro=1.0000 | nuc=6.1972
[Epoch 026] train_ce=0.1395 | train_nuc=6.5223 | train_total=0.1459 | train_acc=0.9490 | val_loss=0.1104 | val_acc=0.9637 | test_acc=0.9635 | fro=1.0000 | nuc=6.7187
[Epoch 027] train_ce=0.1376 | train_nuc=6.5409 | train_total=0.1440 | train_acc=0.9503 | val_loss=0.2017 | val_acc=0.9190 | test_acc=0.9276 | fro=1.0000 | nuc=6.4558
[Epoch 028] train_ce=0.1498 | train_nuc=6.3605 | train_total=0.1560 | train_acc=0.9449 | val_loss=0.1462 | val_acc=0.9477 | test_acc=0.9425 | fro=1.0000 | nuc=6.4886
[Epoch 029] train_ce=0.1352 | train_nuc=6.4344 | train_total=0.1415 | train_acc=0.9512 | val_loss=0.1423 | val_acc=0.9477 | test_acc=0.9471 | fro=1.0000 | nuc=6.4432
[Epoch 030] train_ce=0.1455 | train_nuc=6.3433 | train_total=0.1518 | train_acc=0.9474 | val_loss=0.1285 | val_acc=0.9547 | test_acc=0.9507 | fro=1.0000 | nuc=6.4761
[Epoch 031] train_ce=0.1296 | train_nuc=6.4692 | train_total=0.1360 | train_acc=0.9537 | val_loss=0.1056 | val_acc=0.9707 | test_acc=0.9624 | fro=1.0000 | nuc=6.5507
[Epoch 032] train_ce=0.1269 | train_nuc=6.4894 | train_total=0.1333 | train_acc=0.9553 | val_loss=0.1149 | val_acc=0.9607 | test_acc=0.9534 | fro=1.0000 | nuc=6.7834
[Epoch 033] train_ce=0.1484 | train_nuc=6.2313 | train_total=0.1545 | train_acc=0.9446 | val_loss=0.1646 | val_acc=0.9383 | test_acc=0.9337 | fro=1.0000 | nuc=6.1562
[Epoch 034] train_ce=0.1385 | train_nuc=6.2573 | train_total=0.1446 | train_acc=0.9488 | val_loss=0.1228 | val_acc=0.9550 | test_acc=0.9535 | fro=1.0000 | nuc=6.0387
[Epoch 035] train_ce=0.1404 | train_nuc=6.2737 | train_total=0.1466 | train_acc=0.9489 | val_loss=0.1218 | val_acc=0.9550 | test_acc=0.9525 | fro=1.0000 | nuc=6.0790
[Epoch 036] train_ce=0.1391 | train_nuc=6.0802 | train_total=0.1451 | train_acc=0.9486 | val_loss=0.1145 | val_acc=0.9563 | test_acc=0.9567 | fro=1.0000 | nuc=6.2052
[Epoch 037] train_ce=0.1255 | train_nuc=6.2377 | train_total=0.1317 | train_acc=0.9550 | val_loss=0.1164 | val_acc=0.9533 | test_acc=0.9547 | fro=1.0000 | nuc=6.2735
[Epoch 038] train_ce=0.1456 | train_nuc=6.1625 | train_total=0.1517 | train_acc=0.9467 | val_loss=0.1361 | val_acc=0.9517 | test_acc=0.9486 | fro=1.0000 | nuc=6.0178
[Epoch 039] train_ce=0.1504 | train_nuc=5.9691 | train_total=0.1563 | train_acc=0.9457 | val_loss=0.1320 | val_acc=0.9500 | test_acc=0.9538 | fro=1.0000 | nuc=5.8999
[Epoch 040] train_ce=0.1310 | train_nuc=6.0092 | train_total=0.1370 | train_acc=0.9535 | val_loss=0.1200 | val_acc=0.9567 | test_acc=0.9530 | fro=1.0000 | nuc=6.2432
[Epoch 041] train_ce=0.1316 | train_nuc=6.1311 | train_total=0.1376 | train_acc=0.9529 | val_loss=0.1316 | val_acc=0.9490 | test_acc=0.9471 | fro=1.0000 | nuc=6.2502
Early stopping triggered at epoch 41. Best val_loss=0.105591 at epoch 31.
Done. alpha=0.0009850612054411157 | best_val_loss=0.105591 | best_epoch=31

================================================================================
Training alpha=0.00098506, seed=1
================================================================================
Using device: cuda
[Experiment] model_one_layer_FC_alpha_0p0009850612054411157
[Alpha] 0.0009850612054411157
[Run dir] outputs/compressibility_adv_robustness/model_one_layer_FC_alpha_0p0009850612054411157_seed_1
[Target Frobenius norm] 1.000000
[Early stopping patience] 10
[Epoch 001] train_ce=0.2702 | train_nuc=4.5105 | train_total=0.2746 | train_acc=0.8962 | val_loss=0.1974 | val_acc=0.9283 | test_acc=0.9372 | fro=1.0000 | nuc=4.6845
[Epoch 002] train_ce=0.1899 | train_nuc=5.0808 | train_total=0.1949 | train_acc=0.9325 | val_loss=0.1856 | val_acc=0.9347 | test_acc=0.9360 | fro=1.0000 | nuc=5.5241
[Epoch 003] train_ce=0.1679 | train_nuc=5.7430 | train_total=0.1736 | train_acc=0.9404 | val_loss=0.1670 | val_acc=0.9380 | test_acc=0.9439 | fro=1.0000 | nuc=5.9795
[Epoch 004] train_ce=0.1672 | train_nuc=6.1395 | train_total=0.1732 | train_acc=0.9390 | val_loss=0.1710 | val_acc=0.9337 | test_acc=0.9352 | fro=1.0000 | nuc=6.2242
[Epoch 005] train_ce=0.1603 | train_nuc=6.3522 | train_total=0.1666 | train_acc=0.9422 | val_loss=0.1512 | val_acc=0.9440 | test_acc=0.9476 | fro=1.0000 | nuc=6.5999
[Epoch 006] train_ce=0.1595 | train_nuc=6.5905 | train_total=0.1660 | train_acc=0.9421 | val_loss=0.1685 | val_acc=0.9403 | test_acc=0.9464 | fro=1.0000 | nuc=6.7174
[Epoch 007] train_ce=0.1621 | train_nuc=6.5868 | train_total=0.1686 | train_acc=0.9406 | val_loss=0.1557 | val_acc=0.9467 | test_acc=0.9504 | fro=1.0000 | nuc=6.4938
[Epoch 008] train_ce=0.1542 | train_nuc=6.6521 | train_total=0.1607 | train_acc=0.9446 | val_loss=0.1733 | val_acc=0.9293 | test_acc=0.9349 | fro=1.0000 | nuc=6.7119
[Epoch 009] train_ce=0.1486 | train_nuc=6.7128 | train_total=0.1552 | train_acc=0.9467 | val_loss=0.1530 | val_acc=0.9467 | test_acc=0.9489 | fro=1.0000 | nuc=6.7910
[Epoch 010] train_ce=0.1482 | train_nuc=6.8097 | train_total=0.1549 | train_acc=0.9457 | val_loss=0.1679 | val_acc=0.9387 | test_acc=0.9380 | fro=1.0000 | nuc=6.7315
[Epoch 011] train_ce=0.1496 | train_nuc=6.8148 | train_total=0.1563 | train_acc=0.9455 | val_loss=0.1537 | val_acc=0.9417 | test_acc=0.9467 | fro=1.0000 | nuc=6.8277
[Epoch 012] train_ce=0.1520 | train_nuc=6.7241 | train_total=0.1587 | train_acc=0.9444 | val_loss=0.1479 | val_acc=0.9487 | test_acc=0.9503 | fro=1.0000 | nuc=6.6952
[Epoch 013] train_ce=0.1472 | train_nuc=6.7126 | train_total=0.1539 | train_acc=0.9467 | val_loss=0.1508 | val_acc=0.9493 | test_acc=0.9514 | fro=1.0000 | nuc=6.5067
[Epoch 014] train_ce=0.1522 | train_nuc=6.5648 | train_total=0.1587 | train_acc=0.9441 | val_loss=0.1401 | val_acc=0.9530 | test_acc=0.9525 | fro=1.0000 | nuc=6.6927
[Epoch 015] train_ce=0.1454 | train_nuc=6.6520 | train_total=0.1520 | train_acc=0.9467 | val_loss=0.1589 | val_acc=0.9423 | test_acc=0.9505 | fro=1.0000 | nuc=6.6027
[Epoch 016] train_ce=0.1453 | train_nuc=6.6140 | train_total=0.1519 | train_acc=0.9469 | val_loss=0.1513 | val_acc=0.9423 | test_acc=0.9483 | fro=1.0000 | nuc=6.6380
[Epoch 017] train_ce=0.1486 | train_nuc=6.5737 | train_total=0.1550 | train_acc=0.9450 | val_loss=0.1271 | val_acc=0.9550 | test_acc=0.9548 | fro=1.0000 | nuc=6.4063
[Epoch 018] train_ce=0.1411 | train_nuc=6.5787 | train_total=0.1476 | train_acc=0.9481 | val_loss=0.1417 | val_acc=0.9513 | test_acc=0.9547 | fro=1.0000 | nuc=6.6496
[Epoch 019] train_ce=0.1358 | train_nuc=6.6188 | train_total=0.1423 | train_acc=0.9516 | val_loss=0.1495 | val_acc=0.9477 | test_acc=0.9545 | fro=1.0000 | nuc=6.5646
[Epoch 020] train_ce=0.1354 | train_nuc=6.6249 | train_total=0.1419 | train_acc=0.9509 | val_loss=0.1405 | val_acc=0.9473 | test_acc=0.9577 | fro=1.0000 | nuc=6.6282
[Epoch 021] train_ce=0.1514 | train_nuc=6.4854 | train_total=0.1578 | train_acc=0.9442 | val_loss=0.1417 | val_acc=0.9497 | test_acc=0.9514 | fro=1.0000 | nuc=6.5520
[Epoch 022] train_ce=0.1362 | train_nuc=6.5514 | train_total=0.1426 | train_acc=0.9509 | val_loss=0.1850 | val_acc=0.9260 | test_acc=0.9305 | fro=1.0000 | nuc=6.6509
[Epoch 023] train_ce=0.1506 | train_nuc=6.3926 | train_total=0.1569 | train_acc=0.9445 | val_loss=0.1546 | val_acc=0.9423 | test_acc=0.9487 | fro=1.0000 | nuc=6.4099
[Epoch 024] train_ce=0.1537 | train_nuc=6.2974 | train_total=0.1599 | train_acc=0.9433 | val_loss=0.2287 | val_acc=0.9083 | test_acc=0.9085 | fro=1.0000 | nuc=6.2565
[Epoch 025] train_ce=0.1363 | train_nuc=6.4369 | train_total=0.1427 | train_acc=0.9510 | val_loss=0.1398 | val_acc=0.9470 | test_acc=0.9537 | fro=1.0000 | nuc=6.4301
[Epoch 026] train_ce=0.1415 | train_nuc=6.4053 | train_total=0.1478 | train_acc=0.9483 | val_loss=0.1584 | val_acc=0.9413 | test_acc=0.9518 | fro=1.0000 | nuc=6.4124
[Epoch 027] train_ce=0.1383 | train_nuc=6.4169 | train_total=0.1446 | train_acc=0.9502 | val_loss=0.1276 | val_acc=0.9560 | test_acc=0.9625 | fro=1.0000 | nuc=6.5231
Early stopping triggered at epoch 27. Best val_loss=0.127118 at epoch 17.
Done. alpha=0.0009850612054411157 | best_val_loss=0.127118 | best_epoch=17

================================================================================
Training alpha=0.00098506, seed=2
================================================================================
Using device: cuda
[Experiment] model_one_layer_FC_alpha_0p0009850612054411157
[Alpha] 0.0009850612054411157
[Run dir] outputs/compressibility_adv_robustness/model_one_layer_FC_alpha_0p0009850612054411157_seed_2
[Target Frobenius norm] 1.000000
[Early stopping patience] 10
[Epoch 001] train_ce=0.2762 | train_nuc=4.3886 | train_total=0.2805 | train_acc=0.8960 | val_loss=0.1886 | val_acc=0.9367 | test_acc=0.9311 | fro=1.0000 | nuc=4.5408
[Epoch 002] train_ce=0.1923 | train_nuc=4.9632 | train_total=0.1972 | train_acc=0.9318 | val_loss=0.1535 | val_acc=0.9493 | test_acc=0.9478 | fro=1.0000 | nuc=5.3301
[Epoch 003] train_ce=0.1778 | train_nuc=5.6715 | train_total=0.1834 | train_acc=0.9350 | val_loss=0.2054 | val_acc=0.9207 | test_acc=0.9178 | fro=1.0000 | nuc=5.8694
[Epoch 004] train_ce=0.1711 | train_nuc=6.0115 | train_total=0.1770 | train_acc=0.9390 | val_loss=0.1676 | val_acc=0.9380 | test_acc=0.9352 | fro=1.0000 | nuc=6.2918
[Epoch 005] train_ce=0.1647 | train_nuc=6.3414 | train_total=0.1709 | train_acc=0.9404 | val_loss=0.1383 | val_acc=0.9523 | test_acc=0.9503 | fro=1.0000 | nuc=6.3655
[Epoch 006] train_ce=0.1615 | train_nuc=6.5152 | train_total=0.1680 | train_acc=0.9411 | val_loss=0.1332 | val_acc=0.9503 | test_acc=0.9519 | fro=1.0000 | nuc=6.5478
[Epoch 007] train_ce=0.1523 | train_nuc=6.6687 | train_total=0.1589 | train_acc=0.9440 | val_loss=0.1289 | val_acc=0.9547 | test_acc=0.9537 | fro=1.0000 | nuc=6.7256
[Epoch 008] train_ce=0.1545 | train_nuc=6.6958 | train_total=0.1611 | train_acc=0.9442 | val_loss=0.1599 | val_acc=0.9363 | test_acc=0.9322 | fro=1.0000 | nuc=6.6572
[Epoch 009] train_ce=0.1588 | train_nuc=6.6358 | train_total=0.1654 | train_acc=0.9416 | val_loss=0.1273 | val_acc=0.9590 | test_acc=0.9557 | fro=1.0000 | nuc=6.6211
[Epoch 010] train_ce=0.1517 | train_nuc=6.6650 | train_total=0.1582 | train_acc=0.9450 | val_loss=0.2183 | val_acc=0.9130 | test_acc=0.9069 | fro=1.0000 | nuc=6.7131
[Epoch 011] train_ce=0.1475 | train_nuc=6.7866 | train_total=0.1542 | train_acc=0.9470 | val_loss=0.1483 | val_acc=0.9497 | test_acc=0.9516 | fro=1.0000 | nuc=6.8379
[Epoch 012] train_ce=0.1521 | train_nuc=6.6677 | train_total=0.1587 | train_acc=0.9437 | val_loss=0.1214 | val_acc=0.9597 | test_acc=0.9556 | fro=1.0000 | nuc=6.8053
[Epoch 013] train_ce=0.1487 | train_nuc=6.7554 | train_total=0.1554 | train_acc=0.9458 | val_loss=0.1163 | val_acc=0.9603 | test_acc=0.9549 | fro=1.0000 | nuc=6.6965
[Epoch 014] train_ce=0.1446 | train_nuc=6.6914 | train_total=0.1511 | train_acc=0.9485 | val_loss=0.1286 | val_acc=0.9563 | test_acc=0.9530 | fro=1.0000 | nuc=6.7430
[Epoch 015] train_ce=0.1527 | train_nuc=6.6882 | train_total=0.1593 | train_acc=0.9441 | val_loss=0.1326 | val_acc=0.9520 | test_acc=0.9498 | fro=1.0000 | nuc=6.6973
[Epoch 016] train_ce=0.1402 | train_nuc=6.7092 | train_total=0.1468 | train_acc=0.9493 | val_loss=0.1776 | val_acc=0.9317 | test_acc=0.9331 | fro=1.0000 | nuc=6.7125
[Epoch 017] train_ce=0.1465 | train_nuc=6.5767 | train_total=0.1530 | train_acc=0.9463 | val_loss=0.1477 | val_acc=0.9460 | test_acc=0.9414 | fro=1.0000 | nuc=6.6333
[Epoch 018] train_ce=0.1440 | train_nuc=6.5856 | train_total=0.1505 | train_acc=0.9478 | val_loss=0.1269 | val_acc=0.9563 | test_acc=0.9506 | fro=1.0000 | nuc=6.4153
[Epoch 019] train_ce=0.1504 | train_nuc=6.3469 | train_total=0.1566 | train_acc=0.9452 | val_loss=0.1438 | val_acc=0.9417 | test_acc=0.9356 | fro=1.0000 | nuc=6.4357
[Epoch 020] train_ce=0.1321 | train_nuc=6.4075 | train_total=0.1384 | train_acc=0.9525 | val_loss=0.1402 | val_acc=0.9513 | test_acc=0.9476 | fro=1.0000 | nuc=6.3207
[Epoch 021] train_ce=0.1518 | train_nuc=6.2398 | train_total=0.1580 | train_acc=0.9436 | val_loss=0.1346 | val_acc=0.9497 | test_acc=0.9469 | fro=1.0000 | nuc=6.2412
[Epoch 022] train_ce=0.1418 | train_nuc=6.3684 | train_total=0.1481 | train_acc=0.9483 | val_loss=0.1153 | val_acc=0.9567 | test_acc=0.9560 | fro=1.0000 | nuc=6.5851
[Epoch 023] train_ce=0.1417 | train_nuc=6.5168 | train_total=0.1481 | train_acc=0.9476 | val_loss=0.1183 | val_acc=0.9607 | test_acc=0.9561 | fro=1.0000 | nuc=6.0553
[Epoch 024] train_ce=0.1368 | train_nuc=6.4683 | train_total=0.1432 | train_acc=0.9506 | val_loss=0.1489 | val_acc=0.9470 | test_acc=0.9414 | fro=1.0000 | nuc=6.2463
[Epoch 025] train_ce=0.1401 | train_nuc=6.3501 | train_total=0.1463 | train_acc=0.9492 | val_loss=0.1206 | val_acc=0.9553 | test_acc=0.9515 | fro=1.0000 | nuc=6.4353
[Epoch 026] train_ce=0.1312 | train_nuc=6.5256 | train_total=0.1376 | train_acc=0.9536 | val_loss=0.0941 | val_acc=0.9703 | test_acc=0.9610 | fro=1.0000 | nuc=6.5483
[Epoch 027] train_ce=0.1318 | train_nuc=6.3197 | train_total=0.1380 | train_acc=0.9532 | val_loss=0.1095 | val_acc=0.9633 | test_acc=0.9649 | fro=1.0000 | nuc=6.4670
[Epoch 028] train_ce=0.1403 | train_nuc=6.4775 | train_total=0.1467 | train_acc=0.9491 | val_loss=0.1168 | val_acc=0.9607 | test_acc=0.9573 | fro=1.0000 | nuc=6.2107
[Epoch 029] train_ce=0.1415 | train_nuc=6.1803 | train_total=0.1476 | train_acc=0.9492 | val_loss=0.1064 | val_acc=0.9653 | test_acc=0.9616 | fro=1.0000 | nuc=6.3290
[Epoch 030] train_ce=0.1490 | train_nuc=6.0231 | train_total=0.1549 | train_acc=0.9453 | val_loss=0.1392 | val_acc=0.9500 | test_acc=0.9469 | fro=1.0000 | nuc=6.2196
[Epoch 031] train_ce=0.1413 | train_nuc=6.2324 | train_total=0.1475 | train_acc=0.9488 | val_loss=0.1258 | val_acc=0.9500 | test_acc=0.9495 | fro=1.0000 | nuc=6.0366
[Epoch 032] train_ce=0.1420 | train_nuc=6.1559 | train_total=0.1480 | train_acc=0.9478 | val_loss=0.1176 | val_acc=0.9557 | test_acc=0.9579 | fro=1.0000 | nuc=6.2306
[Epoch 033] train_ce=0.1368 | train_nuc=6.2332 | train_total=0.1429 | train_acc=0.9503 | val_loss=0.1326 | val_acc=0.9483 | test_acc=0.9453 | fro=1.0000 | nuc=6.2423
[Epoch 034] train_ce=0.1406 | train_nuc=6.2485 | train_total=0.1467 | train_acc=0.9489 | val_loss=0.1157 | val_acc=0.9573 | test_acc=0.9508 | fro=1.0000 | nuc=6.0284
[Epoch 035] train_ce=0.1382 | train_nuc=6.1197 | train_total=0.1443 | train_acc=0.9500 | val_loss=0.1127 | val_acc=0.9607 | test_acc=0.9628 | fro=1.0000 | nuc=6.3359
[Epoch 036] train_ce=0.1422 | train_nuc=5.9648 | train_total=0.1481 | train_acc=0.9479 | val_loss=0.1263 | val_acc=0.9490 | test_acc=0.9486 | fro=1.0000 | nuc=6.0956
Early stopping triggered at epoch 36. Best val_loss=0.094101 at epoch 26.
Done. alpha=0.0009850612054411157 | best_val_loss=0.094101 | best_epoch=26

================================================================================
Training alpha=0.00098506, seed=3
================================================================================
Using device: cuda
[Experiment] model_one_layer_FC_alpha_0p0009850612054411157
[Alpha] 0.0009850612054411157
[Run dir] outputs/compressibility_adv_robustness/model_one_layer_FC_alpha_0p0009850612054411157_seed_3
[Target Frobenius norm] 1.000000
[Early stopping patience] 10
[Epoch 001] train_ce=0.2741 | train_nuc=4.5814 | train_total=0.2786 | train_acc=0.8953 | val_loss=0.2209 | val_acc=0.9170 | test_acc=0.9300 | fro=1.0000 | nuc=4.7249
[Epoch 002] train_ce=0.1907 | train_nuc=5.1545 | train_total=0.1958 | train_acc=0.9319 | val_loss=0.1735 | val_acc=0.9440 | test_acc=0.9447 | fro=1.0000 | nuc=5.5753
[Epoch 003] train_ce=0.1770 | train_nuc=5.7813 | train_total=0.1827 | train_acc=0.9360 | val_loss=0.1547 | val_acc=0.9510 | test_acc=0.9474 | fro=1.0000 | nuc=5.9668
[Epoch 004] train_ce=0.1669 | train_nuc=6.1801 | train_total=0.1730 | train_acc=0.9394 | val_loss=0.1652 | val_acc=0.9423 | test_acc=0.9418 | fro=1.0000 | nuc=6.3890
[Epoch 005] train_ce=0.1661 | train_nuc=6.4214 | train_total=0.1724 | train_acc=0.9399 | val_loss=0.1537 | val_acc=0.9460 | test_acc=0.9491 | fro=1.0000 | nuc=6.4989
[Epoch 006] train_ce=0.1558 | train_nuc=6.5545 | train_total=0.1623 | train_acc=0.9433 | val_loss=0.1544 | val_acc=0.9430 | test_acc=0.9453 | fro=1.0000 | nuc=6.5877
[Epoch 007] train_ce=0.1571 | train_nuc=6.7124 | train_total=0.1637 | train_acc=0.9417 | val_loss=0.1530 | val_acc=0.9460 | test_acc=0.9469 | fro=1.0000 | nuc=6.6874
[Epoch 008] train_ce=0.1584 | train_nuc=6.7100 | train_total=0.1650 | train_acc=0.9421 | val_loss=0.1745 | val_acc=0.9390 | test_acc=0.9426 | fro=1.0000 | nuc=6.5615
[Epoch 009] train_ce=0.1518 | train_nuc=6.7038 | train_total=0.1584 | train_acc=0.9458 | val_loss=0.1437 | val_acc=0.9553 | test_acc=0.9537 | fro=1.0000 | nuc=6.7156
[Epoch 010] train_ce=0.1549 | train_nuc=6.6861 | train_total=0.1615 | train_acc=0.9436 | val_loss=0.1436 | val_acc=0.9523 | test_acc=0.9513 | fro=1.0000 | nuc=6.6318
[Epoch 011] train_ce=0.1504 | train_nuc=6.7430 | train_total=0.1571 | train_acc=0.9456 | val_loss=0.1801 | val_acc=0.9313 | test_acc=0.9382 | fro=1.0000 | nuc=6.7579
[Epoch 012] train_ce=0.1494 | train_nuc=6.6963 | train_total=0.1560 | train_acc=0.9464 | val_loss=0.1344 | val_acc=0.9527 | test_acc=0.9530 | fro=1.0000 | nuc=6.6968
[Epoch 013] train_ce=0.1484 | train_nuc=6.7710 | train_total=0.1551 | train_acc=0.9467 | val_loss=0.1754 | val_acc=0.9257 | test_acc=0.9346 | fro=1.0000 | nuc=6.4907
[Epoch 014] train_ce=0.1485 | train_nuc=6.6428 | train_total=0.1550 | train_acc=0.9461 | val_loss=0.1781 | val_acc=0.9360 | test_acc=0.9415 | fro=1.0000 | nuc=6.5697
[Epoch 015] train_ce=0.1462 | train_nuc=6.6147 | train_total=0.1527 | train_acc=0.9476 | val_loss=0.1272 | val_acc=0.9580 | test_acc=0.9554 | fro=1.0000 | nuc=6.7959
[Epoch 016] train_ce=0.1540 | train_nuc=6.6905 | train_total=0.1606 | train_acc=0.9429 | val_loss=0.2116 | val_acc=0.9110 | test_acc=0.9163 | fro=1.0000 | nuc=6.4303
[Epoch 017] train_ce=0.1428 | train_nuc=6.4879 | train_total=0.1491 | train_acc=0.9484 | val_loss=0.1346 | val_acc=0.9547 | test_acc=0.9594 | fro=1.0000 | nuc=6.4938
[Epoch 018] train_ce=0.1340 | train_nuc=6.5744 | train_total=0.1405 | train_acc=0.9521 | val_loss=0.1438 | val_acc=0.9483 | test_acc=0.9490 | fro=1.0000 | nuc=6.6457
[Epoch 019] train_ce=0.1496 | train_nuc=6.4631 | train_total=0.1560 | train_acc=0.9444 | val_loss=0.1407 | val_acc=0.9527 | test_acc=0.9520 | fro=1.0000 | nuc=6.5314
[Epoch 020] train_ce=0.1445 | train_nuc=6.5016 | train_total=0.1509 | train_acc=0.9462 | val_loss=0.1371 | val_acc=0.9503 | test_acc=0.9570 | fro=1.0000 | nuc=6.5229
[Epoch 021] train_ce=0.1394 | train_nuc=6.5448 | train_total=0.1459 | train_acc=0.9495 | val_loss=0.1474 | val_acc=0.9447 | test_acc=0.9476 | fro=1.0000 | nuc=6.4621
[Epoch 022] train_ce=0.1430 | train_nuc=6.5235 | train_total=0.1495 | train_acc=0.9477 | val_loss=0.1303 | val_acc=0.9620 | test_acc=0.9598 | fro=1.0000 | nuc=6.5122
[Epoch 023] train_ce=0.1405 | train_nuc=6.5468 | train_total=0.1470 | train_acc=0.9492 | val_loss=0.1562 | val_acc=0.9420 | test_acc=0.9436 | fro=1.0000 | nuc=6.5520
[Epoch 024] train_ce=0.1424 | train_nuc=6.4429 | train_total=0.1487 | train_acc=0.9487 | val_loss=0.1739 | val_acc=0.9397 | test_acc=0.9373 | fro=1.0000 | nuc=6.1799
[Epoch 025] train_ce=0.1373 | train_nuc=6.3678 | train_total=0.1436 | train_acc=0.9500 | val_loss=0.1302 | val_acc=0.9507 | test_acc=0.9525 | fro=1.0000 | nuc=6.5329
Early stopping triggered at epoch 25. Best val_loss=0.127159 at epoch 15.
Done. alpha=0.0009850612054411157 | best_val_loss=0.127159 | best_epoch=15

================================================================================
Training alpha=0.00098506, seed=4
================================================================================
Using device: cuda
[Experiment] model_one_layer_FC_alpha_0p0009850612054411157
[Alpha] 0.0009850612054411157
[Run dir] outputs/compressibility_adv_robustness/model_one_layer_FC_alpha_0p0009850612054411157_seed_4
[Target Frobenius norm] 1.000000
[Early stopping patience] 10
[Epoch 001] train_ce=0.2616 | train_nuc=4.5791 | train_total=0.2661 | train_acc=0.9005 | val_loss=0.1895 | val_acc=0.9320 | test_acc=0.9374 | fro=1.0000 | nuc=4.7109
[Epoch 002] train_ce=0.1863 | train_nuc=5.1620 | train_total=0.1913 | train_acc=0.9332 | val_loss=0.1606 | val_acc=0.9503 | test_acc=0.9482 | fro=1.0000 | nuc=5.5381
[Epoch 003] train_ce=0.1682 | train_nuc=5.8430 | train_total=0.1740 | train_acc=0.9391 | val_loss=0.1696 | val_acc=0.9410 | test_acc=0.9420 | fro=1.0000 | nuc=6.0106
[Epoch 004] train_ce=0.1670 | train_nuc=6.1463 | train_total=0.1731 | train_acc=0.9383 | val_loss=0.1370 | val_acc=0.9533 | test_acc=0.9562 | fro=1.0000 | nuc=6.3813
[Epoch 005] train_ce=0.1620 | train_nuc=6.3775 | train_total=0.1683 | train_acc=0.9411 | val_loss=0.1684 | val_acc=0.9410 | test_acc=0.9405 | fro=1.0000 | nuc=6.5447
[Epoch 006] train_ce=0.1644 | train_nuc=6.4120 | train_total=0.1707 | train_acc=0.9409 | val_loss=0.1493 | val_acc=0.9540 | test_acc=0.9498 | fro=1.0000 | nuc=6.4026
[Epoch 007] train_ce=0.1564 | train_nuc=6.5332 | train_total=0.1629 | train_acc=0.9433 | val_loss=0.1411 | val_acc=0.9500 | test_acc=0.9495 | fro=1.0000 | nuc=6.6581
[Epoch 008] train_ce=0.1527 | train_nuc=6.6255 | train_total=0.1592 | train_acc=0.9445 | val_loss=0.1369 | val_acc=0.9527 | test_acc=0.9535 | fro=1.0000 | nuc=6.5987
[Epoch 009] train_ce=0.1512 | train_nuc=6.5887 | train_total=0.1577 | train_acc=0.9454 | val_loss=0.1543 | val_acc=0.9477 | test_acc=0.9435 | fro=1.0000 | nuc=6.7582
[Epoch 010] train_ce=0.1481 | train_nuc=6.6788 | train_total=0.1547 | train_acc=0.9460 | val_loss=0.1909 | val_acc=0.9273 | test_acc=0.9283 | fro=1.0000 | nuc=6.5296
[Epoch 011] train_ce=0.1488 | train_nuc=6.6205 | train_total=0.1553 | train_acc=0.9462 | val_loss=0.1728 | val_acc=0.9393 | test_acc=0.9334 | fro=1.0000 | nuc=6.7206
[Epoch 012] train_ce=0.1438 | train_nuc=6.6792 | train_total=0.1504 | train_acc=0.9475 | val_loss=0.1473 | val_acc=0.9517 | test_acc=0.9497 | fro=1.0000 | nuc=6.5767
[Epoch 013] train_ce=0.1452 | train_nuc=6.6070 | train_total=0.1517 | train_acc=0.9469 | val_loss=0.1299 | val_acc=0.9517 | test_acc=0.9548 | fro=1.0000 | nuc=6.6644
[Epoch 014] train_ce=0.1415 | train_nuc=6.7006 | train_total=0.1481 | train_acc=0.9482 | val_loss=0.1571 | val_acc=0.9457 | test_acc=0.9446 | fro=1.0000 | nuc=6.6669
[Epoch 015] train_ce=0.1448 | train_nuc=6.6242 | train_total=0.1514 | train_acc=0.9473 | val_loss=0.1261 | val_acc=0.9547 | test_acc=0.9576 | fro=1.0000 | nuc=6.7312
[Epoch 016] train_ce=0.1399 | train_nuc=6.6151 | train_total=0.1465 | train_acc=0.9486 | val_loss=0.1270 | val_acc=0.9583 | test_acc=0.9595 | fro=1.0000 | nuc=6.4967
[Epoch 017] train_ce=0.1400 | train_nuc=6.5939 | train_total=0.1465 | train_acc=0.9490 | val_loss=0.1469 | val_acc=0.9500 | test_acc=0.9457 | fro=1.0000 | nuc=6.5394
[Epoch 018] train_ce=0.1458 | train_nuc=6.4074 | train_total=0.1521 | train_acc=0.9471 | val_loss=0.1615 | val_acc=0.9367 | test_acc=0.9324 | fro=1.0000 | nuc=6.5556
[Epoch 019] train_ce=0.1402 | train_nuc=6.4631 | train_total=0.1466 | train_acc=0.9492 | val_loss=0.1568 | val_acc=0.9407 | test_acc=0.9424 | fro=1.0000 | nuc=6.4887
[Epoch 020] train_ce=0.1429 | train_nuc=6.4564 | train_total=0.1492 | train_acc=0.9479 | val_loss=0.1399 | val_acc=0.9490 | test_acc=0.9525 | fro=1.0000 | nuc=6.2576
[Epoch 021] train_ce=0.1321 | train_nuc=6.4746 | train_total=0.1385 | train_acc=0.9533 | val_loss=0.1508 | val_acc=0.9423 | test_acc=0.9422 | fro=1.0000 | nuc=6.3611
[Epoch 022] train_ce=0.1442 | train_nuc=6.3371 | train_total=0.1505 | train_acc=0.9464 | val_loss=0.1208 | val_acc=0.9587 | test_acc=0.9602 | fro=1.0000 | nuc=6.3625
[Epoch 023] train_ce=0.1404 | train_nuc=6.3186 | train_total=0.1466 | train_acc=0.9484 | val_loss=0.1531 | val_acc=0.9433 | test_acc=0.9481 | fro=1.0000 | nuc=6.2836
[Epoch 024] train_ce=0.1384 | train_nuc=6.3729 | train_total=0.1447 | train_acc=0.9507 | val_loss=0.1272 | val_acc=0.9577 | test_acc=0.9538 | fro=1.0000 | nuc=6.3078
[Epoch 025] train_ce=0.1384 | train_nuc=6.3112 | train_total=0.1446 | train_acc=0.9496 | val_loss=0.1594 | val_acc=0.9433 | test_acc=0.9498 | fro=1.0000 | nuc=6.5392
[Epoch 026] train_ce=0.1375 | train_nuc=6.4703 | train_total=0.1438 | train_acc=0.9502 | val_loss=0.1637 | val_acc=0.9360 | test_acc=0.9447 | fro=1.0000 | nuc=6.1947
[Epoch 027] train_ce=0.1442 | train_nuc=6.3200 | train_total=0.1504 | train_acc=0.9472 | val_loss=0.1457 | val_acc=0.9527 | test_acc=0.9491 | fro=1.0000 | nuc=5.8724
[Epoch 028] train_ce=0.1350 | train_nuc=6.2024 | train_total=0.1411 | train_acc=0.9517 | val_loss=0.1272 | val_acc=0.9573 | test_acc=0.9587 | fro=1.0000 | nuc=6.4151
[Epoch 029] train_ce=0.1354 | train_nuc=6.3605 | train_total=0.1417 | train_acc=0.9510 | val_loss=0.1327 | val_acc=0.9533 | test_acc=0.9560 | fro=1.0000 | nuc=6.5501
[Epoch 030] train_ce=0.1329 | train_nuc=6.3491 | train_total=0.1392 | train_acc=0.9517 | val_loss=0.1603 | val_acc=0.9377 | test_acc=0.9459 | fro=1.0000 | nuc=6.4096
[Epoch 031] train_ce=0.1395 | train_nuc=6.1844 | train_total=0.1456 | train_acc=0.9490 | val_loss=0.1320 | val_acc=0.9583 | test_acc=0.9493 | fro=1.0000 | nuc=6.3286
[Epoch 032] train_ce=0.1283 | train_nuc=6.3675 | train_total=0.1346 | train_acc=0.9530 | val_loss=0.1157 | val_acc=0.9590 | test_acc=0.9612 | fro=1.0000 | nuc=6.4543
[Epoch 033] train_ce=0.1276 | train_nuc=6.2957 | train_total=0.1338 | train_acc=0.9535 | val_loss=0.1301 | val_acc=0.9583 | test_acc=0.9566 | fro=1.0000 | nuc=6.2670
[Epoch 034] train_ce=0.1502 | train_nuc=5.9893 | train_total=0.1561 | train_acc=0.9447 | val_loss=0.1609 | val_acc=0.9440 | test_acc=0.9387 | fro=1.0000 | nuc=5.7879
[Epoch 035] train_ce=0.1312 | train_nuc=5.9810 | train_total=0.1371 | train_acc=0.9530 | val_loss=0.1262 | val_acc=0.9563 | test_acc=0.9539 | fro=1.0000 | nuc=6.1264
[Epoch 036] train_ce=0.1307 | train_nuc=6.2223 | train_total=0.1368 | train_acc=0.9520 | val_loss=0.1352 | val_acc=0.9547 | test_acc=0.9537 | fro=1.0000 | nuc=6.2786
[Epoch 037] train_ce=0.1400 | train_nuc=5.9430 | train_total=0.1458 | train_acc=0.9491 | val_loss=0.1208 | val_acc=0.9560 | test_acc=0.9626 | fro=1.0000 | nuc=6.0749
[Epoch 038] train_ce=0.1343 | train_nuc=5.9846 | train_total=0.1402 | train_acc=0.9519 | val_loss=0.1691 | val_acc=0.9377 | test_acc=0.9421 | fro=1.0000 | nuc=6.0523
[Epoch 039] train_ce=0.1231 | train_nuc=6.2185 | train_total=0.1293 | train_acc=0.9562 | val_loss=0.1413 | val_acc=0.9493 | test_acc=0.9522 | fro=1.0000 | nuc=6.2346
[Epoch 040] train_ce=0.1489 | train_nuc=5.8554 | train_total=0.1546 | train_acc=0.9446 | val_loss=0.1603 | val_acc=0.9377 | test_acc=0.9410 | fro=1.0000 | nuc=5.7578
[Epoch 041] train_ce=0.1269 | train_nuc=6.0851 | train_total=0.1329 | train_acc=0.9544 | val_loss=0.1228 | val_acc=0.9567 | test_acc=0.9596 | fro=1.0000 | nuc=5.9557
[Epoch 042] train_ce=0.1313 | train_nuc=6.1092 | train_total=0.1373 | train_acc=0.9521 | val_loss=0.1239 | val_acc=0.9600 | test_acc=0.9605 | fro=1.0000 | nuc=5.8641
Early stopping triggered at epoch 42. Best val_loss=0.115679 at epoch 32.
Done. alpha=0.0009850612054411157 | best_val_loss=0.115679 | best_epoch=32

================================================================================
Training alpha=0.00174513, seed=0
================================================================================
Using device: cuda
[Experiment] model_one_layer_FC_alpha_0p0017451349631665944
[Alpha] 0.0017451349631665944
[Run dir] outputs/compressibility_adv_robustness/model_one_layer_FC_alpha_0p0017451349631665944_seed_0
[Target Frobenius norm] 1.000000
[Early stopping patience] 10
[Epoch 001] train_ce=0.2729 | train_nuc=4.2757 | train_total=0.2804 | train_acc=0.8944 | val_loss=0.2067 | val_acc=0.9283 | test_acc=0.9256 | fro=1.0000 | nuc=4.2942
[Epoch 002] train_ce=0.1950 | train_nuc=4.7962 | train_total=0.2034 | train_acc=0.9291 | val_loss=0.1774 | val_acc=0.9437 | test_acc=0.9395 | fro=1.0000 | nuc=5.2315
[Epoch 003] train_ce=0.1762 | train_nuc=5.4365 | train_total=0.1856 | train_acc=0.9363 | val_loss=0.1503 | val_acc=0.9500 | test_acc=0.9439 | fro=1.0000 | nuc=5.6294
[Epoch 004] train_ce=0.1642 | train_nuc=5.8771 | train_total=0.1745 | train_acc=0.9419 | val_loss=0.1694 | val_acc=0.9403 | test_acc=0.9419 | fro=1.0000 | nuc=5.9178
[Epoch 005] train_ce=0.1634 | train_nuc=6.0841 | train_total=0.1741 | train_acc=0.9409 | val_loss=0.1342 | val_acc=0.9533 | test_acc=0.9527 | fro=1.0000 | nuc=6.2885
[Epoch 006] train_ce=0.1607 | train_nuc=6.2670 | train_total=0.1717 | train_acc=0.9409 | val_loss=0.1343 | val_acc=0.9543 | test_acc=0.9529 | fro=1.0000 | nuc=6.2624
[Epoch 007] train_ce=0.1588 | train_nuc=6.3614 | train_total=0.1699 | train_acc=0.9415 | val_loss=0.1480 | val_acc=0.9447 | test_acc=0.9511 | fro=1.0000 | nuc=6.4516
[Epoch 008] train_ce=0.1541 | train_nuc=6.4593 | train_total=0.1654 | train_acc=0.9446 | val_loss=0.1524 | val_acc=0.9463 | test_acc=0.9380 | fro=1.0000 | nuc=6.3037
[Epoch 009] train_ce=0.1533 | train_nuc=6.4639 | train_total=0.1645 | train_acc=0.9438 | val_loss=0.1253 | val_acc=0.9577 | test_acc=0.9545 | fro=1.0000 | nuc=6.5658
[Epoch 010] train_ce=0.1547 | train_nuc=6.4645 | train_total=0.1660 | train_acc=0.9431 | val_loss=0.1594 | val_acc=0.9400 | test_acc=0.9330 | fro=1.0000 | nuc=6.4016
[Epoch 011] train_ce=0.1583 | train_nuc=6.3775 | train_total=0.1695 | train_acc=0.9412 | val_loss=0.1271 | val_acc=0.9540 | test_acc=0.9511 | fro=1.0000 | nuc=6.1793
[Epoch 012] train_ce=0.1509 | train_nuc=6.3081 | train_total=0.1619 | train_acc=0.9449 | val_loss=0.1447 | val_acc=0.9507 | test_acc=0.9461 | fro=1.0000 | nuc=6.3459
[Epoch 013] train_ce=0.1512 | train_nuc=6.3130 | train_total=0.1622 | train_acc=0.9437 | val_loss=0.1454 | val_acc=0.9483 | test_acc=0.9462 | fro=1.0000 | nuc=6.2417
[Epoch 014] train_ce=0.1409 | train_nuc=6.3474 | train_total=0.1519 | train_acc=0.9492 | val_loss=0.1283 | val_acc=0.9503 | test_acc=0.9537 | fro=1.0000 | nuc=6.3881
[Epoch 015] train_ce=0.1457 | train_nuc=6.3913 | train_total=0.1568 | train_acc=0.9466 | val_loss=0.1264 | val_acc=0.9587 | test_acc=0.9559 | fro=1.0000 | nuc=6.4812
[Epoch 016] train_ce=0.1502 | train_nuc=6.3491 | train_total=0.1613 | train_acc=0.9453 | val_loss=0.1278 | val_acc=0.9573 | test_acc=0.9539 | fro=1.0000 | nuc=6.4126
[Epoch 017] train_ce=0.1422 | train_nuc=6.3700 | train_total=0.1533 | train_acc=0.9484 | val_loss=0.1224 | val_acc=0.9567 | test_acc=0.9509 | fro=1.0000 | nuc=6.2512
[Epoch 018] train_ce=0.1443 | train_nuc=6.3159 | train_total=0.1554 | train_acc=0.9470 | val_loss=0.1896 | val_acc=0.9273 | test_acc=0.9256 | fro=1.0000 | nuc=6.3166
[Epoch 019] train_ce=0.1367 | train_nuc=6.3826 | train_total=0.1478 | train_acc=0.9497 | val_loss=0.1332 | val_acc=0.9563 | test_acc=0.9542 | fro=1.0000 | nuc=6.1074
[Epoch 020] train_ce=0.1486 | train_nuc=6.1828 | train_total=0.1594 | train_acc=0.9466 | val_loss=0.1227 | val_acc=0.9530 | test_acc=0.9561 | fro=1.0000 | nuc=6.2390
[Epoch 021] train_ce=0.1458 | train_nuc=6.1021 | train_total=0.1565 | train_acc=0.9465 | val_loss=0.1219 | val_acc=0.9600 | test_acc=0.9569 | fro=1.0000 | nuc=6.3237
[Epoch 022] train_ce=0.1359 | train_nuc=6.3315 | train_total=0.1469 | train_acc=0.9517 | val_loss=0.1499 | val_acc=0.9430 | test_acc=0.9401 | fro=1.0000 | nuc=6.5056
[Epoch 023] train_ce=0.1360 | train_nuc=6.3178 | train_total=0.1470 | train_acc=0.9500 | val_loss=0.1337 | val_acc=0.9533 | test_acc=0.9515 | fro=1.0000 | nuc=6.1687
[Epoch 024] train_ce=0.1393 | train_nuc=6.1639 | train_total=0.1500 | train_acc=0.9484 | val_loss=0.1266 | val_acc=0.9610 | test_acc=0.9523 | fro=1.0000 | nuc=6.2560
[Epoch 025] train_ce=0.1374 | train_nuc=6.2864 | train_total=0.1483 | train_acc=0.9500 | val_loss=0.1184 | val_acc=0.9593 | test_acc=0.9537 | fro=1.0000 | nuc=6.1709
[Epoch 026] train_ce=0.1274 | train_nuc=6.2258 | train_total=0.1383 | train_acc=0.9538 | val_loss=0.1285 | val_acc=0.9580 | test_acc=0.9539 | fro=1.0000 | nuc=6.3385
[Epoch 027] train_ce=0.1423 | train_nuc=6.0722 | train_total=0.1529 | train_acc=0.9479 | val_loss=0.1294 | val_acc=0.9530 | test_acc=0.9544 | fro=1.0000 | nuc=6.2700
[Epoch 028] train_ce=0.1398 | train_nuc=6.1046 | train_total=0.1504 | train_acc=0.9491 | val_loss=0.1503 | val_acc=0.9433 | test_acc=0.9401 | fro=1.0000 | nuc=5.7745
[Epoch 029] train_ce=0.1272 | train_nuc=6.1106 | train_total=0.1379 | train_acc=0.9540 | val_loss=0.1637 | val_acc=0.9417 | test_acc=0.9402 | fro=1.0000 | nuc=6.0624
[Epoch 030] train_ce=0.1253 | train_nuc=6.0695 | train_total=0.1359 | train_acc=0.9554 | val_loss=0.1429 | val_acc=0.9500 | test_acc=0.9418 | fro=1.0000 | nuc=6.0206
[Epoch 031] train_ce=0.1349 | train_nuc=6.1126 | train_total=0.1456 | train_acc=0.9506 | val_loss=0.1076 | val_acc=0.9637 | test_acc=0.9629 | fro=1.0000 | nuc=6.0799
[Epoch 032] train_ce=0.1315 | train_nuc=6.0567 | train_total=0.1421 | train_acc=0.9519 | val_loss=0.1063 | val_acc=0.9627 | test_acc=0.9605 | fro=1.0000 | nuc=6.3122
[Epoch 033] train_ce=0.1447 | train_nuc=5.7929 | train_total=0.1548 | train_acc=0.9463 | val_loss=0.1725 | val_acc=0.9367 | test_acc=0.9277 | fro=1.0000 | nuc=5.4896
[Epoch 034] train_ce=0.1256 | train_nuc=5.7391 | train_total=0.1356 | train_acc=0.9555 | val_loss=0.1065 | val_acc=0.9637 | test_acc=0.9598 | fro=1.0000 | nuc=5.8853
[Epoch 035] train_ce=0.1314 | train_nuc=5.9162 | train_total=0.1418 | train_acc=0.9520 | val_loss=0.1102 | val_acc=0.9587 | test_acc=0.9605 | fro=1.0000 | nuc=5.7392
[Epoch 036] train_ce=0.1492 | train_nuc=5.7662 | train_total=0.1593 | train_acc=0.9445 | val_loss=0.1053 | val_acc=0.9633 | test_acc=0.9607 | fro=1.0000 | nuc=6.0504
[Epoch 037] train_ce=0.1185 | train_nuc=6.0108 | train_total=0.1290 | train_acc=0.9579 | val_loss=0.1358 | val_acc=0.9457 | test_acc=0.9485 | fro=1.0000 | nuc=6.0091
[Epoch 038] train_ce=0.1404 | train_nuc=5.7818 | train_total=0.1505 | train_acc=0.9484 | val_loss=0.1161 | val_acc=0.9617 | test_acc=0.9564 | fro=1.0000 | nuc=5.8950
[Epoch 039] train_ce=0.1325 | train_nuc=5.8905 | train_total=0.1428 | train_acc=0.9520 | val_loss=0.1263 | val_acc=0.9533 | test_acc=0.9541 | fro=1.0000 | nuc=6.0064
[Epoch 040] train_ce=0.1239 | train_nuc=5.8843 | train_total=0.1341 | train_acc=0.9546 | val_loss=0.1127 | val_acc=0.9633 | test_acc=0.9567 | fro=1.0000 | nuc=5.9098
[Epoch 041] train_ce=0.1267 | train_nuc=5.8672 | train_total=0.1369 | train_acc=0.9546 | val_loss=0.1271 | val_acc=0.9487 | test_acc=0.9501 | fro=1.0000 | nuc=5.7798
[Epoch 042] train_ce=0.1191 | train_nuc=5.9538 | train_total=0.1295 | train_acc=0.9571 | val_loss=0.0984 | val_acc=0.9653 | test_acc=0.9652 | fro=1.0000 | nuc=6.0496
[Epoch 043] train_ce=0.1177 | train_nuc=5.9138 | train_total=0.1280 | train_acc=0.9575 | val_loss=0.1316 | val_acc=0.9460 | test_acc=0.9457 | fro=1.0000 | nuc=5.9827
[Epoch 044] train_ce=0.1150 | train_nuc=5.9142 | train_total=0.1253 | train_acc=0.9593 | val_loss=0.1097 | val_acc=0.9613 | test_acc=0.9621 | fro=1.0000 | nuc=5.8815
[Epoch 045] train_ce=0.1320 | train_nuc=5.7212 | train_total=0.1420 | train_acc=0.9521 | val_loss=0.1266 | val_acc=0.9540 | test_acc=0.9469 | fro=1.0000 | nuc=5.6872
[Epoch 046] train_ce=0.1336 | train_nuc=5.7477 | train_total=0.1436 | train_acc=0.9509 | val_loss=0.1276 | val_acc=0.9553 | test_acc=0.9479 | fro=1.0000 | nuc=5.7654
[Epoch 047] train_ce=0.1383 | train_nuc=5.7012 | train_total=0.1483 | train_acc=0.9495 | val_loss=0.1182 | val_acc=0.9573 | test_acc=0.9544 | fro=1.0000 | nuc=5.7767
[Epoch 048] train_ce=0.1272 | train_nuc=5.8927 | train_total=0.1374 | train_acc=0.9544 | val_loss=0.1750 | val_acc=0.9340 | test_acc=0.9382 | fro=1.0000 | nuc=5.8104
[Epoch 049] train_ce=0.1283 | train_nuc=5.7621 | train_total=0.1384 | train_acc=0.9532 | val_loss=0.1171 | val_acc=0.9597 | test_acc=0.9560 | fro=1.0000 | nuc=5.7642
[Epoch 050] train_ce=0.1216 | train_nuc=5.7686 | train_total=0.1316 | train_acc=0.9572 | val_loss=0.1194 | val_acc=0.9573 | test_acc=0.9570 | fro=1.0000 | nuc=5.8839
[Epoch 051] train_ce=0.1298 | train_nuc=5.6093 | train_total=0.1396 | train_acc=0.9515 | val_loss=0.1205 | val_acc=0.9563 | test_acc=0.9549 | fro=1.0000 | nuc=5.6347
[Epoch 052] train_ce=0.1228 | train_nuc=5.8104 | train_total=0.1330 | train_acc=0.9564 | val_loss=0.1096 | val_acc=0.9620 | test_acc=0.9594 | fro=1.0000 | nuc=5.7913
Early stopping triggered at epoch 52. Best val_loss=0.098420 at epoch 42.
Done. alpha=0.0017451349631665944 | best_val_loss=0.098420 | best_epoch=42

================================================================================
Training alpha=0.00174513, seed=1
================================================================================
Using device: cuda
[Experiment] model_one_layer_FC_alpha_0p0017451349631665944
[Alpha] 0.0017451349631665944
[Run dir] outputs/compressibility_adv_robustness/model_one_layer_FC_alpha_0p0017451349631665944_seed_1
[Target Frobenius norm] 1.000000
[Early stopping patience] 10
[Epoch 001] train_ce=0.2688 | train_nuc=4.2996 | train_total=0.2763 | train_acc=0.8966 | val_loss=0.1950 | val_acc=0.9310 | test_acc=0.9368 | fro=1.0000 | nuc=4.4033
[Epoch 002] train_ce=0.1904 | train_nuc=4.8451 | train_total=0.1988 | train_acc=0.9320 | val_loss=0.1900 | val_acc=0.9297 | test_acc=0.9349 | fro=1.0000 | nuc=5.2484
[Epoch 003] train_ce=0.1677 | train_nuc=5.4635 | train_total=0.1773 | train_acc=0.9400 | val_loss=0.1675 | val_acc=0.9390 | test_acc=0.9434 | fro=1.0000 | nuc=5.7018
[Epoch 004] train_ce=0.1659 | train_nuc=5.9051 | train_total=0.1762 | train_acc=0.9386 | val_loss=0.1787 | val_acc=0.9307 | test_acc=0.9322 | fro=1.0000 | nuc=5.9745
[Epoch 005] train_ce=0.1582 | train_nuc=6.1756 | train_total=0.1690 | train_acc=0.9428 | val_loss=0.1523 | val_acc=0.9443 | test_acc=0.9483 | fro=1.0000 | nuc=6.3020
[Epoch 006] train_ce=0.1622 | train_nuc=6.2710 | train_total=0.1732 | train_acc=0.9413 | val_loss=0.1678 | val_acc=0.9387 | test_acc=0.9473 | fro=1.0000 | nuc=6.4564
[Epoch 007] train_ce=0.1641 | train_nuc=6.3365 | train_total=0.1752 | train_acc=0.9395 | val_loss=0.1518 | val_acc=0.9507 | test_acc=0.9544 | fro=1.0000 | nuc=6.3254
[Epoch 008] train_ce=0.1555 | train_nuc=6.3607 | train_total=0.1666 | train_acc=0.9433 | val_loss=0.1816 | val_acc=0.9260 | test_acc=0.9325 | fro=1.0000 | nuc=6.4336
[Epoch 009] train_ce=0.1506 | train_nuc=6.4172 | train_total=0.1618 | train_acc=0.9453 | val_loss=0.1631 | val_acc=0.9410 | test_acc=0.9435 | fro=1.0000 | nuc=6.4977
[Epoch 010] train_ce=0.1455 | train_nuc=6.5653 | train_total=0.1570 | train_acc=0.9478 | val_loss=0.1628 | val_acc=0.9430 | test_acc=0.9429 | fro=1.0000 | nuc=6.6062
[Epoch 011] train_ce=0.1475 | train_nuc=6.5330 | train_total=0.1589 | train_acc=0.9466 | val_loss=0.1568 | val_acc=0.9390 | test_acc=0.9438 | fro=1.0000 | nuc=6.4606
[Epoch 012] train_ce=0.1535 | train_nuc=6.3737 | train_total=0.1646 | train_acc=0.9443 | val_loss=0.1413 | val_acc=0.9507 | test_acc=0.9521 | fro=1.0000 | nuc=6.4267
[Epoch 013] train_ce=0.1506 | train_nuc=6.3956 | train_total=0.1617 | train_acc=0.9453 | val_loss=0.1369 | val_acc=0.9530 | test_acc=0.9546 | fro=1.0000 | nuc=6.4421
[Epoch 014] train_ce=0.1494 | train_nuc=6.3841 | train_total=0.1606 | train_acc=0.9449 | val_loss=0.1428 | val_acc=0.9490 | test_acc=0.9567 | fro=1.0000 | nuc=6.4044
[Epoch 015] train_ce=0.1432 | train_nuc=6.3898 | train_total=0.1544 | train_acc=0.9484 | val_loss=0.1674 | val_acc=0.9380 | test_acc=0.9453 | fro=1.0000 | nuc=6.3777
[Epoch 016] train_ce=0.1439 | train_nuc=6.3891 | train_total=0.1550 | train_acc=0.9473 | val_loss=0.1457 | val_acc=0.9487 | test_acc=0.9494 | fro=1.0000 | nuc=6.3760
[Epoch 017] train_ce=0.1399 | train_nuc=6.3870 | train_total=0.1510 | train_acc=0.9500 | val_loss=0.1301 | val_acc=0.9557 | test_acc=0.9571 | fro=1.0000 | nuc=6.4233
[Epoch 018] train_ce=0.1399 | train_nuc=6.2878 | train_total=0.1509 | train_acc=0.9486 | val_loss=0.1417 | val_acc=0.9470 | test_acc=0.9566 | fro=1.0000 | nuc=6.2755
[Epoch 019] train_ce=0.1354 | train_nuc=6.2709 | train_total=0.1463 | train_acc=0.9522 | val_loss=0.1533 | val_acc=0.9450 | test_acc=0.9518 | fro=1.0000 | nuc=6.2174
[Epoch 020] train_ce=0.1351 | train_nuc=6.2670 | train_total=0.1460 | train_acc=0.9515 | val_loss=0.1289 | val_acc=0.9510 | test_acc=0.9609 | fro=1.0000 | nuc=6.2389
[Epoch 021] train_ce=0.1420 | train_nuc=6.1910 | train_total=0.1528 | train_acc=0.9485 | val_loss=0.1322 | val_acc=0.9520 | test_acc=0.9571 | fro=1.0000 | nuc=6.2700
[Epoch 022] train_ce=0.1391 | train_nuc=6.1929 | train_total=0.1499 | train_acc=0.9509 | val_loss=0.1566 | val_acc=0.9410 | test_acc=0.9457 | fro=1.0000 | nuc=6.2739
[Epoch 023] train_ce=0.1416 | train_nuc=6.1042 | train_total=0.1522 | train_acc=0.9486 | val_loss=0.1504 | val_acc=0.9460 | test_acc=0.9482 | fro=1.0000 | nuc=6.1751
[Epoch 024] train_ce=0.1440 | train_nuc=6.0862 | train_total=0.1546 | train_acc=0.9472 | val_loss=0.1446 | val_acc=0.9437 | test_acc=0.9470 | fro=1.0000 | nuc=6.0400
[Epoch 025] train_ce=0.1485 | train_nuc=5.9401 | train_total=0.1589 | train_acc=0.9449 | val_loss=0.1360 | val_acc=0.9470 | test_acc=0.9512 | fro=1.0000 | nuc=6.1252
[Epoch 026] train_ce=0.1387 | train_nuc=6.1531 | train_total=0.1494 | train_acc=0.9503 | val_loss=0.1635 | val_acc=0.9390 | test_acc=0.9513 | fro=1.0000 | nuc=6.1780
[Epoch 027] train_ce=0.1406 | train_nuc=6.0483 | train_total=0.1512 | train_acc=0.9501 | val_loss=0.1282 | val_acc=0.9530 | test_acc=0.9612 | fro=1.0000 | nuc=6.1294
[Epoch 028] train_ce=0.1412 | train_nuc=6.0392 | train_total=0.1518 | train_acc=0.9473 | val_loss=0.2051 | val_acc=0.9230 | test_acc=0.9247 | fro=1.0000 | nuc=5.9555
[Epoch 029] train_ce=0.1427 | train_nuc=5.8738 | train_total=0.1530 | train_acc=0.9485 | val_loss=0.1850 | val_acc=0.9230 | test_acc=0.9328 | fro=1.0000 | nuc=5.9117
[Epoch 030] train_ce=0.1379 | train_nuc=6.0626 | train_total=0.1485 | train_acc=0.9490 | val_loss=0.1293 | val_acc=0.9540 | test_acc=0.9576 | fro=1.0000 | nuc=5.9929
[Epoch 031] train_ce=0.1307 | train_nuc=6.1535 | train_total=0.1414 | train_acc=0.9525 | val_loss=0.1749 | val_acc=0.9350 | test_acc=0.9391 | fro=1.0000 | nuc=6.1434
[Epoch 032] train_ce=0.1242 | train_nuc=6.0713 | train_total=0.1348 | train_acc=0.9562 | val_loss=0.1156 | val_acc=0.9580 | test_acc=0.9647 | fro=1.0000 | nuc=6.0677
[Epoch 033] train_ce=0.1353 | train_nuc=5.9165 | train_total=0.1456 | train_acc=0.9506 | val_loss=0.1397 | val_acc=0.9517 | test_acc=0.9555 | fro=1.0000 | nuc=5.8152
[Epoch 034] train_ce=0.1352 | train_nuc=5.8699 | train_total=0.1455 | train_acc=0.9513 | val_loss=0.1457 | val_acc=0.9493 | test_acc=0.9523 | fro=1.0000 | nuc=6.0100
[Epoch 035] train_ce=0.1475 | train_nuc=5.8695 | train_total=0.1578 | train_acc=0.9450 | val_loss=0.1312 | val_acc=0.9527 | test_acc=0.9621 | fro=1.0000 | nuc=5.9818
[Epoch 036] train_ce=0.1375 | train_nuc=5.7549 | train_total=0.1475 | train_acc=0.9500 | val_loss=0.1316 | val_acc=0.9487 | test_acc=0.9552 | fro=1.0000 | nuc=5.8593
[Epoch 037] train_ce=0.1189 | train_nuc=5.9748 | train_total=0.1293 | train_acc=0.9586 | val_loss=0.1843 | val_acc=0.9287 | test_acc=0.9382 | fro=1.0000 | nuc=5.9826
[Epoch 038] train_ce=0.1271 | train_nuc=5.9651 | train_total=0.1375 | train_acc=0.9539 | val_loss=0.1157 | val_acc=0.9590 | test_acc=0.9625 | fro=1.0000 | nuc=5.9455
[Epoch 039] train_ce=0.1335 | train_nuc=5.9546 | train_total=0.1439 | train_acc=0.9512 | val_loss=0.1247 | val_acc=0.9540 | test_acc=0.9598 | fro=1.0000 | nuc=5.8518
[Epoch 040] train_ce=0.1352 | train_nuc=5.8528 | train_total=0.1455 | train_acc=0.9499 | val_loss=0.1349 | val_acc=0.9513 | test_acc=0.9570 | fro=1.0000 | nuc=5.4522
[Epoch 041] train_ce=0.1290 | train_nuc=5.8882 | train_total=0.1392 | train_acc=0.9533 | val_loss=0.1229 | val_acc=0.9540 | test_acc=0.9636 | fro=1.0000 | nuc=6.1477
[Epoch 042] train_ce=0.1423 | train_nuc=5.8952 | train_total=0.1526 | train_acc=0.9491 | val_loss=0.1341 | val_acc=0.9513 | test_acc=0.9571 | fro=1.0000 | nuc=5.8237
Early stopping triggered at epoch 42. Best val_loss=0.115577 at epoch 32.
Done. alpha=0.0017451349631665944 | best_val_loss=0.115577 | best_epoch=32

================================================================================
Training alpha=0.00174513, seed=2
================================================================================
Using device: cuda
[Experiment] model_one_layer_FC_alpha_0p0017451349631665944
[Alpha] 0.0017451349631665944
[Run dir] outputs/compressibility_adv_robustness/model_one_layer_FC_alpha_0p0017451349631665944_seed_2
[Target Frobenius norm] 1.000000
[Early stopping patience] 10
[Epoch 001] train_ce=0.2758 | train_nuc=4.1709 | train_total=0.2831 | train_acc=0.8959 | val_loss=0.1840 | val_acc=0.9373 | test_acc=0.9342 | fro=1.0000 | nuc=4.3174
[Epoch 002] train_ce=0.1919 | train_nuc=4.6520 | train_total=0.2001 | train_acc=0.9311 | val_loss=0.1551 | val_acc=0.9503 | test_acc=0.9467 | fro=1.0000 | nuc=5.0178
[Epoch 003] train_ce=0.1791 | train_nuc=5.3716 | train_total=0.1885 | train_acc=0.9343 | val_loss=0.2090 | val_acc=0.9180 | test_acc=0.9163 | fro=1.0000 | nuc=5.5999
[Epoch 004] train_ce=0.1706 | train_nuc=5.7324 | train_total=0.1806 | train_acc=0.9382 | val_loss=0.1703 | val_acc=0.9383 | test_acc=0.9353 | fro=1.0000 | nuc=5.9601
[Epoch 005] train_ce=0.1642 | train_nuc=6.0052 | train_total=0.1747 | train_acc=0.9409 | val_loss=0.1423 | val_acc=0.9520 | test_acc=0.9483 | fro=1.0000 | nuc=6.0615
[Epoch 006] train_ce=0.1620 | train_nuc=6.1989 | train_total=0.1728 | train_acc=0.9411 | val_loss=0.1355 | val_acc=0.9507 | test_acc=0.9480 | fro=1.0000 | nuc=6.2290
[Epoch 007] train_ce=0.1509 | train_nuc=6.3677 | train_total=0.1620 | train_acc=0.9451 | val_loss=0.1561 | val_acc=0.9430 | test_acc=0.9464 | fro=1.0000 | nuc=6.5112
[Epoch 008] train_ce=0.1631 | train_nuc=6.3346 | train_total=0.1742 | train_acc=0.9394 | val_loss=0.1424 | val_acc=0.9470 | test_acc=0.9456 | fro=1.0000 | nuc=6.2234
[Epoch 009] train_ce=0.1571 | train_nuc=6.3160 | train_total=0.1681 | train_acc=0.9431 | val_loss=0.1398 | val_acc=0.9483 | test_acc=0.9513 | fro=1.0000 | nuc=6.3474
[Epoch 010] train_ce=0.1489 | train_nuc=6.3934 | train_total=0.1601 | train_acc=0.9460 | val_loss=0.1519 | val_acc=0.9443 | test_acc=0.9403 | fro=1.0000 | nuc=6.4546
[Epoch 011] train_ce=0.1454 | train_nuc=6.5273 | train_total=0.1568 | train_acc=0.9468 | val_loss=0.1332 | val_acc=0.9537 | test_acc=0.9550 | fro=1.0000 | nuc=6.5287
[Epoch 012] train_ce=0.1495 | train_nuc=6.4611 | train_total=0.1608 | train_acc=0.9447 | val_loss=0.1197 | val_acc=0.9573 | test_acc=0.9582 | fro=1.0000 | nuc=6.5539
[Epoch 013] train_ce=0.1480 | train_nuc=6.4797 | train_total=0.1593 | train_acc=0.9455 | val_loss=0.1098 | val_acc=0.9617 | test_acc=0.9571 | fro=1.0000 | nuc=6.3668
[Epoch 014] train_ce=0.1450 | train_nuc=6.4187 | train_total=0.1562 | train_acc=0.9480 | val_loss=0.1233 | val_acc=0.9597 | test_acc=0.9542 | fro=1.0000 | nuc=6.4092
[Epoch 015] train_ce=0.1482 | train_nuc=6.4262 | train_total=0.1594 | train_acc=0.9451 | val_loss=0.1491 | val_acc=0.9430 | test_acc=0.9419 | fro=1.0000 | nuc=6.4938
[Epoch 016] train_ce=0.1389 | train_nuc=6.5055 | train_total=0.1502 | train_acc=0.9490 | val_loss=0.1179 | val_acc=0.9560 | test_acc=0.9561 | fro=1.0000 | nuc=6.5249
[Epoch 017] train_ce=0.1415 | train_nuc=6.2713 | train_total=0.1524 | train_acc=0.9480 | val_loss=0.1357 | val_acc=0.9510 | test_acc=0.9448 | fro=1.0000 | nuc=6.3246
[Epoch 018] train_ce=0.1387 | train_nuc=6.3132 | train_total=0.1497 | train_acc=0.9501 | val_loss=0.1237 | val_acc=0.9577 | test_acc=0.9537 | fro=1.0000 | nuc=6.2793
[Epoch 019] train_ce=0.1473 | train_nuc=6.1890 | train_total=0.1581 | train_acc=0.9472 | val_loss=0.1209 | val_acc=0.9570 | test_acc=0.9522 | fro=1.0000 | nuc=6.1416
[Epoch 020] train_ce=0.1381 | train_nuc=6.2473 | train_total=0.1490 | train_acc=0.9502 | val_loss=0.1279 | val_acc=0.9580 | test_acc=0.9539 | fro=1.0000 | nuc=6.2996
[Epoch 021] train_ce=0.1468 | train_nuc=6.1713 | train_total=0.1576 | train_acc=0.9460 | val_loss=0.1254 | val_acc=0.9547 | test_acc=0.9507 | fro=1.0000 | nuc=6.2359
[Epoch 022] train_ce=0.1323 | train_nuc=6.2880 | train_total=0.1432 | train_acc=0.9516 | val_loss=0.1026 | val_acc=0.9650 | test_acc=0.9580 | fro=1.0000 | nuc=6.3603
[Epoch 023] train_ce=0.1351 | train_nuc=6.3678 | train_total=0.1462 | train_acc=0.9511 | val_loss=0.1256 | val_acc=0.9533 | test_acc=0.9542 | fro=1.0000 | nuc=6.1441
[Epoch 024] train_ce=0.1387 | train_nuc=6.2270 | train_total=0.1496 | train_acc=0.9497 | val_loss=0.1521 | val_acc=0.9447 | test_acc=0.9389 | fro=1.0000 | nuc=6.1871
[Epoch 025] train_ce=0.1430 | train_nuc=6.2202 | train_total=0.1538 | train_acc=0.9474 | val_loss=0.1329 | val_acc=0.9513 | test_acc=0.9516 | fro=1.0000 | nuc=6.0806
[Epoch 026] train_ce=0.1312 | train_nuc=6.2197 | train_total=0.1421 | train_acc=0.9533 | val_loss=0.1051 | val_acc=0.9620 | test_acc=0.9592 | fro=1.0000 | nuc=6.2668
[Epoch 027] train_ce=0.1355 | train_nuc=6.2263 | train_total=0.1464 | train_acc=0.9521 | val_loss=0.1243 | val_acc=0.9530 | test_acc=0.9585 | fro=1.0000 | nuc=6.3073
[Epoch 028] train_ce=0.1341 | train_nuc=6.1494 | train_total=0.1448 | train_acc=0.9519 | val_loss=0.1174 | val_acc=0.9590 | test_acc=0.9558 | fro=1.0000 | nuc=5.9457
[Epoch 029] train_ce=0.1379 | train_nuc=6.0020 | train_total=0.1484 | train_acc=0.9501 | val_loss=0.1204 | val_acc=0.9560 | test_acc=0.9550 | fro=1.0000 | nuc=6.1173
[Epoch 030] train_ce=0.1375 | train_nuc=6.0387 | train_total=0.1480 | train_acc=0.9507 | val_loss=0.1177 | val_acc=0.9603 | test_acc=0.9539 | fro=1.0000 | nuc=6.2840
[Epoch 031] train_ce=0.1398 | train_nuc=6.0028 | train_total=0.1503 | train_acc=0.9498 | val_loss=0.1234 | val_acc=0.9563 | test_acc=0.9525 | fro=1.0000 | nuc=5.6664
[Epoch 032] train_ce=0.1291 | train_nuc=5.8876 | train_total=0.1393 | train_acc=0.9545 | val_loss=0.1338 | val_acc=0.9510 | test_acc=0.9479 | fro=1.0000 | nuc=6.1431
Early stopping triggered at epoch 32. Best val_loss=0.102610 at epoch 22.
Done. alpha=0.0017451349631665944 | best_val_loss=0.102610 | best_epoch=22

================================================================================
Training alpha=0.00174513, seed=3
================================================================================
Using device: cuda
[Experiment] model_one_layer_FC_alpha_0p0017451349631665944
[Alpha] 0.0017451349631665944
[Run dir] outputs/compressibility_adv_robustness/model_one_layer_FC_alpha_0p0017451349631665944_seed_3
[Target Frobenius norm] 1.000000
[Early stopping patience] 10
[Epoch 001] train_ce=0.2732 | train_nuc=4.3347 | train_total=0.2808 | train_acc=0.8952 | val_loss=0.2212 | val_acc=0.9190 | test_acc=0.9301 | fro=1.0000 | nuc=4.4369
[Epoch 002] train_ce=0.1905 | train_nuc=4.8667 | train_total=0.1990 | train_acc=0.9314 | val_loss=0.1707 | val_acc=0.9460 | test_acc=0.9459 | fro=1.0000 | nuc=5.2564
[Epoch 003] train_ce=0.1762 | train_nuc=5.4859 | train_total=0.1858 | train_acc=0.9365 | val_loss=0.1499 | val_acc=0.9560 | test_acc=0.9498 | fro=1.0000 | nuc=5.6790
[Epoch 004] train_ce=0.1663 | train_nuc=5.8820 | train_total=0.1766 | train_acc=0.9404 | val_loss=0.1662 | val_acc=0.9437 | test_acc=0.9423 | fro=1.0000 | nuc=6.0602
[Epoch 005] train_ce=0.1653 | train_nuc=6.1384 | train_total=0.1760 | train_acc=0.9404 | val_loss=0.1436 | val_acc=0.9530 | test_acc=0.9511 | fro=1.0000 | nuc=6.2257
[Epoch 006] train_ce=0.1571 | train_nuc=6.3290 | train_total=0.1682 | train_acc=0.9433 | val_loss=0.1601 | val_acc=0.9390 | test_acc=0.9429 | fro=1.0000 | nuc=6.3155
[Epoch 007] train_ce=0.1596 | train_nuc=6.4310 | train_total=0.1708 | train_acc=0.9404 | val_loss=0.1663 | val_acc=0.9373 | test_acc=0.9403 | fro=1.0000 | nuc=6.3667
[Epoch 008] train_ce=0.1573 | train_nuc=6.4595 | train_total=0.1685 | train_acc=0.9420 | val_loss=0.1822 | val_acc=0.9370 | test_acc=0.9391 | fro=1.0000 | nuc=6.2974
[Epoch 009] train_ce=0.1545 | train_nuc=6.4803 | train_total=0.1658 | train_acc=0.9444 | val_loss=0.1384 | val_acc=0.9567 | test_acc=0.9559 | fro=1.0000 | nuc=6.4556
[Epoch 010] train_ce=0.1493 | train_nuc=6.5104 | train_total=0.1607 | train_acc=0.9464 | val_loss=0.1379 | val_acc=0.9523 | test_acc=0.9554 | fro=1.0000 | nuc=6.5780
[Epoch 011] train_ce=0.1475 | train_nuc=6.5615 | train_total=0.1590 | train_acc=0.9465 | val_loss=0.1539 | val_acc=0.9393 | test_acc=0.9479 | fro=1.0000 | nuc=6.4731
[Epoch 012] train_ce=0.1477 | train_nuc=6.4014 | train_total=0.1588 | train_acc=0.9471 | val_loss=0.1371 | val_acc=0.9517 | test_acc=0.9498 | fro=1.0000 | nuc=6.4189
[Epoch 013] train_ce=0.1451 | train_nuc=6.5151 | train_total=0.1564 | train_acc=0.9475 | val_loss=0.1539 | val_acc=0.9407 | test_acc=0.9453 | fro=1.0000 | nuc=6.4944
[Epoch 014] train_ce=0.1448 | train_nuc=6.4758 | train_total=0.1561 | train_acc=0.9471 | val_loss=0.1554 | val_acc=0.9467 | test_acc=0.9480 | fro=1.0000 | nuc=6.4199
[Epoch 015] train_ce=0.1449 | train_nuc=6.3351 | train_total=0.1560 | train_acc=0.9471 | val_loss=0.1465 | val_acc=0.9500 | test_acc=0.9450 | fro=1.0000 | nuc=6.2824
[Epoch 016] train_ce=0.1478 | train_nuc=6.2602 | train_total=0.1588 | train_acc=0.9458 | val_loss=0.1498 | val_acc=0.9520 | test_acc=0.9505 | fro=1.0000 | nuc=6.1220
[Epoch 017] train_ce=0.1460 | train_nuc=6.1599 | train_total=0.1567 | train_acc=0.9476 | val_loss=0.1729 | val_acc=0.9340 | test_acc=0.9404 | fro=1.0000 | nuc=6.2595
[Epoch 018] train_ce=0.1420 | train_nuc=6.1925 | train_total=0.1528 | train_acc=0.9480 | val_loss=0.1417 | val_acc=0.9497 | test_acc=0.9507 | fro=1.0000 | nuc=6.2320
[Epoch 019] train_ce=0.1475 | train_nuc=6.0616 | train_total=0.1581 | train_acc=0.9451 | val_loss=0.1423 | val_acc=0.9507 | test_acc=0.9535 | fro=1.0000 | nuc=6.2041
[Epoch 020] train_ce=0.1349 | train_nuc=6.1344 | train_total=0.1456 | train_acc=0.9509 | val_loss=0.1268 | val_acc=0.9560 | test_acc=0.9595 | fro=1.0000 | nuc=6.2394
[Epoch 021] train_ce=0.1436 | train_nuc=6.2254 | train_total=0.1544 | train_acc=0.9478 | val_loss=0.1402 | val_acc=0.9493 | test_acc=0.9508 | fro=1.0000 | nuc=6.1222
[Epoch 022] train_ce=0.1325 | train_nuc=6.3227 | train_total=0.1435 | train_acc=0.9521 | val_loss=0.1324 | val_acc=0.9553 | test_acc=0.9590 | fro=1.0000 | nuc=6.2124
[Epoch 023] train_ce=0.1368 | train_nuc=6.3214 | train_total=0.1478 | train_acc=0.9493 | val_loss=0.1550 | val_acc=0.9420 | test_acc=0.9424 | fro=1.0000 | nuc=6.3375
[Epoch 024] train_ce=0.1432 | train_nuc=6.1923 | train_total=0.1540 | train_acc=0.9483 | val_loss=0.1456 | val_acc=0.9517 | test_acc=0.9499 | fro=1.0000 | nuc=6.0294
[Epoch 025] train_ce=0.1326 | train_nuc=6.1551 | train_total=0.1433 | train_acc=0.9521 | val_loss=0.1927 | val_acc=0.9270 | test_acc=0.9317 | fro=1.0000 | nuc=6.3759
[Epoch 026] train_ce=0.1501 | train_nuc=6.0463 | train_total=0.1606 | train_acc=0.9446 | val_loss=0.1278 | val_acc=0.9603 | test_acc=0.9591 | fro=1.0000 | nuc=5.9490
[Epoch 027] train_ce=0.1303 | train_nuc=6.1441 | train_total=0.1410 | train_acc=0.9539 | val_loss=0.1340 | val_acc=0.9597 | test_acc=0.9544 | fro=1.0000 | nuc=6.0615
[Epoch 028] train_ce=0.1332 | train_nuc=6.0154 | train_total=0.1437 | train_acc=0.9524 | val_loss=0.1785 | val_acc=0.9353 | test_acc=0.9376 | fro=1.0000 | nuc=5.7311
[Epoch 029] train_ce=0.1375 | train_nuc=5.8816 | train_total=0.1478 | train_acc=0.9501 | val_loss=0.1389 | val_acc=0.9503 | test_acc=0.9495 | fro=1.0000 | nuc=5.9062
[Epoch 030] train_ce=0.1278 | train_nuc=6.0511 | train_total=0.1383 | train_acc=0.9536 | val_loss=0.1188 | val_acc=0.9607 | test_acc=0.9576 | fro=1.0000 | nuc=5.8005
[Epoch 031] train_ce=0.1353 | train_nuc=5.9586 | train_total=0.1456 | train_acc=0.9507 | val_loss=0.1675 | val_acc=0.9340 | test_acc=0.9367 | fro=1.0000 | nuc=6.1225
[Epoch 032] train_ce=0.1330 | train_nuc=6.0142 | train_total=0.1435 | train_acc=0.9514 | val_loss=0.2030 | val_acc=0.9217 | test_acc=0.9228 | fro=1.0000 | nuc=5.9063
[Epoch 033] train_ce=0.1301 | train_nuc=5.8749 | train_total=0.1404 | train_acc=0.9528 | val_loss=0.1221 | val_acc=0.9563 | test_acc=0.9563 | fro=1.0000 | nuc=6.0250
[Epoch 034] train_ce=0.1265 | train_nuc=5.9226 | train_total=0.1369 | train_acc=0.9540 | val_loss=0.1276 | val_acc=0.9567 | test_acc=0.9603 | fro=1.0000 | nuc=6.0858
[Epoch 035] train_ce=0.1193 | train_nuc=6.0836 | train_total=0.1299 | train_acc=0.9579 | val_loss=0.1452 | val_acc=0.9490 | test_acc=0.9492 | fro=1.0000 | nuc=5.9443
[Epoch 036] train_ce=0.1482 | train_nuc=5.8315 | train_total=0.1584 | train_acc=0.9451 | val_loss=0.1345 | val_acc=0.9540 | test_acc=0.9544 | fro=1.0000 | nuc=5.7090
[Epoch 037] train_ce=0.1225 | train_nuc=5.9089 | train_total=0.1328 | train_acc=0.9566 | val_loss=0.1295 | val_acc=0.9560 | test_acc=0.9564 | fro=1.0000 | nuc=5.9021
[Epoch 038] train_ce=0.1237 | train_nuc=5.9215 | train_total=0.1341 | train_acc=0.9561 | val_loss=0.1275 | val_acc=0.9570 | test_acc=0.9566 | fro=1.0000 | nuc=6.1420
[Epoch 039] train_ce=0.1373 | train_nuc=5.7926 | train_total=0.1475 | train_acc=0.9498 | val_loss=0.1895 | val_acc=0.9280 | test_acc=0.9291 | fro=1.0000 | nuc=5.8091
[Epoch 040] train_ce=0.1252 | train_nuc=5.7841 | train_total=0.1353 | train_acc=0.9550 | val_loss=0.1524 | val_acc=0.9403 | test_acc=0.9507 | fro=1.0000 | nuc=5.8990
Early stopping triggered at epoch 40. Best val_loss=0.118771 at epoch 30.
Done. alpha=0.0017451349631665944 | best_val_loss=0.118771 | best_epoch=30

================================================================================
Training alpha=0.00174513, seed=4
================================================================================
Using device: cuda
[Experiment] model_one_layer_FC_alpha_0p0017451349631665944
[Alpha] 0.0017451349631665944
[Run dir] outputs/compressibility_adv_robustness/model_one_layer_FC_alpha_0p0017451349631665944_seed_4
[Target Frobenius norm] 1.000000
[Early stopping patience] 10
[Epoch 001] train_ce=0.2609 | train_nuc=4.3166 | train_total=0.2684 | train_acc=0.9004 | val_loss=0.1811 | val_acc=0.9383 | test_acc=0.9443 | fro=1.0000 | nuc=4.3804
[Epoch 002] train_ce=0.1864 | train_nuc=4.8202 | train_total=0.1948 | train_acc=0.9330 | val_loss=0.1658 | val_acc=0.9463 | test_acc=0.9450 | fro=1.0000 | nuc=5.2171
[Epoch 003] train_ce=0.1687 | train_nuc=5.5376 | train_total=0.1784 | train_acc=0.9392 | val_loss=0.1734 | val_acc=0.9367 | test_acc=0.9388 | fro=1.0000 | nuc=5.7225
[Epoch 004] train_ce=0.1671 | train_nuc=5.8708 | train_total=0.1774 | train_acc=0.9379 | val_loss=0.1470 | val_acc=0.9497 | test_acc=0.9521 | fro=1.0000 | nuc=6.0553
[Epoch 005] train_ce=0.1619 | train_nuc=6.1200 | train_total=0.1725 | train_acc=0.9411 | val_loss=0.1582 | val_acc=0.9430 | test_acc=0.9452 | fro=1.0000 | nuc=6.2248
[Epoch 006] train_ce=0.1640 | train_nuc=6.0973 | train_total=0.1746 | train_acc=0.9411 | val_loss=0.1692 | val_acc=0.9390 | test_acc=0.9393 | fro=1.0000 | nuc=6.0974
[Epoch 007] train_ce=0.1525 | train_nuc=6.2445 | train_total=0.1634 | train_acc=0.9454 | val_loss=0.1444 | val_acc=0.9503 | test_acc=0.9469 | fro=1.0000 | nuc=6.3820
[Epoch 008] train_ce=0.1551 | train_nuc=6.3511 | train_total=0.1662 | train_acc=0.9435 | val_loss=0.1472 | val_acc=0.9490 | test_acc=0.9499 | fro=1.0000 | nuc=6.3155
[Epoch 009] train_ce=0.1550 | train_nuc=6.3514 | train_total=0.1661 | train_acc=0.9435 | val_loss=0.1640 | val_acc=0.9423 | test_acc=0.9394 | fro=1.0000 | nuc=6.5030
[Epoch 010] train_ce=0.1512 | train_nuc=6.4129 | train_total=0.1624 | train_acc=0.9445 | val_loss=0.1606 | val_acc=0.9417 | test_acc=0.9396 | fro=1.0000 | nuc=6.3958
[Epoch 011] train_ce=0.1490 | train_nuc=6.3517 | train_total=0.1601 | train_acc=0.9462 | val_loss=0.1432 | val_acc=0.9497 | test_acc=0.9499 | fro=1.0000 | nuc=6.5327
[Epoch 012] train_ce=0.1443 | train_nuc=6.4385 | train_total=0.1556 | train_acc=0.9473 | val_loss=0.1363 | val_acc=0.9523 | test_acc=0.9538 | fro=1.0000 | nuc=6.4633
[Epoch 013] train_ce=0.1435 | train_nuc=6.4431 | train_total=0.1547 | train_acc=0.9487 | val_loss=0.1335 | val_acc=0.9487 | test_acc=0.9526 | fro=1.0000 | nuc=6.4752
[Epoch 014] train_ce=0.1462 | train_nuc=6.4118 | train_total=0.1574 | train_acc=0.9470 | val_loss=0.1768 | val_acc=0.9383 | test_acc=0.9372 | fro=1.0000 | nuc=6.2616
[Epoch 015] train_ce=0.1362 | train_nuc=6.4280 | train_total=0.1474 | train_acc=0.9507 | val_loss=0.1329 | val_acc=0.9553 | test_acc=0.9535 | fro=1.0000 | nuc=6.4431
[Epoch 016] train_ce=0.1450 | train_nuc=6.3719 | train_total=0.1561 | train_acc=0.9475 | val_loss=0.1335 | val_acc=0.9523 | test_acc=0.9552 | fro=1.0000 | nuc=6.2192
[Epoch 017] train_ce=0.1341 | train_nuc=6.3668 | train_total=0.1452 | train_acc=0.9532 | val_loss=0.1378 | val_acc=0.9520 | test_acc=0.9481 | fro=1.0000 | nuc=6.4767
[Epoch 018] train_ce=0.1409 | train_nuc=6.2581 | train_total=0.1518 | train_acc=0.9484 | val_loss=0.1539 | val_acc=0.9413 | test_acc=0.9395 | fro=1.0000 | nuc=6.3754
[Epoch 019] train_ce=0.1367 | train_nuc=6.2465 | train_total=0.1476 | train_acc=0.9504 | val_loss=0.1496 | val_acc=0.9467 | test_acc=0.9475 | fro=1.0000 | nuc=6.1871
[Epoch 020] train_ce=0.1371 | train_nuc=6.3094 | train_total=0.1481 | train_acc=0.9501 | val_loss=0.1521 | val_acc=0.9420 | test_acc=0.9457 | fro=1.0000 | nuc=6.1568
[Epoch 021] train_ce=0.1359 | train_nuc=6.1948 | train_total=0.1467 | train_acc=0.9512 | val_loss=0.2201 | val_acc=0.9157 | test_acc=0.9183 | fro=1.0000 | nuc=6.1454
[Epoch 022] train_ce=0.1380 | train_nuc=6.1876 | train_total=0.1488 | train_acc=0.9487 | val_loss=0.1569 | val_acc=0.9420 | test_acc=0.9435 | fro=1.0000 | nuc=6.2920
[Epoch 023] train_ce=0.1540 | train_nuc=6.0179 | train_total=0.1645 | train_acc=0.9426 | val_loss=0.1441 | val_acc=0.9467 | test_acc=0.9499 | fro=1.0000 | nuc=5.9439
[Epoch 024] train_ce=0.1303 | train_nuc=6.1585 | train_total=0.1411 | train_acc=0.9535 | val_loss=0.1269 | val_acc=0.9560 | test_acc=0.9568 | fro=1.0000 | nuc=6.2963
[Epoch 025] train_ce=0.1318 | train_nuc=6.1650 | train_total=0.1426 | train_acc=0.9518 | val_loss=0.1331 | val_acc=0.9557 | test_acc=0.9583 | fro=1.0000 | nuc=6.2207
[Epoch 026] train_ce=0.1280 | train_nuc=6.1917 | train_total=0.1388 | train_acc=0.9544 | val_loss=0.1646 | val_acc=0.9420 | test_acc=0.9442 | fro=1.0000 | nuc=6.1758
[Epoch 027] train_ce=0.1453 | train_nuc=5.9331 | train_total=0.1557 | train_acc=0.9468 | val_loss=0.1352 | val_acc=0.9517 | test_acc=0.9525 | fro=1.0000 | nuc=6.0370
[Epoch 028] train_ce=0.1271 | train_nuc=6.1653 | train_total=0.1379 | train_acc=0.9547 | val_loss=0.1357 | val_acc=0.9543 | test_acc=0.9559 | fro=1.0000 | nuc=6.1976
[Epoch 029] train_ce=0.1305 | train_nuc=6.1600 | train_total=0.1412 | train_acc=0.9520 | val_loss=0.1443 | val_acc=0.9473 | test_acc=0.9500 | fro=1.0000 | nuc=6.2395
[Epoch 030] train_ce=0.1387 | train_nuc=6.0365 | train_total=0.1493 | train_acc=0.9504 | val_loss=0.1451 | val_acc=0.9430 | test_acc=0.9485 | fro=1.0000 | nuc=6.0899
[Epoch 031] train_ce=0.1330 | train_nuc=6.0373 | train_total=0.1435 | train_acc=0.9510 | val_loss=0.1544 | val_acc=0.9437 | test_acc=0.9338 | fro=1.0000 | nuc=5.9308
[Epoch 032] train_ce=0.1242 | train_nuc=6.0359 | train_total=0.1347 | train_acc=0.9552 | val_loss=0.1335 | val_acc=0.9527 | test_acc=0.9536 | fro=1.0000 | nuc=6.1815
[Epoch 033] train_ce=0.1406 | train_nuc=6.0104 | train_total=0.1510 | train_acc=0.9479 | val_loss=0.1445 | val_acc=0.9490 | test_acc=0.9522 | fro=1.0000 | nuc=5.8756
[Epoch 034] train_ce=0.1408 | train_nuc=5.7812 | train_total=0.1509 | train_acc=0.9483 | val_loss=0.1453 | val_acc=0.9530 | test_acc=0.9439 | fro=1.0000 | nuc=5.8426
Early stopping triggered at epoch 34. Best val_loss=0.126922 at epoch 24.
Done. alpha=0.0017451349631665944 | best_val_loss=0.126922 | best_epoch=24

================================================================================
Training alpha=0.00309168, seed=0
================================================================================
Using device: cuda
[Experiment] model_one_layer_FC_alpha_0p0030916820425413915
[Alpha] 0.0030916820425413915
[Run dir] outputs/compressibility_adv_robustness/model_one_layer_FC_alpha_0p0030916820425413915_seed_0
[Target Frobenius norm] 1.000000
[Early stopping patience] 10
[Epoch 001] train_ce=0.2712 | train_nuc=4.0265 | train_total=0.2837 | train_acc=0.8952 | val_loss=0.2052 | val_acc=0.9310 | test_acc=0.9250 | fro=1.0000 | nuc=3.9486
[Epoch 002] train_ce=0.1957 | train_nuc=4.4484 | train_total=0.2095 | train_acc=0.9285 | val_loss=0.1763 | val_acc=0.9423 | test_acc=0.9392 | fro=1.0000 | nuc=4.8765
[Epoch 003] train_ce=0.1780 | train_nuc=5.0697 | train_total=0.1937 | train_acc=0.9356 | val_loss=0.1480 | val_acc=0.9523 | test_acc=0.9458 | fro=1.0000 | nuc=5.2540
[Epoch 004] train_ce=0.1646 | train_nuc=5.4352 | train_total=0.1814 | train_acc=0.9412 | val_loss=0.1723 | val_acc=0.9390 | test_acc=0.9391 | fro=1.0000 | nuc=5.5354
[Epoch 005] train_ce=0.1652 | train_nuc=5.6764 | train_total=0.1827 | train_acc=0.9402 | val_loss=0.1323 | val_acc=0.9560 | test_acc=0.9517 | fro=1.0000 | nuc=5.8550
[Epoch 006] train_ce=0.1606 | train_nuc=5.8598 | train_total=0.1788 | train_acc=0.9409 | val_loss=0.1341 | val_acc=0.9537 | test_acc=0.9529 | fro=1.0000 | nuc=5.9049
[Epoch 007] train_ce=0.1572 | train_nuc=5.9620 | train_total=0.1757 | train_acc=0.9421 | val_loss=0.1591 | val_acc=0.9367 | test_acc=0.9437 | fro=1.0000 | nuc=6.1118
[Epoch 008] train_ce=0.1551 | train_nuc=6.0974 | train_total=0.1739 | train_acc=0.9441 | val_loss=0.1677 | val_acc=0.9400 | test_acc=0.9300 | fro=1.0000 | nuc=6.0346
[Epoch 009] train_ce=0.1551 | train_nuc=6.0740 | train_total=0.1738 | train_acc=0.9432 | val_loss=0.1356 | val_acc=0.9523 | test_acc=0.9497 | fro=1.0000 | nuc=6.0763
[Epoch 010] train_ce=0.1590 | train_nuc=6.0499 | train_total=0.1777 | train_acc=0.9411 | val_loss=0.1509 | val_acc=0.9437 | test_acc=0.9376 | fro=1.0000 | nuc=5.9892
[Epoch 011] train_ce=0.1598 | train_nuc=6.0218 | train_total=0.1784 | train_acc=0.9399 | val_loss=0.1346 | val_acc=0.9573 | test_acc=0.9517 | fro=1.0000 | nuc=5.8515
[Epoch 012] train_ce=0.1537 | train_nuc=5.8795 | train_total=0.1719 | train_acc=0.9452 | val_loss=0.1635 | val_acc=0.9387 | test_acc=0.9351 | fro=1.0000 | nuc=6.0162
[Epoch 013] train_ce=0.1511 | train_nuc=5.9582 | train_total=0.1695 | train_acc=0.9444 | val_loss=0.1496 | val_acc=0.9437 | test_acc=0.9478 | fro=1.0000 | nuc=5.9885
[Epoch 014] train_ce=0.1368 | train_nuc=6.0460 | train_total=0.1555 | train_acc=0.9510 | val_loss=0.1222 | val_acc=0.9550 | test_acc=0.9536 | fro=1.0000 | nuc=6.1257
[Epoch 015] train_ce=0.1438 | train_nuc=6.0861 | train_total=0.1626 | train_acc=0.9469 | val_loss=0.1309 | val_acc=0.9540 | test_acc=0.9519 | fro=1.0000 | nuc=6.1887
[Epoch 016] train_ce=0.1410 | train_nuc=6.0774 | train_total=0.1598 | train_acc=0.9490 | val_loss=0.1151 | val_acc=0.9617 | test_acc=0.9596 | fro=1.0000 | nuc=6.0218
[Epoch 017] train_ce=0.1324 | train_nuc=6.1128 | train_total=0.1513 | train_acc=0.9525 | val_loss=0.1242 | val_acc=0.9567 | test_acc=0.9521 | fro=1.0000 | nuc=6.0551
[Epoch 018] train_ce=0.1439 | train_nuc=5.9471 | train_total=0.1623 | train_acc=0.9471 | val_loss=0.1323 | val_acc=0.9513 | test_acc=0.9500 | fro=1.0000 | nuc=5.9268
[Epoch 019] train_ce=0.1282 | train_nuc=5.9828 | train_total=0.1467 | train_acc=0.9537 | val_loss=0.1080 | val_acc=0.9627 | test_acc=0.9633 | fro=1.0000 | nuc=6.0573
[Epoch 020] train_ce=0.1415 | train_nuc=6.0315 | train_total=0.1601 | train_acc=0.9491 | val_loss=0.1225 | val_acc=0.9533 | test_acc=0.9547 | fro=1.0000 | nuc=5.7746
[Epoch 021] train_ce=0.1396 | train_nuc=5.8886 | train_total=0.1578 | train_acc=0.9484 | val_loss=0.1236 | val_acc=0.9573 | test_acc=0.9593 | fro=1.0000 | nuc=6.0561
[Epoch 022] train_ce=0.1382 | train_nuc=6.0088 | train_total=0.1568 | train_acc=0.9496 | val_loss=0.1413 | val_acc=0.9463 | test_acc=0.9440 | fro=1.0000 | nuc=5.9919
[Epoch 023] train_ce=0.1278 | train_nuc=5.9457 | train_total=0.1462 | train_acc=0.9547 | val_loss=0.1191 | val_acc=0.9580 | test_acc=0.9597 | fro=1.0000 | nuc=5.9111
[Epoch 024] train_ce=0.1295 | train_nuc=5.9357 | train_total=0.1479 | train_acc=0.9524 | val_loss=0.1400 | val_acc=0.9560 | test_acc=0.9451 | fro=1.0000 | nuc=6.1026
[Epoch 025] train_ce=0.1274 | train_nuc=5.9684 | train_total=0.1458 | train_acc=0.9547 | val_loss=0.1000 | val_acc=0.9680 | test_acc=0.9594 | fro=1.0000 | nuc=5.9127
[Epoch 026] train_ce=0.1250 | train_nuc=5.9260 | train_total=0.1434 | train_acc=0.9546 | val_loss=0.1508 | val_acc=0.9427 | test_acc=0.9433 | fro=1.0000 | nuc=6.0306
[Epoch 027] train_ce=0.1311 | train_nuc=5.7917 | train_total=0.1490 | train_acc=0.9528 | val_loss=0.1199 | val_acc=0.9590 | test_acc=0.9610 | fro=1.0000 | nuc=5.8058
[Epoch 028] train_ce=0.1271 | train_nuc=5.8007 | train_total=0.1450 | train_acc=0.9538 | val_loss=0.1261 | val_acc=0.9523 | test_acc=0.9511 | fro=1.0000 | nuc=5.8870
[Epoch 029] train_ce=0.1220 | train_nuc=5.6762 | train_total=0.1395 | train_acc=0.9566 | val_loss=0.1621 | val_acc=0.9387 | test_acc=0.9429 | fro=1.0000 | nuc=5.8118
[Epoch 030] train_ce=0.1309 | train_nuc=5.6843 | train_total=0.1485 | train_acc=0.9523 | val_loss=0.1104 | val_acc=0.9610 | test_acc=0.9584 | fro=1.0000 | nuc=5.7371
[Epoch 031] train_ce=0.1234 | train_nuc=5.7091 | train_total=0.1410 | train_acc=0.9556 | val_loss=0.0909 | val_acc=0.9717 | test_acc=0.9657 | fro=1.0000 | nuc=5.8003
[Epoch 032] train_ce=0.1225 | train_nuc=5.7933 | train_total=0.1404 | train_acc=0.9564 | val_loss=0.1139 | val_acc=0.9593 | test_acc=0.9560 | fro=1.0000 | nuc=5.9229
[Epoch 033] train_ce=0.1387 | train_nuc=5.6747 | train_total=0.1563 | train_acc=0.9477 | val_loss=0.1596 | val_acc=0.9443 | test_acc=0.9301 | fro=1.0000 | nuc=5.6108
[Epoch 034] train_ce=0.1165 | train_nuc=5.6934 | train_total=0.1341 | train_acc=0.9577 | val_loss=0.0905 | val_acc=0.9680 | test_acc=0.9629 | fro=1.0000 | nuc=5.6436
[Epoch 035] train_ce=0.1132 | train_nuc=5.7195 | train_total=0.1309 | train_acc=0.9591 | val_loss=0.1224 | val_acc=0.9533 | test_acc=0.9544 | fro=1.0000 | nuc=5.6047
[Epoch 036] train_ce=0.1360 | train_nuc=5.5270 | train_total=0.1531 | train_acc=0.9504 | val_loss=0.0987 | val_acc=0.9667 | test_acc=0.9643 | fro=1.0000 | nuc=5.6717
[Epoch 037] train_ce=0.1235 | train_nuc=5.5599 | train_total=0.1407 | train_acc=0.9555 | val_loss=0.1420 | val_acc=0.9383 | test_acc=0.9458 | fro=1.0000 | nuc=5.6063
[Epoch 038] train_ce=0.1312 | train_nuc=5.4004 | train_total=0.1479 | train_acc=0.9510 | val_loss=0.1531 | val_acc=0.9400 | test_acc=0.9427 | fro=1.0000 | nuc=5.4174
[Epoch 039] train_ce=0.1215 | train_nuc=5.5798 | train_total=0.1387 | train_acc=0.9567 | val_loss=0.1111 | val_acc=0.9603 | test_acc=0.9599 | fro=1.0000 | nuc=5.6712
[Epoch 040] train_ce=0.1137 | train_nuc=5.5651 | train_total=0.1309 | train_acc=0.9600 | val_loss=0.0990 | val_acc=0.9687 | test_acc=0.9615 | fro=1.0000 | nuc=5.6840
[Epoch 041] train_ce=0.1058 | train_nuc=5.6331 | train_total=0.1232 | train_acc=0.9630 | val_loss=0.0905 | val_acc=0.9667 | test_acc=0.9668 | fro=1.0000 | nuc=5.6913
[Epoch 042] train_ce=0.1201 | train_nuc=5.5262 | train_total=0.1372 | train_acc=0.9567 | val_loss=0.1209 | val_acc=0.9590 | test_acc=0.9552 | fro=1.0000 | nuc=4.9468
[Epoch 043] train_ce=0.1235 | train_nuc=5.4483 | train_total=0.1403 | train_acc=0.9541 | val_loss=0.1130 | val_acc=0.9557 | test_acc=0.9592 | fro=1.0000 | nuc=5.4403
[Epoch 044] train_ce=0.1210 | train_nuc=5.4311 | train_total=0.1378 | train_acc=0.9570 | val_loss=0.0941 | val_acc=0.9680 | test_acc=0.9667 | fro=1.0000 | nuc=5.6576
[Epoch 045] train_ce=0.1172 | train_nuc=5.5117 | train_total=0.1342 | train_acc=0.9577 | val_loss=0.1084 | val_acc=0.9617 | test_acc=0.9554 | fro=1.0000 | nuc=5.3156
[Epoch 046] train_ce=0.1194 | train_nuc=5.3346 | train_total=0.1359 | train_acc=0.9571 | val_loss=0.1121 | val_acc=0.9617 | test_acc=0.9587 | fro=1.0000 | nuc=5.4774
[Epoch 047] train_ce=0.1113 | train_nuc=5.4904 | train_total=0.1282 | train_acc=0.9600 | val_loss=0.1098 | val_acc=0.9593 | test_acc=0.9599 | fro=1.0000 | nuc=5.3899
[Epoch 048] train_ce=0.1135 | train_nuc=5.4441 | train_total=0.1303 | train_acc=0.9602 | val_loss=0.1523 | val_acc=0.9400 | test_acc=0.9435 | fro=1.0000 | nuc=5.4865
[Epoch 049] train_ce=0.1125 | train_nuc=5.5038 | train_total=0.1295 | train_acc=0.9589 | val_loss=0.1042 | val_acc=0.9637 | test_acc=0.9598 | fro=1.0000 | nuc=5.4464
[Epoch 050] train_ce=0.1198 | train_nuc=5.4731 | train_total=0.1367 | train_acc=0.9564 | val_loss=0.1117 | val_acc=0.9630 | test_acc=0.9604 | fro=1.0000 | nuc=5.3005
[Epoch 051] train_ce=0.1220 | train_nuc=5.4442 | train_total=0.1388 | train_acc=0.9565 | val_loss=0.1024 | val_acc=0.9657 | test_acc=0.9600 | fro=1.0000 | nuc=5.3083
Early stopping triggered at epoch 51. Best val_loss=0.090457 at epoch 41.
Done. alpha=0.0030916820425413915 | best_val_loss=0.090457 | best_epoch=41

================================================================================
Training alpha=0.00309168, seed=1
================================================================================
Using device: cuda
[Experiment] model_one_layer_FC_alpha_0p0030916820425413915
[Alpha] 0.0030916820425413915
[Run dir] outputs/compressibility_adv_robustness/model_one_layer_FC_alpha_0p0030916820425413915_seed_1
[Target Frobenius norm] 1.000000
[Early stopping patience] 10
[Epoch 001] train_ce=0.2672 | train_nuc=4.0307 | train_total=0.2796 | train_acc=0.8972 | val_loss=0.1961 | val_acc=0.9293 | test_acc=0.9363 | fro=1.0000 | nuc=4.0492
[Epoch 002] train_ce=0.1905 | train_nuc=4.4813 | train_total=0.2044 | train_acc=0.9314 | val_loss=0.1920 | val_acc=0.9307 | test_acc=0.9319 | fro=1.0000 | nuc=4.8748
[Epoch 003] train_ce=0.1687 | train_nuc=5.0864 | train_total=0.1844 | train_acc=0.9395 | val_loss=0.1654 | val_acc=0.9390 | test_acc=0.9433 | fro=1.0000 | nuc=5.2789
[Epoch 004] train_ce=0.1671 | train_nuc=5.5263 | train_total=0.1842 | train_acc=0.9387 | val_loss=0.1682 | val_acc=0.9357 | test_acc=0.9373 | fro=1.0000 | nuc=5.5813
[Epoch 005] train_ce=0.1592 | train_nuc=5.7764 | train_total=0.1770 | train_acc=0.9427 | val_loss=0.1499 | val_acc=0.9473 | test_acc=0.9486 | fro=1.0000 | nuc=5.8890
[Epoch 006] train_ce=0.1621 | train_nuc=5.9080 | train_total=0.1804 | train_acc=0.9405 | val_loss=0.1610 | val_acc=0.9410 | test_acc=0.9503 | fro=1.0000 | nuc=6.0102
[Epoch 007] train_ce=0.1615 | train_nuc=5.9233 | train_total=0.1798 | train_acc=0.9407 | val_loss=0.1462 | val_acc=0.9517 | test_acc=0.9525 | fro=1.0000 | nuc=5.9519
[Epoch 008] train_ce=0.1550 | train_nuc=5.9785 | train_total=0.1735 | train_acc=0.9443 | val_loss=0.1696 | val_acc=0.9323 | test_acc=0.9385 | fro=1.0000 | nuc=6.0119
[Epoch 009] train_ce=0.1474 | train_nuc=6.0785 | train_total=0.1662 | train_acc=0.9467 | val_loss=0.1535 | val_acc=0.9453 | test_acc=0.9506 | fro=1.0000 | nuc=6.1913
[Epoch 010] train_ce=0.1475 | train_nuc=6.1602 | train_total=0.1665 | train_acc=0.9466 | val_loss=0.1827 | val_acc=0.9297 | test_acc=0.9336 | fro=1.0000 | nuc=6.0445
[Epoch 011] train_ce=0.1473 | train_nuc=6.1574 | train_total=0.1663 | train_acc=0.9467 | val_loss=0.1534 | val_acc=0.9437 | test_acc=0.9483 | fro=1.0000 | nuc=6.1904
[Epoch 012] train_ce=0.1486 | train_nuc=6.0791 | train_total=0.1674 | train_acc=0.9466 | val_loss=0.1425 | val_acc=0.9500 | test_acc=0.9526 | fro=1.0000 | nuc=6.0757
[Epoch 013] train_ce=0.1473 | train_nuc=6.1402 | train_total=0.1663 | train_acc=0.9473 | val_loss=0.1354 | val_acc=0.9537 | test_acc=0.9557 | fro=1.0000 | nuc=6.1376
[Epoch 014] train_ce=0.1542 | train_nuc=5.9908 | train_total=0.1728 | train_acc=0.9436 | val_loss=0.1358 | val_acc=0.9473 | test_acc=0.9571 | fro=1.0000 | nuc=6.0096
[Epoch 015] train_ce=0.1375 | train_nuc=6.0713 | train_total=0.1563 | train_acc=0.9510 | val_loss=0.1458 | val_acc=0.9480 | test_acc=0.9508 | fro=1.0000 | nuc=5.9860
[Epoch 016] train_ce=0.1458 | train_nuc=5.9422 | train_total=0.1642 | train_acc=0.9460 | val_loss=0.1406 | val_acc=0.9483 | test_acc=0.9538 | fro=1.0000 | nuc=5.9946
[Epoch 017] train_ce=0.1324 | train_nuc=5.9184 | train_total=0.1507 | train_acc=0.9530 | val_loss=0.1279 | val_acc=0.9540 | test_acc=0.9561 | fro=1.0000 | nuc=6.0315
[Epoch 018] train_ce=0.1376 | train_nuc=5.9712 | train_total=0.1561 | train_acc=0.9497 | val_loss=0.1390 | val_acc=0.9457 | test_acc=0.9568 | fro=1.0000 | nuc=6.0564
[Epoch 019] train_ce=0.1320 | train_nuc=5.9401 | train_total=0.1504 | train_acc=0.9528 | val_loss=0.1678 | val_acc=0.9363 | test_acc=0.9488 | fro=1.0000 | nuc=5.8513
[Epoch 020] train_ce=0.1393 | train_nuc=5.9090 | train_total=0.1576 | train_acc=0.9489 | val_loss=0.1279 | val_acc=0.9557 | test_acc=0.9595 | fro=1.0000 | nuc=5.8001
[Epoch 021] train_ce=0.1263 | train_nuc=5.9473 | train_total=0.1447 | train_acc=0.9553 | val_loss=0.1243 | val_acc=0.9557 | test_acc=0.9580 | fro=1.0000 | nuc=6.0456
[Epoch 022] train_ce=0.1373 | train_nuc=5.9418 | train_total=0.1557 | train_acc=0.9498 | val_loss=0.1417 | val_acc=0.9450 | test_acc=0.9497 | fro=1.0000 | nuc=6.0090
[Epoch 023] train_ce=0.1369 | train_nuc=5.8549 | train_total=0.1550 | train_acc=0.9507 | val_loss=0.1433 | val_acc=0.9483 | test_acc=0.9501 | fro=1.0000 | nuc=5.9024
[Epoch 024] train_ce=0.1363 | train_nuc=5.8558 | train_total=0.1544 | train_acc=0.9499 | val_loss=0.1638 | val_acc=0.9333 | test_acc=0.9378 | fro=1.0000 | nuc=5.8042
[Epoch 025] train_ce=0.1305 | train_nuc=5.7729 | train_total=0.1483 | train_acc=0.9535 | val_loss=0.1360 | val_acc=0.9487 | test_acc=0.9521 | fro=1.0000 | nuc=5.8240
[Epoch 026] train_ce=0.1404 | train_nuc=5.7299 | train_total=0.1581 | train_acc=0.9489 | val_loss=0.1378 | val_acc=0.9500 | test_acc=0.9591 | fro=1.0000 | nuc=5.6583
[Epoch 027] train_ce=0.1339 | train_nuc=5.5967 | train_total=0.1512 | train_acc=0.9521 | val_loss=0.1235 | val_acc=0.9587 | test_acc=0.9586 | fro=1.0000 | nuc=5.6150
[Epoch 028] train_ce=0.1304 | train_nuc=5.6751 | train_total=0.1480 | train_acc=0.9523 | val_loss=0.1403 | val_acc=0.9493 | test_acc=0.9496 | fro=1.0000 | nuc=5.5570
[Epoch 029] train_ce=0.1410 | train_nuc=5.5615 | train_total=0.1582 | train_acc=0.9477 | val_loss=0.1647 | val_acc=0.9360 | test_acc=0.9430 | fro=1.0000 | nuc=5.5605
[Epoch 030] train_ce=0.1293 | train_nuc=5.7616 | train_total=0.1471 | train_acc=0.9524 | val_loss=0.1502 | val_acc=0.9437 | test_acc=0.9493 | fro=1.0000 | nuc=5.6803
[Epoch 031] train_ce=0.1226 | train_nuc=5.7275 | train_total=0.1403 | train_acc=0.9566 | val_loss=0.1513 | val_acc=0.9473 | test_acc=0.9476 | fro=1.0000 | nuc=5.8328
[Epoch 032] train_ce=0.1190 | train_nuc=5.7466 | train_total=0.1368 | train_acc=0.9572 | val_loss=0.1068 | val_acc=0.9650 | test_acc=0.9642 | fro=1.0000 | nuc=5.7010
[Epoch 033] train_ce=0.1204 | train_nuc=5.6596 | train_total=0.1379 | train_acc=0.9568 | val_loss=0.1444 | val_acc=0.9480 | test_acc=0.9495 | fro=1.0000 | nuc=5.7430
[Epoch 034] train_ce=0.1245 | train_nuc=5.6428 | train_total=0.1419 | train_acc=0.9551 | val_loss=0.1228 | val_acc=0.9590 | test_acc=0.9614 | fro=1.0000 | nuc=5.6122
[Epoch 035] train_ce=0.1347 | train_nuc=5.5031 | train_total=0.1518 | train_acc=0.9511 | val_loss=0.1416 | val_acc=0.9510 | test_acc=0.9582 | fro=1.0000 | nuc=5.3712
[Epoch 036] train_ce=0.1190 | train_nuc=5.6544 | train_total=0.1365 | train_acc=0.9571 | val_loss=0.1083 | val_acc=0.9627 | test_acc=0.9654 | fro=1.0000 | nuc=5.7245
[Epoch 037] train_ce=0.1087 | train_nuc=5.6493 | train_total=0.1261 | train_acc=0.9624 | val_loss=0.1584 | val_acc=0.9410 | test_acc=0.9503 | fro=1.0000 | nuc=5.6606
[Epoch 038] train_ce=0.1207 | train_nuc=5.5898 | train_total=0.1380 | train_acc=0.9580 | val_loss=0.1273 | val_acc=0.9480 | test_acc=0.9576 | fro=1.0000 | nuc=5.4680
[Epoch 039] train_ce=0.1194 | train_nuc=5.4943 | train_total=0.1364 | train_acc=0.9578 | val_loss=0.1376 | val_acc=0.9530 | test_acc=0.9567 | fro=1.0000 | nuc=5.0145
[Epoch 040] train_ce=0.1222 | train_nuc=5.4342 | train_total=0.1390 | train_acc=0.9563 | val_loss=0.1280 | val_acc=0.9500 | test_acc=0.9616 | fro=1.0000 | nuc=5.4067
[Epoch 041] train_ce=0.1245 | train_nuc=5.5648 | train_total=0.1417 | train_acc=0.9548 | val_loss=0.1363 | val_acc=0.9503 | test_acc=0.9559 | fro=1.0000 | nuc=5.8008
[Epoch 042] train_ce=0.1188 | train_nuc=5.4871 | train_total=0.1357 | train_acc=0.9580 | val_loss=0.1241 | val_acc=0.9540 | test_acc=0.9593 | fro=1.0000 | nuc=5.3044
Early stopping triggered at epoch 42. Best val_loss=0.106790 at epoch 32.
Done. alpha=0.0030916820425413915 | best_val_loss=0.106790 | best_epoch=32

================================================================================
Training alpha=0.00309168, seed=2
================================================================================
Using device: cuda
[Experiment] model_one_layer_FC_alpha_0p0030916820425413915
[Alpha] 0.0030916820425413915
[Run dir] outputs/compressibility_adv_robustness/model_one_layer_FC_alpha_0p0030916820425413915_seed_2
[Target Frobenius norm] 1.000000
[Early stopping patience] 10
[Epoch 001] train_ce=0.2733 | train_nuc=3.9302 | train_total=0.2854 | train_acc=0.8975 | val_loss=0.1774 | val_acc=0.9407 | test_acc=0.9377 | fro=1.0000 | nuc=4.0264
[Epoch 002] train_ce=0.1918 | train_nuc=4.3471 | train_total=0.2052 | train_acc=0.9310 | val_loss=0.1579 | val_acc=0.9483 | test_acc=0.9443 | fro=1.0000 | nuc=4.6878
[Epoch 003] train_ce=0.1788 | train_nuc=4.9955 | train_total=0.1943 | train_acc=0.9343 | val_loss=0.2152 | val_acc=0.9157 | test_acc=0.9128 | fro=1.0000 | nuc=5.2268
[Epoch 004] train_ce=0.1723 | train_nuc=5.3672 | train_total=0.1889 | train_acc=0.9378 | val_loss=0.1604 | val_acc=0.9437 | test_acc=0.9410 | fro=1.0000 | nuc=5.5510
[Epoch 005] train_ce=0.1636 | train_nuc=5.6493 | train_total=0.1811 | train_acc=0.9410 | val_loss=0.1455 | val_acc=0.9490 | test_acc=0.9476 | fro=1.0000 | nuc=5.7447
[Epoch 006] train_ce=0.1645 | train_nuc=5.8353 | train_total=0.1825 | train_acc=0.9399 | val_loss=0.1335 | val_acc=0.9540 | test_acc=0.9534 | fro=1.0000 | nuc=5.7686
[Epoch 007] train_ce=0.1554 | train_nuc=5.9247 | train_total=0.1737 | train_acc=0.9429 | val_loss=0.1378 | val_acc=0.9540 | test_acc=0.9515 | fro=1.0000 | nuc=5.9964
[Epoch 008] train_ce=0.1560 | train_nuc=5.9836 | train_total=0.1745 | train_acc=0.9433 | val_loss=0.1366 | val_acc=0.9530 | test_acc=0.9459 | fro=1.0000 | nuc=5.9424
[Epoch 009] train_ce=0.1544 | train_nuc=6.0095 | train_total=0.1729 | train_acc=0.9435 | val_loss=0.1367 | val_acc=0.9500 | test_acc=0.9520 | fro=1.0000 | nuc=6.0850
[Epoch 010] train_ce=0.1501 | train_nuc=6.0365 | train_total=0.1688 | train_acc=0.9460 | val_loss=0.1735 | val_acc=0.9343 | test_acc=0.9312 | fro=1.0000 | nuc=6.1276
[Epoch 011] train_ce=0.1440 | train_nuc=6.1150 | train_total=0.1629 | train_acc=0.9480 | val_loss=0.1346 | val_acc=0.9560 | test_acc=0.9515 | fro=1.0000 | nuc=6.1693
[Epoch 012] train_ce=0.1522 | train_nuc=6.0500 | train_total=0.1709 | train_acc=0.9442 | val_loss=0.1217 | val_acc=0.9587 | test_acc=0.9555 | fro=1.0000 | nuc=6.1367
[Epoch 013] train_ce=0.1454 | train_nuc=6.1227 | train_total=0.1643 | train_acc=0.9470 | val_loss=0.1117 | val_acc=0.9607 | test_acc=0.9576 | fro=1.0000 | nuc=6.0320
[Epoch 014] train_ce=0.1410 | train_nuc=6.1046 | train_total=0.1599 | train_acc=0.9501 | val_loss=0.1386 | val_acc=0.9497 | test_acc=0.9470 | fro=1.0000 | nuc=6.0918
[Epoch 015] train_ce=0.1398 | train_nuc=6.1026 | train_total=0.1587 | train_acc=0.9489 | val_loss=0.1190 | val_acc=0.9553 | test_acc=0.9558 | fro=1.0000 | nuc=6.1245
[Epoch 016] train_ce=0.1369 | train_nuc=6.1359 | train_total=0.1558 | train_acc=0.9506 | val_loss=0.1323 | val_acc=0.9490 | test_acc=0.9497 | fro=1.0000 | nuc=6.1876
[Epoch 017] train_ce=0.1451 | train_nuc=5.9518 | train_total=0.1635 | train_acc=0.9460 | val_loss=0.1582 | val_acc=0.9377 | test_acc=0.9348 | fro=1.0000 | nuc=5.9773
[Epoch 018] train_ce=0.1303 | train_nuc=5.9239 | train_total=0.1486 | train_acc=0.9539 | val_loss=0.1086 | val_acc=0.9613 | test_acc=0.9572 | fro=1.0000 | nuc=5.9734
[Epoch 019] train_ce=0.1375 | train_nuc=5.9462 | train_total=0.1558 | train_acc=0.9506 | val_loss=0.1521 | val_acc=0.9380 | test_acc=0.9339 | fro=1.0000 | nuc=5.8554
[Epoch 020] train_ce=0.1285 | train_nuc=6.0129 | train_total=0.1471 | train_acc=0.9541 | val_loss=0.1352 | val_acc=0.9527 | test_acc=0.9501 | fro=1.0000 | nuc=6.1328
[Epoch 021] train_ce=0.1402 | train_nuc=5.9565 | train_total=0.1586 | train_acc=0.9484 | val_loss=0.1300 | val_acc=0.9520 | test_acc=0.9475 | fro=1.0000 | nuc=5.8246
[Epoch 022] train_ce=0.1298 | train_nuc=6.0190 | train_total=0.1484 | train_acc=0.9532 | val_loss=0.1118 | val_acc=0.9620 | test_acc=0.9553 | fro=1.0000 | nuc=6.0760
[Epoch 023] train_ce=0.1305 | train_nuc=5.9843 | train_total=0.1490 | train_acc=0.9531 | val_loss=0.1081 | val_acc=0.9663 | test_acc=0.9638 | fro=1.0000 | nuc=5.8646
[Epoch 024] train_ce=0.1289 | train_nuc=5.9073 | train_total=0.1472 | train_acc=0.9533 | val_loss=0.1407 | val_acc=0.9523 | test_acc=0.9499 | fro=1.0000 | nuc=5.6313
[Epoch 025] train_ce=0.1323 | train_nuc=5.8158 | train_total=0.1503 | train_acc=0.9530 | val_loss=0.1025 | val_acc=0.9660 | test_acc=0.9606 | fro=1.0000 | nuc=5.9668
[Epoch 026] train_ce=0.1348 | train_nuc=5.7967 | train_total=0.1527 | train_acc=0.9522 | val_loss=0.1034 | val_acc=0.9650 | test_acc=0.9588 | fro=1.0000 | nuc=5.8347
[Epoch 027] train_ce=0.1208 | train_nuc=5.8654 | train_total=0.1389 | train_acc=0.9582 | val_loss=0.1105 | val_acc=0.9610 | test_acc=0.9609 | fro=1.0000 | nuc=5.8513
[Epoch 028] train_ce=0.1354 | train_nuc=5.7799 | train_total=0.1532 | train_acc=0.9510 | val_loss=0.1347 | val_acc=0.9490 | test_acc=0.9477 | fro=1.0000 | nuc=5.4288
[Epoch 029] train_ce=0.1284 | train_nuc=5.6299 | train_total=0.1458 | train_acc=0.9540 | val_loss=0.1133 | val_acc=0.9620 | test_acc=0.9610 | fro=1.0000 | nuc=5.8557
[Epoch 030] train_ce=0.1415 | train_nuc=5.5850 | train_total=0.1588 | train_acc=0.9485 | val_loss=0.1203 | val_acc=0.9543 | test_acc=0.9536 | fro=1.0000 | nuc=5.8076
[Epoch 031] train_ce=0.1324 | train_nuc=5.7529 | train_total=0.1502 | train_acc=0.9525 | val_loss=0.1324 | val_acc=0.9470 | test_acc=0.9483 | fro=1.0000 | nuc=5.7441
[Epoch 032] train_ce=0.1262 | train_nuc=5.7100 | train_total=0.1438 | train_acc=0.9548 | val_loss=0.1513 | val_acc=0.9423 | test_acc=0.9430 | fro=1.0000 | nuc=5.7214
[Epoch 033] train_ce=0.1329 | train_nuc=5.6842 | train_total=0.1504 | train_acc=0.9514 | val_loss=0.1552 | val_acc=0.9370 | test_acc=0.9347 | fro=1.0000 | nuc=5.5938
[Epoch 034] train_ce=0.1233 | train_nuc=5.6726 | train_total=0.1409 | train_acc=0.9553 | val_loss=0.1149 | val_acc=0.9530 | test_acc=0.9529 | fro=1.0000 | nuc=5.5890
[Epoch 035] train_ce=0.1249 | train_nuc=5.5662 | train_total=0.1421 | train_acc=0.9550 | val_loss=0.1004 | val_acc=0.9643 | test_acc=0.9641 | fro=1.0000 | nuc=5.4433
[Epoch 036] train_ce=0.1278 | train_nuc=5.4443 | train_total=0.1446 | train_acc=0.9533 | val_loss=0.1161 | val_acc=0.9550 | test_acc=0.9564 | fro=1.0000 | nuc=5.4767
[Epoch 037] train_ce=0.1165 | train_nuc=5.6919 | train_total=0.1341 | train_acc=0.9588 | val_loss=0.1158 | val_acc=0.9557 | test_acc=0.9527 | fro=1.0000 | nuc=5.5287
[Epoch 038] train_ce=0.1355 | train_nuc=5.4472 | train_total=0.1523 | train_acc=0.9498 | val_loss=0.1208 | val_acc=0.9547 | test_acc=0.9510 | fro=1.0000 | nuc=5.6953
[Epoch 039] train_ce=0.1204 | train_nuc=5.6130 | train_total=0.1377 | train_acc=0.9572 | val_loss=0.1411 | val_acc=0.9447 | test_acc=0.9428 | fro=1.0000 | nuc=5.8446
[Epoch 040] train_ce=0.1277 | train_nuc=5.6139 | train_total=0.1451 | train_acc=0.9537 | val_loss=0.1028 | val_acc=0.9637 | test_acc=0.9581 | fro=1.0000 | nuc=5.5297
[Epoch 041] train_ce=0.1159 | train_nuc=5.6525 | train_total=0.1334 | train_acc=0.9585 | val_loss=0.0915 | val_acc=0.9660 | test_acc=0.9638 | fro=1.0000 | nuc=5.5840
[Epoch 042] train_ce=0.1240 | train_nuc=5.5011 | train_total=0.1410 | train_acc=0.9556 | val_loss=0.1175 | val_acc=0.9603 | test_acc=0.9559 | fro=1.0000 | nuc=5.2814
[Epoch 043] train_ce=0.1246 | train_nuc=5.4524 | train_total=0.1415 | train_acc=0.9554 | val_loss=0.1097 | val_acc=0.9613 | test_acc=0.9577 | fro=1.0000 | nuc=5.4185
[Epoch 044] train_ce=0.1337 | train_nuc=5.6030 | train_total=0.1510 | train_acc=0.9513 | val_loss=0.1177 | val_acc=0.9590 | test_acc=0.9563 | fro=1.0000 | nuc=5.7595
[Epoch 045] train_ce=0.1093 | train_nuc=5.6850 | train_total=0.1269 | train_acc=0.9615 | val_loss=0.1095 | val_acc=0.9593 | test_acc=0.9560 | fro=1.0000 | nuc=5.5582
[Epoch 046] train_ce=0.1127 | train_nuc=5.6811 | train_total=0.1303 | train_acc=0.9600 | val_loss=0.1027 | val_acc=0.9677 | test_acc=0.9596 | fro=1.0000 | nuc=5.6654
[Epoch 047] train_ce=0.1102 | train_nuc=5.6867 | train_total=0.1278 | train_acc=0.9603 | val_loss=0.1014 | val_acc=0.9613 | test_acc=0.9604 | fro=1.0000 | nuc=5.6531
[Epoch 048] train_ce=0.1134 | train_nuc=5.6547 | train_total=0.1309 | train_acc=0.9591 | val_loss=0.1112 | val_acc=0.9580 | test_acc=0.9590 | fro=1.0000 | nuc=5.5784
[Epoch 049] train_ce=0.1184 | train_nuc=5.6732 | train_total=0.1359 | train_acc=0.9574 | val_loss=0.1081 | val_acc=0.9613 | test_acc=0.9611 | fro=1.0000 | nuc=5.7346
[Epoch 050] train_ce=0.1212 | train_nuc=5.6453 | train_total=0.1387 | train_acc=0.9562 | val_loss=0.1225 | val_acc=0.9500 | test_acc=0.9508 | fro=1.0000 | nuc=5.7614
[Epoch 051] train_ce=0.1121 | train_nuc=5.8168 | train_total=0.1301 | train_acc=0.9598 | val_loss=0.0860 | val_acc=0.9720 | test_acc=0.9652 | fro=1.0000 | nuc=5.7332
[Epoch 052] train_ce=0.1146 | train_nuc=5.7297 | train_total=0.1323 | train_acc=0.9598 | val_loss=0.1061 | val_acc=0.9597 | test_acc=0.9590 | fro=1.0000 | nuc=5.3879
[Epoch 053] train_ce=0.1146 | train_nuc=5.6768 | train_total=0.1321 | train_acc=0.9596 | val_loss=0.1162 | val_acc=0.9560 | test_acc=0.9585 | fro=1.0000 | nuc=5.6632
[Epoch 054] train_ce=0.1131 | train_nuc=5.5789 | train_total=0.1303 | train_acc=0.9591 | val_loss=0.1199 | val_acc=0.9493 | test_acc=0.9574 | fro=1.0000 | nuc=5.6885
[Epoch 055] train_ce=0.1162 | train_nuc=5.6377 | train_total=0.1336 | train_acc=0.9587 | val_loss=0.0926 | val_acc=0.9673 | test_acc=0.9652 | fro=1.0000 | nuc=5.6646
[Epoch 056] train_ce=0.1224 | train_nuc=5.4542 | train_total=0.1393 | train_acc=0.9569 | val_loss=0.0893 | val_acc=0.9640 | test_acc=0.9611 | fro=1.0000 | nuc=5.4331
[Epoch 057] train_ce=0.1087 | train_nuc=5.6020 | train_total=0.1260 | train_acc=0.9620 | val_loss=0.0938 | val_acc=0.9727 | test_acc=0.9688 | fro=1.0000 | nuc=5.4381
[Epoch 058] train_ce=0.1230 | train_nuc=5.4852 | train_total=0.1399 | train_acc=0.9558 | val_loss=0.1014 | val_acc=0.9657 | test_acc=0.9600 | fro=1.0000 | nuc=5.5682
[Epoch 059] train_ce=0.1206 | train_nuc=5.5516 | train_total=0.1378 | train_acc=0.9562 | val_loss=0.1079 | val_acc=0.9633 | test_acc=0.9595 | fro=1.0000 | nuc=5.5213
[Epoch 060] train_ce=0.1061 | train_nuc=5.6030 | train_total=0.1235 | train_acc=0.9626 | val_loss=0.0832 | val_acc=0.9670 | test_acc=0.9644 | fro=1.0000 | nuc=5.5418
[Epoch 061] train_ce=0.1110 | train_nuc=5.5368 | train_total=0.1281 | train_acc=0.9601 | val_loss=0.1065 | val_acc=0.9610 | test_acc=0.9582 | fro=1.0000 | nuc=5.3517
[Epoch 062] train_ce=0.1249 | train_nuc=5.3898 | train_total=0.1415 | train_acc=0.9545 | val_loss=0.1560 | val_acc=0.9403 | test_acc=0.9451 | fro=1.0000 | nuc=5.4657
[Epoch 063] train_ce=0.1137 | train_nuc=5.4722 | train_total=0.1306 | train_acc=0.9594 | val_loss=0.1017 | val_acc=0.9623 | test_acc=0.9539 | fro=1.0000 | nuc=5.3632
[Epoch 064] train_ce=0.1114 | train_nuc=5.4490 | train_total=0.1282 | train_acc=0.9603 | val_loss=0.0953 | val_acc=0.9667 | test_acc=0.9637 | fro=1.0000 | nuc=5.4469
[Epoch 065] train_ce=0.1078 | train_nuc=5.4422 | train_total=0.1246 | train_acc=0.9616 | val_loss=0.1246 | val_acc=0.9500 | test_acc=0.9496 | fro=1.0000 | nuc=5.5062
[Epoch 066] train_ce=0.1096 | train_nuc=5.4256 | train_total=0.1263 | train_acc=0.9610 | val_loss=0.1094 | val_acc=0.9623 | test_acc=0.9569 | fro=1.0000 | nuc=5.3826
[Epoch 067] train_ce=0.1165 | train_nuc=5.5370 | train_total=0.1336 | train_acc=0.9587 | val_loss=0.1027 | val_acc=0.9607 | test_acc=0.9576 | fro=1.0000 | nuc=5.6363
[Epoch 068] train_ce=0.1086 | train_nuc=5.5757 | train_total=0.1259 | train_acc=0.9622 | val_loss=0.0911 | val_acc=0.9707 | test_acc=0.9645 | fro=1.0000 | nuc=5.5995
[Epoch 069] train_ce=0.1043 | train_nuc=5.5972 | train_total=0.1216 | train_acc=0.9632 | val_loss=0.0984 | val_acc=0.9640 | test_acc=0.9617 | fro=1.0000 | nuc=5.4982
[Epoch 070] train_ce=0.1116 | train_nuc=5.5167 | train_total=0.1287 | train_acc=0.9604 | val_loss=0.0989 | val_acc=0.9627 | test_acc=0.9611 | fro=1.0000 | nuc=5.4352
Early stopping triggered at epoch 70. Best val_loss=0.083211 at epoch 60.
Done. alpha=0.0030916820425413915 | best_val_loss=0.083211 | best_epoch=60

================================================================================
Training alpha=0.00309168, seed=3
================================================================================
Using device: cuda
[Experiment] model_one_layer_FC_alpha_0p0030916820425413915
[Alpha] 0.0030916820425413915
[Run dir] outputs/compressibility_adv_robustness/model_one_layer_FC_alpha_0p0030916820425413915_seed_3
[Target Frobenius norm] 1.000000
[Early stopping patience] 10
[Epoch 001] train_ce=0.2720 | train_nuc=4.0869 | train_total=0.2847 | train_acc=0.8954 | val_loss=0.2197 | val_acc=0.9187 | test_acc=0.9290 | fro=1.0000 | nuc=4.1184
[Epoch 002] train_ce=0.1894 | train_nuc=4.5370 | train_total=0.2034 | train_acc=0.9321 | val_loss=0.1685 | val_acc=0.9470 | test_acc=0.9459 | fro=1.0000 | nuc=4.8846
[Epoch 003] train_ce=0.1760 | train_nuc=5.1536 | train_total=0.1920 | train_acc=0.9362 | val_loss=0.1548 | val_acc=0.9533 | test_acc=0.9461 | fro=1.0000 | nuc=5.3672
[Epoch 004] train_ce=0.1653 | train_nuc=5.5305 | train_total=0.1824 | train_acc=0.9403 | val_loss=0.1643 | val_acc=0.9443 | test_acc=0.9430 | fro=1.0000 | nuc=5.7378
[Epoch 005] train_ce=0.1675 | train_nuc=5.7670 | train_total=0.1853 | train_acc=0.9391 | val_loss=0.1522 | val_acc=0.9483 | test_acc=0.9472 | fro=1.0000 | nuc=5.7977
[Epoch 006] train_ce=0.1575 | train_nuc=5.9378 | train_total=0.1759 | train_acc=0.9432 | val_loss=0.1558 | val_acc=0.9423 | test_acc=0.9429 | fro=1.0000 | nuc=5.8924
[Epoch 007] train_ce=0.1585 | train_nuc=6.0462 | train_total=0.1772 | train_acc=0.9408 | val_loss=0.1508 | val_acc=0.9460 | test_acc=0.9454 | fro=1.0000 | nuc=6.0667
[Epoch 008] train_ce=0.1605 | train_nuc=6.1114 | train_total=0.1794 | train_acc=0.9412 | val_loss=0.1800 | val_acc=0.9353 | test_acc=0.9403 | fro=1.0000 | nuc=5.9634
[Epoch 009] train_ce=0.1516 | train_nuc=6.0455 | train_total=0.1703 | train_acc=0.9448 | val_loss=0.1617 | val_acc=0.9400 | test_acc=0.9457 | fro=1.0000 | nuc=6.1336
[Epoch 010] train_ce=0.1491 | train_nuc=6.1116 | train_total=0.1680 | train_acc=0.9465 | val_loss=0.1417 | val_acc=0.9540 | test_acc=0.9531 | fro=1.0000 | nuc=6.1514
[Epoch 011] train_ce=0.1483 | train_nuc=6.1440 | train_total=0.1673 | train_acc=0.9450 | val_loss=0.1462 | val_acc=0.9450 | test_acc=0.9505 | fro=1.0000 | nuc=6.1627
[Epoch 012] train_ce=0.1470 | train_nuc=6.1065 | train_total=0.1658 | train_acc=0.9467 | val_loss=0.1430 | val_acc=0.9493 | test_acc=0.9486 | fro=1.0000 | nuc=6.1504
[Epoch 013] train_ce=0.1414 | train_nuc=6.1307 | train_total=0.1603 | train_acc=0.9487 | val_loss=0.1524 | val_acc=0.9420 | test_acc=0.9445 | fro=1.0000 | nuc=6.0539
[Epoch 014] train_ce=0.1440 | train_nuc=6.0317 | train_total=0.1627 | train_acc=0.9473 | val_loss=0.1486 | val_acc=0.9447 | test_acc=0.9535 | fro=1.0000 | nuc=5.9690
[Epoch 015] train_ce=0.1374 | train_nuc=5.9576 | train_total=0.1558 | train_acc=0.9506 | val_loss=0.1311 | val_acc=0.9590 | test_acc=0.9507 | fro=1.0000 | nuc=6.0086
[Epoch 016] train_ce=0.1499 | train_nuc=5.9607 | train_total=0.1684 | train_acc=0.9451 | val_loss=0.1421 | val_acc=0.9513 | test_acc=0.9485 | fro=1.0000 | nuc=5.8558
[Epoch 017] train_ce=0.1426 | train_nuc=5.9658 | train_total=0.1610 | train_acc=0.9482 | val_loss=0.1597 | val_acc=0.9420 | test_acc=0.9477 | fro=1.0000 | nuc=5.9446
[Epoch 018] train_ce=0.1330 | train_nuc=5.9444 | train_total=0.1514 | train_acc=0.9522 | val_loss=0.1421 | val_acc=0.9480 | test_acc=0.9481 | fro=1.0000 | nuc=5.9040
[Epoch 019] train_ce=0.1397 | train_nuc=5.8870 | train_total=0.1579 | train_acc=0.9486 | val_loss=0.1491 | val_acc=0.9473 | test_acc=0.9521 | fro=1.0000 | nuc=6.0094
[Epoch 020] train_ce=0.1308 | train_nuc=5.9215 | train_total=0.1491 | train_acc=0.9526 | val_loss=0.1229 | val_acc=0.9557 | test_acc=0.9599 | fro=1.0000 | nuc=6.0489
[Epoch 021] train_ce=0.1336 | train_nuc=5.9851 | train_total=0.1521 | train_acc=0.9522 | val_loss=0.1404 | val_acc=0.9463 | test_acc=0.9485 | fro=1.0000 | nuc=5.9301
[Epoch 022] train_ce=0.1350 | train_nuc=5.8889 | train_total=0.1532 | train_acc=0.9507 | val_loss=0.1298 | val_acc=0.9573 | test_acc=0.9597 | fro=1.0000 | nuc=5.7345
[Epoch 023] train_ce=0.1365 | train_nuc=5.8323 | train_total=0.1545 | train_acc=0.9499 | val_loss=0.1855 | val_acc=0.9313 | test_acc=0.9253 | fro=1.0000 | nuc=5.5241
[Epoch 024] train_ce=0.1333 | train_nuc=5.7359 | train_total=0.1510 | train_acc=0.9511 | val_loss=0.1476 | val_acc=0.9497 | test_acc=0.9479 | fro=1.0000 | nuc=5.5422
[Epoch 025] train_ce=0.1304 | train_nuc=5.7684 | train_total=0.1482 | train_acc=0.9534 | val_loss=0.1200 | val_acc=0.9583 | test_acc=0.9574 | fro=1.0000 | nuc=5.8504
[Epoch 026] train_ce=0.1325 | train_nuc=5.7578 | train_total=0.1503 | train_acc=0.9515 | val_loss=0.1242 | val_acc=0.9630 | test_acc=0.9606 | fro=1.0000 | nuc=5.7726
[Epoch 027] train_ce=0.1329 | train_nuc=5.7154 | train_total=0.1506 | train_acc=0.9519 | val_loss=0.1361 | val_acc=0.9550 | test_acc=0.9494 | fro=1.0000 | nuc=5.6177
[Epoch 028] train_ce=0.1264 | train_nuc=5.7425 | train_total=0.1441 | train_acc=0.9542 | val_loss=0.1551 | val_acc=0.9460 | test_acc=0.9403 | fro=1.0000 | nuc=5.9678
[Epoch 029] train_ce=0.1419 | train_nuc=5.6241 | train_total=0.1593 | train_acc=0.9479 | val_loss=0.1709 | val_acc=0.9310 | test_acc=0.9276 | fro=1.0000 | nuc=5.7729
[Epoch 030] train_ce=0.1373 | train_nuc=5.6532 | train_total=0.1547 | train_acc=0.9499 | val_loss=0.1103 | val_acc=0.9630 | test_acc=0.9624 | fro=1.0000 | nuc=5.7739
[Epoch 031] train_ce=0.1232 | train_nuc=5.6314 | train_total=0.1406 | train_acc=0.9560 | val_loss=0.1445 | val_acc=0.9483 | test_acc=0.9483 | fro=1.0000 | nuc=5.5946
[Epoch 032] train_ce=0.1323 | train_nuc=5.6507 | train_total=0.1497 | train_acc=0.9514 | val_loss=0.1350 | val_acc=0.9557 | test_acc=0.9555 | fro=1.0000 | nuc=5.3639
[Epoch 033] train_ce=0.1274 | train_nuc=5.5583 | train_total=0.1446 | train_acc=0.9543 | val_loss=0.1196 | val_acc=0.9593 | test_acc=0.9562 | fro=1.0000 | nuc=5.5703
[Epoch 034] train_ce=0.1232 | train_nuc=5.5717 | train_total=0.1405 | train_acc=0.9548 | val_loss=0.1485 | val_acc=0.9483 | test_acc=0.9516 | fro=1.0000 | nuc=5.5807
[Epoch 035] train_ce=0.1196 | train_nuc=5.7066 | train_total=0.1372 | train_acc=0.9570 | val_loss=0.1338 | val_acc=0.9540 | test_acc=0.9527 | fro=1.0000 | nuc=5.5913
[Epoch 036] train_ce=0.1193 | train_nuc=5.6844 | train_total=0.1369 | train_acc=0.9579 | val_loss=0.1293 | val_acc=0.9537 | test_acc=0.9561 | fro=1.0000 | nuc=5.3633
[Epoch 037] train_ce=0.1308 | train_nuc=5.6431 | train_total=0.1483 | train_acc=0.9525 | val_loss=0.2811 | val_acc=0.8840 | test_acc=0.8921 | fro=1.0000 | nuc=5.6675
[Epoch 038] train_ce=0.1313 | train_nuc=5.5771 | train_total=0.1486 | train_acc=0.9515 | val_loss=0.1408 | val_acc=0.9503 | test_acc=0.9503 | fro=1.0000 | nuc=5.8198
[Epoch 039] train_ce=0.1252 | train_nuc=5.6145 | train_total=0.1426 | train_acc=0.9548 | val_loss=0.1961 | val_acc=0.9210 | test_acc=0.9218 | fro=1.0000 | nuc=5.5173
[Epoch 040] train_ce=0.1255 | train_nuc=5.5398 | train_total=0.1426 | train_acc=0.9550 | val_loss=0.1117 | val_acc=0.9627 | test_acc=0.9611 | fro=1.0000 | nuc=5.7256
Early stopping triggered at epoch 40. Best val_loss=0.110261 at epoch 30.
Done. alpha=0.0030916820425413915 | best_val_loss=0.110261 | best_epoch=30

================================================================================
Training alpha=0.00309168, seed=4
================================================================================
Using device: cuda
[Experiment] model_one_layer_FC_alpha_0p0030916820425413915
[Alpha] 0.0030916820425413915
[Run dir] outputs/compressibility_adv_robustness/model_one_layer_FC_alpha_0p0030916820425413915_seed_4
[Target Frobenius norm] 1.000000
[Early stopping patience] 10
[Epoch 001] train_ce=0.2598 | train_nuc=4.0528 | train_total=0.2723 | train_acc=0.9009 | val_loss=0.1793 | val_acc=0.9400 | test_acc=0.9446 | fro=1.0000 | nuc=4.0389
[Epoch 002] train_ce=0.1857 | train_nuc=4.4974 | train_total=0.1996 | train_acc=0.9330 | val_loss=0.1639 | val_acc=0.9480 | test_acc=0.9458 | fro=1.0000 | nuc=4.9010
[Epoch 003] train_ce=0.1693 | train_nuc=5.1960 | train_total=0.1854 | train_acc=0.9383 | val_loss=0.1715 | val_acc=0.9367 | test_acc=0.9398 | fro=1.0000 | nuc=5.3833
[Epoch 004] train_ce=0.1669 | train_nuc=5.5007 | train_total=0.1839 | train_acc=0.9383 | val_loss=0.1415 | val_acc=0.9493 | test_acc=0.9548 | fro=1.0000 | nuc=5.6716
[Epoch 005] train_ce=0.1627 | train_nuc=5.7399 | train_total=0.1805 | train_acc=0.9408 | val_loss=0.1548 | val_acc=0.9447 | test_acc=0.9494 | fro=1.0000 | nuc=5.8351
[Epoch 006] train_ce=0.1644 | train_nuc=5.8098 | train_total=0.1823 | train_acc=0.9405 | val_loss=0.1632 | val_acc=0.9413 | test_acc=0.9409 | fro=1.0000 | nuc=5.7003
[Epoch 007] train_ce=0.1525 | train_nuc=5.8961 | train_total=0.1708 | train_acc=0.9450 | val_loss=0.1355 | val_acc=0.9530 | test_acc=0.9531 | fro=1.0000 | nuc=6.0115
[Epoch 008] train_ce=0.1556 | train_nuc=5.9863 | train_total=0.1741 | train_acc=0.9426 | val_loss=0.1399 | val_acc=0.9517 | test_acc=0.9528 | fro=1.0000 | nuc=6.0172
[Epoch 009] train_ce=0.1513 | train_nuc=5.9840 | train_total=0.1698 | train_acc=0.9453 | val_loss=0.1376 | val_acc=0.9507 | test_acc=0.9550 | fro=1.0000 | nuc=6.0369
[Epoch 010] train_ce=0.1496 | train_nuc=6.0298 | train_total=0.1683 | train_acc=0.9446 | val_loss=0.1867 | val_acc=0.9327 | test_acc=0.9299 | fro=1.0000 | nuc=5.9638
[Epoch 011] train_ce=0.1501 | train_nuc=5.9449 | train_total=0.1685 | train_acc=0.9460 | val_loss=0.1450 | val_acc=0.9453 | test_acc=0.9469 | fro=1.0000 | nuc=6.0527
[Epoch 012] train_ce=0.1421 | train_nuc=6.0298 | train_total=0.1607 | train_acc=0.9484 | val_loss=0.1333 | val_acc=0.9537 | test_acc=0.9543 | fro=1.0000 | nuc=6.1103
[Epoch 013] train_ce=0.1437 | train_nuc=5.9932 | train_total=0.1622 | train_acc=0.9482 | val_loss=0.1296 | val_acc=0.9507 | test_acc=0.9506 | fro=1.0000 | nuc=5.9323
[Epoch 014] train_ce=0.1403 | train_nuc=6.0074 | train_total=0.1589 | train_acc=0.9487 | val_loss=0.1633 | val_acc=0.9420 | test_acc=0.9419 | fro=1.0000 | nuc=5.9306
[Epoch 015] train_ce=0.1385 | train_nuc=6.0124 | train_total=0.1571 | train_acc=0.9503 | val_loss=0.1281 | val_acc=0.9570 | test_acc=0.9573 | fro=1.0000 | nuc=6.0669
[Epoch 016] train_ce=0.1414 | train_nuc=5.9452 | train_total=0.1597 | train_acc=0.9487 | val_loss=0.1315 | val_acc=0.9550 | test_acc=0.9552 | fro=1.0000 | nuc=5.9088
[Epoch 017] train_ce=0.1330 | train_nuc=5.9571 | train_total=0.1514 | train_acc=0.9521 | val_loss=0.1337 | val_acc=0.9557 | test_acc=0.9541 | fro=1.0000 | nuc=5.9457
[Epoch 018] train_ce=0.1372 | train_nuc=5.9593 | train_total=0.1556 | train_acc=0.9499 | val_loss=0.1488 | val_acc=0.9457 | test_acc=0.9472 | fro=1.0000 | nuc=6.0631
[Epoch 019] train_ce=0.1400 | train_nuc=5.9314 | train_total=0.1583 | train_acc=0.9496 | val_loss=0.1353 | val_acc=0.9510 | test_acc=0.9542 | fro=1.0000 | nuc=5.8334
[Epoch 020] train_ce=0.1301 | train_nuc=5.8868 | train_total=0.1483 | train_acc=0.9541 | val_loss=0.1336 | val_acc=0.9540 | test_acc=0.9574 | fro=1.0000 | nuc=6.0031
[Epoch 021] train_ce=0.1260 | train_nuc=5.9627 | train_total=0.1445 | train_acc=0.9543 | val_loss=0.2084 | val_acc=0.9197 | test_acc=0.9218 | fro=1.0000 | nuc=5.8681
[Epoch 022] train_ce=0.1338 | train_nuc=5.9207 | train_total=0.1521 | train_acc=0.9511 | val_loss=0.1569 | val_acc=0.9430 | test_acc=0.9447 | fro=1.0000 | nuc=5.7908
[Epoch 023] train_ce=0.1448 | train_nuc=5.6889 | train_total=0.1624 | train_acc=0.9466 | val_loss=0.1393 | val_acc=0.9483 | test_acc=0.9527 | fro=1.0000 | nuc=5.7102
[Epoch 024] train_ce=0.1250 | train_nuc=5.8872 | train_total=0.1432 | train_acc=0.9556 | val_loss=0.1405 | val_acc=0.9503 | test_acc=0.9485 | fro=1.0000 | nuc=5.9260
[Epoch 025] train_ce=0.1352 | train_nuc=5.8539 | train_total=0.1533 | train_acc=0.9507 | val_loss=0.1347 | val_acc=0.9543 | test_acc=0.9567 | fro=1.0000 | nuc=5.7238
Early stopping triggered at epoch 25. Best val_loss=0.128126 at epoch 15.
Done. alpha=0.0030916820425413915 | best_val_loss=0.128126 | best_epoch=15

================================================================================
Training alpha=0.00547723, seed=0
================================================================================
Using device: cuda
[Experiment] model_one_layer_FC_alpha_0p005477225575051662
[Alpha] 0.005477225575051662
[Run dir] outputs/compressibility_adv_robustness/model_one_layer_FC_alpha_0p005477225575051662_seed_0
[Target Frobenius norm] 1.000000
[Early stopping patience] 10
[Epoch 001] train_ce=0.2683 | train_nuc=3.7946 | train_total=0.2891 | train_acc=0.8957 | val_loss=0.2077 | val_acc=0.9270 | test_acc=0.9224 | fro=1.0000 | nuc=3.6342
[Epoch 002] train_ce=0.1941 | train_nuc=4.0634 | train_total=0.2163 | train_acc=0.9288 | val_loss=0.1719 | val_acc=0.9443 | test_acc=0.9394 | fro=1.0000 | nuc=4.4807
[Epoch 003] train_ce=0.1808 | train_nuc=4.6601 | train_total=0.2063 | train_acc=0.9334 | val_loss=0.1778 | val_acc=0.9373 | test_acc=0.9294 | fro=1.0000 | nuc=4.8198
[Epoch 004] train_ce=0.1664 | train_nuc=4.9826 | train_total=0.1936 | train_acc=0.9399 | val_loss=0.1763 | val_acc=0.9320 | test_acc=0.9403 | fro=1.0000 | nuc=5.0692
[Epoch 005] train_ce=0.1651 | train_nuc=5.2388 | train_total=0.1937 | train_acc=0.9403 | val_loss=0.1334 | val_acc=0.9550 | test_acc=0.9512 | fro=1.0000 | nuc=5.3944
[Epoch 006] train_ce=0.1615 | train_nuc=5.4401 | train_total=0.1913 | train_acc=0.9410 | val_loss=0.1359 | val_acc=0.9530 | test_acc=0.9529 | fro=1.0000 | nuc=5.4371
[Epoch 007] train_ce=0.1586 | train_nuc=5.5526 | train_total=0.1890 | train_acc=0.9415 | val_loss=0.1605 | val_acc=0.9390 | test_acc=0.9427 | fro=1.0000 | nuc=5.5466
[Epoch 008] train_ce=0.1535 | train_nuc=5.5620 | train_total=0.1839 | train_acc=0.9450 | val_loss=0.1441 | val_acc=0.9497 | test_acc=0.9438 | fro=1.0000 | nuc=5.5920
[Epoch 009] train_ce=0.1507 | train_nuc=5.6743 | train_total=0.1818 | train_acc=0.9448 | val_loss=0.1361 | val_acc=0.9497 | test_acc=0.9482 | fro=1.0000 | nuc=5.7993
[Epoch 010] train_ce=0.1559 | train_nuc=5.5978 | train_total=0.1866 | train_acc=0.9421 | val_loss=0.1476 | val_acc=0.9417 | test_acc=0.9395 | fro=1.0000 | nuc=5.5906
[Epoch 011] train_ce=0.1500 | train_nuc=5.5786 | train_total=0.1806 | train_acc=0.9455 | val_loss=0.1323 | val_acc=0.9530 | test_acc=0.9494 | fro=1.0000 | nuc=5.4186
[Epoch 012] train_ce=0.1526 | train_nuc=5.4611 | train_total=0.1825 | train_acc=0.9439 | val_loss=0.1580 | val_acc=0.9407 | test_acc=0.9395 | fro=1.0000 | nuc=5.5415
[Epoch 013] train_ce=0.1494 | train_nuc=5.5089 | train_total=0.1796 | train_acc=0.9455 | val_loss=0.1446 | val_acc=0.9503 | test_acc=0.9473 | fro=1.0000 | nuc=5.5675
[Epoch 014] train_ce=0.1343 | train_nuc=5.6034 | train_total=0.1650 | train_acc=0.9524 | val_loss=0.1207 | val_acc=0.9553 | test_acc=0.9554 | fro=1.0000 | nuc=5.5793
[Epoch 015] train_ce=0.1400 | train_nuc=5.6486 | train_total=0.1709 | train_acc=0.9493 | val_loss=0.1257 | val_acc=0.9573 | test_acc=0.9543 | fro=1.0000 | nuc=5.6955
[Epoch 016] train_ce=0.1421 | train_nuc=5.5795 | train_total=0.1727 | train_acc=0.9485 | val_loss=0.1160 | val_acc=0.9613 | test_acc=0.9592 | fro=1.0000 | nuc=5.5373
[Epoch 017] train_ce=0.1318 | train_nuc=5.6218 | train_total=0.1626 | train_acc=0.9526 | val_loss=0.1139 | val_acc=0.9587 | test_acc=0.9551 | fro=1.0000 | nuc=5.5860
[Epoch 018] train_ce=0.1335 | train_nuc=5.6050 | train_total=0.1642 | train_acc=0.9514 | val_loss=0.1117 | val_acc=0.9613 | test_acc=0.9566 | fro=1.0000 | nuc=5.5721
[Epoch 019] train_ce=0.1258 | train_nuc=5.5639 | train_total=0.1563 | train_acc=0.9539 | val_loss=0.1115 | val_acc=0.9617 | test_acc=0.9614 | fro=1.0000 | nuc=5.6169
[Epoch 020] train_ce=0.1284 | train_nuc=5.6363 | train_total=0.1593 | train_acc=0.9540 | val_loss=0.1071 | val_acc=0.9627 | test_acc=0.9576 | fro=1.0000 | nuc=5.5812
[Epoch 021] train_ce=0.1392 | train_nuc=5.4830 | train_total=0.1693 | train_acc=0.9504 | val_loss=0.1190 | val_acc=0.9567 | test_acc=0.9576 | fro=1.0000 | nuc=5.6931
[Epoch 022] train_ce=0.1268 | train_nuc=5.6066 | train_total=0.1575 | train_acc=0.9547 | val_loss=0.1137 | val_acc=0.9590 | test_acc=0.9526 | fro=1.0000 | nuc=5.5729
[Epoch 023] train_ce=0.1261 | train_nuc=5.5580 | train_total=0.1565 | train_acc=0.9546 | val_loss=0.1166 | val_acc=0.9603 | test_acc=0.9579 | fro=1.0000 | nuc=5.5494
[Epoch 024] train_ce=0.1248 | train_nuc=5.5490 | train_total=0.1552 | train_acc=0.9541 | val_loss=0.1096 | val_acc=0.9650 | test_acc=0.9557 | fro=1.0000 | nuc=5.6435
[Epoch 025] train_ce=0.1285 | train_nuc=5.5079 | train_total=0.1587 | train_acc=0.9533 | val_loss=0.1024 | val_acc=0.9663 | test_acc=0.9590 | fro=1.0000 | nuc=5.4896
[Epoch 026] train_ce=0.1198 | train_nuc=5.5933 | train_total=0.1504 | train_acc=0.9560 | val_loss=0.1077 | val_acc=0.9613 | test_acc=0.9618 | fro=1.0000 | nuc=5.6334
[Epoch 027] train_ce=0.1210 | train_nuc=5.6251 | train_total=0.1518 | train_acc=0.9569 | val_loss=0.1168 | val_acc=0.9570 | test_acc=0.9588 | fro=1.0000 | nuc=5.4892
[Epoch 028] train_ce=0.1273 | train_nuc=5.4202 | train_total=0.1570 | train_acc=0.9544 | val_loss=0.1389 | val_acc=0.9457 | test_acc=0.9485 | fro=1.0000 | nuc=5.5130
[Epoch 029] train_ce=0.1218 | train_nuc=5.4362 | train_total=0.1516 | train_acc=0.9567 | val_loss=0.1161 | val_acc=0.9557 | test_acc=0.9566 | fro=1.0000 | nuc=5.4103
[Epoch 030] train_ce=0.1190 | train_nuc=5.4400 | train_total=0.1488 | train_acc=0.9577 | val_loss=0.1100 | val_acc=0.9620 | test_acc=0.9590 | fro=1.0000 | nuc=5.4999
[Epoch 031] train_ce=0.1246 | train_nuc=5.4378 | train_total=0.1544 | train_acc=0.9550 | val_loss=0.1117 | val_acc=0.9637 | test_acc=0.9592 | fro=1.0000 | nuc=5.5794
[Epoch 032] train_ce=0.1131 | train_nuc=5.5905 | train_total=0.1437 | train_acc=0.9591 | val_loss=0.1002 | val_acc=0.9660 | test_acc=0.9631 | fro=1.0000 | nuc=5.6558
[Epoch 033] train_ce=0.1353 | train_nuc=5.4154 | train_total=0.1649 | train_acc=0.9506 | val_loss=0.2523 | val_acc=0.9003 | test_acc=0.8859 | fro=1.0000 | nuc=5.3003
[Epoch 034] train_ce=0.1374 | train_nuc=5.3154 | train_total=0.1665 | train_acc=0.9490 | val_loss=0.1054 | val_acc=0.9657 | test_acc=0.9604 | fro=1.0000 | nuc=5.4096
[Epoch 035] train_ce=0.1120 | train_nuc=5.4108 | train_total=0.1417 | train_acc=0.9600 | val_loss=0.1149 | val_acc=0.9590 | test_acc=0.9561 | fro=1.0000 | nuc=5.3510
[Epoch 036] train_ce=0.1151 | train_nuc=5.5082 | train_total=0.1453 | train_acc=0.9575 | val_loss=0.0981 | val_acc=0.9700 | test_acc=0.9610 | fro=1.0000 | nuc=5.3980
[Epoch 037] train_ce=0.1120 | train_nuc=5.4466 | train_total=0.1419 | train_acc=0.9600 | val_loss=0.1412 | val_acc=0.9400 | test_acc=0.9484 | fro=1.0000 | nuc=5.4170
[Epoch 038] train_ce=0.1227 | train_nuc=5.4641 | train_total=0.1526 | train_acc=0.9553 | val_loss=0.1105 | val_acc=0.9617 | test_acc=0.9604 | fro=1.0000 | nuc=5.4911
[Epoch 039] train_ce=0.1212 | train_nuc=5.5073 | train_total=0.1514 | train_acc=0.9568 | val_loss=0.0969 | val_acc=0.9663 | test_acc=0.9649 | fro=1.0000 | nuc=5.5327
[Epoch 040] train_ce=0.1096 | train_nuc=5.4622 | train_total=0.1395 | train_acc=0.9613 | val_loss=0.0914 | val_acc=0.9703 | test_acc=0.9657 | fro=1.0000 | nuc=5.4705
[Epoch 041] train_ce=0.1049 | train_nuc=5.4849 | train_total=0.1349 | train_acc=0.9621 | val_loss=0.0953 | val_acc=0.9647 | test_acc=0.9626 | fro=1.0000 | nuc=5.4921
[Epoch 042] train_ce=0.1100 | train_nuc=5.4349 | train_total=0.1397 | train_acc=0.9601 | val_loss=0.0894 | val_acc=0.9690 | test_acc=0.9656 | fro=1.0000 | nuc=5.5451
[Epoch 043] train_ce=0.1101 | train_nuc=5.4358 | train_total=0.1399 | train_acc=0.9603 | val_loss=0.1012 | val_acc=0.9633 | test_acc=0.9612 | fro=1.0000 | nuc=5.5220
[Epoch 044] train_ce=0.1182 | train_nuc=5.3968 | train_total=0.1477 | train_acc=0.9572 | val_loss=0.1066 | val_acc=0.9610 | test_acc=0.9626 | fro=1.0000 | nuc=5.4658
[Epoch 045] train_ce=0.1089 | train_nuc=5.4274 | train_total=0.1387 | train_acc=0.9607 | val_loss=0.0949 | val_acc=0.9703 | test_acc=0.9647 | fro=1.0000 | nuc=5.3189
[Epoch 046] train_ce=0.1154 | train_nuc=5.3915 | train_total=0.1449 | train_acc=0.9590 | val_loss=0.1046 | val_acc=0.9640 | test_acc=0.9586 | fro=1.0000 | nuc=5.5323
[Epoch 047] train_ce=0.1111 | train_nuc=5.3336 | train_total=0.1403 | train_acc=0.9608 | val_loss=0.1000 | val_acc=0.9640 | test_acc=0.9617 | fro=1.0000 | nuc=5.2520
[Epoch 048] train_ce=0.1013 | train_nuc=5.3732 | train_total=0.1307 | train_acc=0.9647 | val_loss=0.1355 | val_acc=0.9500 | test_acc=0.9485 | fro=1.0000 | nuc=5.4562
[Epoch 049] train_ce=0.1112 | train_nuc=5.3845 | train_total=0.1407 | train_acc=0.9595 | val_loss=0.1181 | val_acc=0.9583 | test_acc=0.9541 | fro=1.0000 | nuc=5.3791
[Epoch 050] train_ce=0.1168 | train_nuc=5.3701 | train_total=0.1462 | train_acc=0.9585 | val_loss=0.0924 | val_acc=0.9683 | test_acc=0.9660 | fro=1.0000 | nuc=5.5557
[Epoch 051] train_ce=0.1078 | train_nuc=5.5090 | train_total=0.1379 | train_acc=0.9614 | val_loss=0.1137 | val_acc=0.9577 | test_acc=0.9577 | fro=1.0000 | nuc=5.5398
[Epoch 052] train_ce=0.1099 | train_nuc=5.5026 | train_total=0.1400 | train_acc=0.9610 | val_loss=0.0975 | val_acc=0.9603 | test_acc=0.9617 | fro=1.0000 | nuc=5.4037
Early stopping triggered at epoch 52. Best val_loss=0.089401 at epoch 42.
Done. alpha=0.005477225575051662 | best_val_loss=0.089401 | best_epoch=42

================================================================================
Training alpha=0.00547723, seed=1
================================================================================
Using device: cuda
[Experiment] model_one_layer_FC_alpha_0p005477225575051662
[Alpha] 0.005477225575051662
[Run dir] outputs/compressibility_adv_robustness/model_one_layer_FC_alpha_0p005477225575051662_seed_1
[Target Frobenius norm] 1.000000
[Early stopping patience] 10
[Epoch 001] train_ce=0.2645 | train_nuc=3.7891 | train_total=0.2853 | train_acc=0.8991 | val_loss=0.1982 | val_acc=0.9280 | test_acc=0.9350 | fro=1.0000 | nuc=3.7089
[Epoch 002] train_ce=0.1908 | train_nuc=4.1457 | train_total=0.2135 | train_acc=0.9304 | val_loss=0.1946 | val_acc=0.9280 | test_acc=0.9319 | fro=1.0000 | nuc=4.5144
[Epoch 003] train_ce=0.1691 | train_nuc=4.7123 | train_total=0.1949 | train_acc=0.9391 | val_loss=0.1698 | val_acc=0.9373 | test_acc=0.9413 | fro=1.0000 | nuc=4.8832
[Epoch 004] train_ce=0.1674 | train_nuc=5.1031 | train_total=0.1954 | train_acc=0.9384 | val_loss=0.1552 | val_acc=0.9417 | test_acc=0.9459 | fro=1.0000 | nuc=5.1392
[Epoch 005] train_ce=0.1583 | train_nuc=5.3453 | train_total=0.1875 | train_acc=0.9430 | val_loss=0.1556 | val_acc=0.9433 | test_acc=0.9458 | fro=1.0000 | nuc=5.5059
[Epoch 006] train_ce=0.1636 | train_nuc=5.4408 | train_total=0.1934 | train_acc=0.9396 | val_loss=0.1803 | val_acc=0.9333 | test_acc=0.9396 | fro=1.0000 | nuc=5.5222
[Epoch 007] train_ce=0.1620 | train_nuc=5.5182 | train_total=0.1923 | train_acc=0.9396 | val_loss=0.1573 | val_acc=0.9457 | test_acc=0.9491 | fro=1.0000 | nuc=5.5399
[Epoch 008] train_ce=0.1535 | train_nuc=5.5768 | train_total=0.1840 | train_acc=0.9447 | val_loss=0.1806 | val_acc=0.9290 | test_acc=0.9325 | fro=1.0000 | nuc=5.5387
[Epoch 009] train_ce=0.1511 | train_nuc=5.5761 | train_total=0.1817 | train_acc=0.9455 | val_loss=0.1645 | val_acc=0.9417 | test_acc=0.9468 | fro=1.0000 | nuc=5.6620
[Epoch 010] train_ce=0.1423 | train_nuc=5.7145 | train_total=0.1736 | train_acc=0.9491 | val_loss=0.1827 | val_acc=0.9297 | test_acc=0.9342 | fro=1.0000 | nuc=5.7002
[Epoch 011] train_ce=0.1427 | train_nuc=5.7208 | train_total=0.1740 | train_acc=0.9486 | val_loss=0.1447 | val_acc=0.9507 | test_acc=0.9506 | fro=1.0000 | nuc=5.7250
[Epoch 012] train_ce=0.1498 | train_nuc=5.6324 | train_total=0.1806 | train_acc=0.9455 | val_loss=0.1441 | val_acc=0.9503 | test_acc=0.9539 | fro=1.0000 | nuc=5.5307
[Epoch 013] train_ce=0.1428 | train_nuc=5.6235 | train_total=0.1736 | train_acc=0.9482 | val_loss=0.1591 | val_acc=0.9500 | test_acc=0.9496 | fro=1.0000 | nuc=5.5990
[Epoch 014] train_ce=0.1470 | train_nuc=5.5265 | train_total=0.1773 | train_acc=0.9460 | val_loss=0.1474 | val_acc=0.9470 | test_acc=0.9487 | fro=1.0000 | nuc=5.5504
[Epoch 015] train_ce=0.1383 | train_nuc=5.5390 | train_total=0.1686 | train_acc=0.9499 | val_loss=0.1463 | val_acc=0.9457 | test_acc=0.9508 | fro=1.0000 | nuc=5.4734
[Epoch 016] train_ce=0.1395 | train_nuc=5.5602 | train_total=0.1699 | train_acc=0.9492 | val_loss=0.1363 | val_acc=0.9490 | test_acc=0.9520 | fro=1.0000 | nuc=5.6184
[Epoch 017] train_ce=0.1337 | train_nuc=5.6315 | train_total=0.1645 | train_acc=0.9523 | val_loss=0.1251 | val_acc=0.9553 | test_acc=0.9585 | fro=1.0000 | nuc=5.5999
[Epoch 018] train_ce=0.1354 | train_nuc=5.5646 | train_total=0.1659 | train_acc=0.9507 | val_loss=0.1319 | val_acc=0.9527 | test_acc=0.9587 | fro=1.0000 | nuc=5.5632
[Epoch 019] train_ce=0.1272 | train_nuc=5.5927 | train_total=0.1578 | train_acc=0.9546 | val_loss=0.1419 | val_acc=0.9507 | test_acc=0.9591 | fro=1.0000 | nuc=5.5479
[Epoch 020] train_ce=0.1325 | train_nuc=5.5489 | train_total=0.1629 | train_acc=0.9516 | val_loss=0.1445 | val_acc=0.9487 | test_acc=0.9543 | fro=1.0000 | nuc=5.5615
[Epoch 021] train_ce=0.1335 | train_nuc=5.4963 | train_total=0.1636 | train_acc=0.9510 | val_loss=0.1261 | val_acc=0.9577 | test_acc=0.9584 | fro=1.0000 | nuc=5.5839
[Epoch 022] train_ce=0.1295 | train_nuc=5.4789 | train_total=0.1595 | train_acc=0.9535 | val_loss=0.1376 | val_acc=0.9480 | test_acc=0.9511 | fro=1.0000 | nuc=5.6101
[Epoch 023] train_ce=0.1262 | train_nuc=5.4049 | train_total=0.1558 | train_acc=0.9553 | val_loss=0.1347 | val_acc=0.9523 | test_acc=0.9556 | fro=1.0000 | nuc=5.2861
[Epoch 024] train_ce=0.1416 | train_nuc=5.3172 | train_total=0.1708 | train_acc=0.9481 | val_loss=0.2150 | val_acc=0.9190 | test_acc=0.9210 | fro=1.0000 | nuc=5.3181
[Epoch 025] train_ce=0.1210 | train_nuc=5.3845 | train_total=0.1504 | train_acc=0.9569 | val_loss=0.1374 | val_acc=0.9510 | test_acc=0.9481 | fro=1.0000 | nuc=5.3558
[Epoch 026] train_ce=0.1254 | train_nuc=5.3359 | train_total=0.1547 | train_acc=0.9553 | val_loss=0.1577 | val_acc=0.9387 | test_acc=0.9485 | fro=1.0000 | nuc=5.4196
[Epoch 027] train_ce=0.1193 | train_nuc=5.4520 | train_total=0.1491 | train_acc=0.9572 | val_loss=0.1191 | val_acc=0.9587 | test_acc=0.9615 | fro=1.0000 | nuc=5.4795
[Epoch 028] train_ce=0.1264 | train_nuc=5.4227 | train_total=0.1561 | train_acc=0.9533 | val_loss=0.1169 | val_acc=0.9613 | test_acc=0.9621 | fro=1.0000 | nuc=5.3855
[Epoch 029] train_ce=0.1260 | train_nuc=5.3895 | train_total=0.1555 | train_acc=0.9555 | val_loss=0.1161 | val_acc=0.9580 | test_acc=0.9628 | fro=1.0000 | nuc=5.5584
[Epoch 030] train_ce=0.1105 | train_nuc=5.5930 | train_total=0.1412 | train_acc=0.9597 | val_loss=0.1303 | val_acc=0.9543 | test_acc=0.9607 | fro=1.0000 | nuc=5.5729
[Epoch 031] train_ce=0.1299 | train_nuc=5.4869 | train_total=0.1599 | train_acc=0.9531 | val_loss=0.1511 | val_acc=0.9430 | test_acc=0.9482 | fro=1.0000 | nuc=5.4711
[Epoch 032] train_ce=0.1247 | train_nuc=5.3254 | train_total=0.1538 | train_acc=0.9551 | val_loss=0.1147 | val_acc=0.9567 | test_acc=0.9638 | fro=1.0000 | nuc=5.6011
[Epoch 033] train_ce=0.1187 | train_nuc=5.4775 | train_total=0.1487 | train_acc=0.9585 | val_loss=0.1021 | val_acc=0.9643 | test_acc=0.9668 | fro=1.0000 | nuc=5.4969
[Epoch 034] train_ce=0.1108 | train_nuc=5.5832 | train_total=0.1414 | train_acc=0.9600 | val_loss=0.1139 | val_acc=0.9603 | test_acc=0.9623 | fro=1.0000 | nuc=5.2825
[Epoch 035] train_ce=0.1173 | train_nuc=5.3721 | train_total=0.1467 | train_acc=0.9580 | val_loss=0.1599 | val_acc=0.9383 | test_acc=0.9495 | fro=1.0000 | nuc=5.3115
[Epoch 036] train_ce=0.1179 | train_nuc=5.4676 | train_total=0.1479 | train_acc=0.9569 | val_loss=0.1372 | val_acc=0.9483 | test_acc=0.9534 | fro=1.0000 | nuc=5.2863
[Epoch 037] train_ce=0.1107 | train_nuc=5.4627 | train_total=0.1406 | train_acc=0.9600 | val_loss=0.1422 | val_acc=0.9497 | test_acc=0.9557 | fro=1.0000 | nuc=5.6638
[Epoch 038] train_ce=0.1190 | train_nuc=5.4513 | train_total=0.1488 | train_acc=0.9571 | val_loss=0.1112 | val_acc=0.9620 | test_acc=0.9622 | fro=1.0000 | nuc=5.4047
[Epoch 039] train_ce=0.1185 | train_nuc=5.4853 | train_total=0.1485 | train_acc=0.9578 | val_loss=0.1082 | val_acc=0.9627 | test_acc=0.9658 | fro=1.0000 | nuc=5.5460
[Epoch 040] train_ce=0.1049 | train_nuc=5.4594 | train_total=0.1348 | train_acc=0.9617 | val_loss=0.1172 | val_acc=0.9567 | test_acc=0.9613 | fro=1.0000 | nuc=5.4175
[Epoch 041] train_ce=0.1166 | train_nuc=5.4299 | train_total=0.1463 | train_acc=0.9581 | val_loss=0.1111 | val_acc=0.9613 | test_acc=0.9627 | fro=1.0000 | nuc=5.4402
[Epoch 042] train_ce=0.1051 | train_nuc=5.4896 | train_total=0.1351 | train_acc=0.9626 | val_loss=0.1018 | val_acc=0.9647 | test_acc=0.9693 | fro=1.0000 | nuc=5.5393
[Epoch 043] train_ce=0.1073 | train_nuc=5.4879 | train_total=0.1374 | train_acc=0.9619 | val_loss=0.1197 | val_acc=0.9560 | test_acc=0.9645 | fro=1.0000 | nuc=5.4806
[Epoch 044] train_ce=0.1101 | train_nuc=5.5767 | train_total=0.1406 | train_acc=0.9603 | val_loss=0.2096 | val_acc=0.9243 | test_acc=0.9258 | fro=1.0000 | nuc=5.5050
[Epoch 045] train_ce=0.1106 | train_nuc=5.4882 | train_total=0.1406 | train_acc=0.9604 | val_loss=0.1004 | val_acc=0.9643 | test_acc=0.9657 | fro=1.0000 | nuc=5.6372
[Epoch 046] train_ce=0.0976 | train_nuc=5.5306 | train_total=0.1279 | train_acc=0.9651 | val_loss=0.1099 | val_acc=0.9613 | test_acc=0.9667 | fro=1.0000 | nuc=5.6695
[Epoch 047] train_ce=0.1082 | train_nuc=5.4236 | train_total=0.1379 | train_acc=0.9609 | val_loss=0.1383 | val_acc=0.9470 | test_acc=0.9519 | fro=1.0000 | nuc=5.4732
[Epoch 048] train_ce=0.1033 | train_nuc=5.4664 | train_total=0.1333 | train_acc=0.9634 | val_loss=0.1124 | val_acc=0.9610 | test_acc=0.9640 | fro=1.0000 | nuc=5.5253
[Epoch 049] train_ce=0.1086 | train_nuc=5.4720 | train_total=0.1385 | train_acc=0.9620 | val_loss=0.1610 | val_acc=0.9377 | test_acc=0.9445 | fro=1.0000 | nuc=5.2570
[Epoch 050] train_ce=0.1090 | train_nuc=5.4299 | train_total=0.1387 | train_acc=0.9611 | val_loss=0.1126 | val_acc=0.9620 | test_acc=0.9626 | fro=1.0000 | nuc=5.4099
[Epoch 051] train_ce=0.1148 | train_nuc=5.3756 | train_total=0.1442 | train_acc=0.9582 | val_loss=0.1227 | val_acc=0.9547 | test_acc=0.9596 | fro=1.0000 | nuc=5.2945
[Epoch 052] train_ce=0.1127 | train_nuc=5.3758 | train_total=0.1422 | train_acc=0.9595 | val_loss=0.1236 | val_acc=0.9530 | test_acc=0.9573 | fro=1.0000 | nuc=5.6010
[Epoch 053] train_ce=0.1168 | train_nuc=5.4187 | train_total=0.1465 | train_acc=0.9588 | val_loss=0.1193 | val_acc=0.9580 | test_acc=0.9650 | fro=1.0000 | nuc=5.3973
[Epoch 054] train_ce=0.1069 | train_nuc=5.3882 | train_total=0.1364 | train_acc=0.9610 | val_loss=0.1250 | val_acc=0.9537 | test_acc=0.9540 | fro=1.0000 | nuc=5.4750
[Epoch 055] train_ce=0.1001 | train_nuc=5.4691 | train_total=0.1301 | train_acc=0.9648 | val_loss=0.1087 | val_acc=0.9590 | test_acc=0.9645 | fro=1.0000 | nuc=5.4757
Early stopping triggered at epoch 55. Best val_loss=0.100375 at epoch 45.
Done. alpha=0.005477225575051662 | best_val_loss=0.100375 | best_epoch=45

================================================================================
Training alpha=0.00547723, seed=2
================================================================================
Using device: cuda
[Experiment] model_one_layer_FC_alpha_0p005477225575051662
[Alpha] 0.005477225575051662
[Run dir] outputs/compressibility_adv_robustness/model_one_layer_FC_alpha_0p005477225575051662_seed_2
[Target Frobenius norm] 1.000000
[Early stopping patience] 10
[Epoch 001] train_ce=0.2682 | train_nuc=3.7415 | train_total=0.2887 | train_acc=0.8991 | val_loss=0.1790 | val_acc=0.9383 | test_acc=0.9350 | fro=1.0000 | nuc=3.7575
[Epoch 002] train_ce=0.1920 | train_nuc=4.0214 | train_total=0.2140 | train_acc=0.9307 | val_loss=0.1607 | val_acc=0.9483 | test_acc=0.9435 | fro=1.0000 | nuc=4.3137
[Epoch 003] train_ce=0.1808 | train_nuc=4.6238 | train_total=0.2061 | train_acc=0.9335 | val_loss=0.2018 | val_acc=0.9240 | test_acc=0.9193 | fro=1.0000 | nuc=4.8590
[Epoch 004] train_ce=0.1719 | train_nuc=4.9683 | train_total=0.1991 | train_acc=0.9373 | val_loss=0.1602 | val_acc=0.9413 | test_acc=0.9420 | fro=1.0000 | nuc=5.1496
[Epoch 005] train_ce=0.1636 | train_nuc=5.2365 | train_total=0.1923 | train_acc=0.9416 | val_loss=0.1529 | val_acc=0.9463 | test_acc=0.9410 | fro=1.0000 | nuc=5.3124
[Epoch 006] train_ce=0.1605 | train_nuc=5.4016 | train_total=0.1901 | train_acc=0.9416 | val_loss=0.1306 | val_acc=0.9577 | test_acc=0.9536 | fro=1.0000 | nuc=5.3749
[Epoch 007] train_ce=0.1522 | train_nuc=5.5168 | train_total=0.1824 | train_acc=0.9443 | val_loss=0.1400 | val_acc=0.9523 | test_acc=0.9504 | fro=1.0000 | nuc=5.5700
[Epoch 008] train_ce=0.1539 | train_nuc=5.5481 | train_total=0.1843 | train_acc=0.9440 | val_loss=0.1376 | val_acc=0.9470 | test_acc=0.9444 | fro=1.0000 | nuc=5.4709
[Epoch 009] train_ce=0.1558 | train_nuc=5.5144 | train_total=0.1860 | train_acc=0.9430 | val_loss=0.1284 | val_acc=0.9573 | test_acc=0.9545 | fro=1.0000 | nuc=5.5221
[Epoch 010] train_ce=0.1470 | train_nuc=5.5811 | train_total=0.1775 | train_acc=0.9468 | val_loss=0.1849 | val_acc=0.9293 | test_acc=0.9248 | fro=1.0000 | nuc=5.6666
[Epoch 011] train_ce=0.1412 | train_nuc=5.7291 | train_total=0.1726 | train_acc=0.9484 | val_loss=0.1363 | val_acc=0.9587 | test_acc=0.9517 | fro=1.0000 | nuc=5.7935
[Epoch 012] train_ce=0.1476 | train_nuc=5.5888 | train_total=0.1783 | train_acc=0.9460 | val_loss=0.1146 | val_acc=0.9600 | test_acc=0.9608 | fro=1.0000 | nuc=5.6406
[Epoch 013] train_ce=0.1435 | train_nuc=5.6036 | train_total=0.1742 | train_acc=0.9471 | val_loss=0.1177 | val_acc=0.9577 | test_acc=0.9551 | fro=1.0000 | nuc=5.5131
[Epoch 014] train_ce=0.1384 | train_nuc=5.5539 | train_total=0.1688 | train_acc=0.9501 | val_loss=0.1458 | val_acc=0.9427 | test_acc=0.9425 | fro=1.0000 | nuc=5.6079
[Epoch 015] train_ce=0.1417 | train_nuc=5.5546 | train_total=0.1721 | train_acc=0.9489 | val_loss=0.1615 | val_acc=0.9370 | test_acc=0.9405 | fro=1.0000 | nuc=5.5395
[Epoch 016] train_ce=0.1344 | train_nuc=5.5537 | train_total=0.1648 | train_acc=0.9510 | val_loss=0.1171 | val_acc=0.9530 | test_acc=0.9568 | fro=1.0000 | nuc=5.7035
[Epoch 017] train_ce=0.1294 | train_nuc=5.5335 | train_total=0.1597 | train_acc=0.9535 | val_loss=0.1526 | val_acc=0.9407 | test_acc=0.9355 | fro=1.0000 | nuc=5.5541
[Epoch 018] train_ce=0.1321 | train_nuc=5.5888 | train_total=0.1627 | train_acc=0.9525 | val_loss=0.1018 | val_acc=0.9660 | test_acc=0.9617 | fro=1.0000 | nuc=5.6324
[Epoch 019] train_ce=0.1295 | train_nuc=5.6138 | train_total=0.1603 | train_acc=0.9537 | val_loss=0.1338 | val_acc=0.9487 | test_acc=0.9461 | fro=1.0000 | nuc=5.5984
[Epoch 020] train_ce=0.1291 | train_nuc=5.6764 | train_total=0.1602 | train_acc=0.9535 | val_loss=0.1375 | val_acc=0.9487 | test_acc=0.9488 | fro=1.0000 | nuc=5.6780
[Epoch 021] train_ce=0.1489 | train_nuc=5.4359 | train_total=0.1786 | train_acc=0.9444 | val_loss=0.1347 | val_acc=0.9507 | test_acc=0.9483 | fro=1.0000 | nuc=5.3412
[Epoch 022] train_ce=0.1289 | train_nuc=5.5561 | train_total=0.1594 | train_acc=0.9540 | val_loss=0.1001 | val_acc=0.9640 | test_acc=0.9576 | fro=1.0000 | nuc=5.5623
[Epoch 023] train_ce=0.1359 | train_nuc=5.5868 | train_total=0.1665 | train_acc=0.9502 | val_loss=0.1716 | val_acc=0.9357 | test_acc=0.9323 | fro=1.0000 | nuc=5.0280
[Epoch 024] train_ce=0.1401 | train_nuc=5.2869 | train_total=0.1691 | train_acc=0.9489 | val_loss=0.1688 | val_acc=0.9333 | test_acc=0.9338 | fro=1.0000 | nuc=5.1061
[Epoch 025] train_ce=0.1314 | train_nuc=5.3356 | train_total=0.1606 | train_acc=0.9540 | val_loss=0.1077 | val_acc=0.9630 | test_acc=0.9563 | fro=1.0000 | nuc=5.4315
[Epoch 026] train_ce=0.1164 | train_nuc=5.4296 | train_total=0.1462 | train_acc=0.9580 | val_loss=0.0871 | val_acc=0.9707 | test_acc=0.9620 | fro=1.0000 | nuc=5.5234
[Epoch 027] train_ce=0.1173 | train_nuc=5.4785 | train_total=0.1473 | train_acc=0.9592 | val_loss=0.1110 | val_acc=0.9627 | test_acc=0.9628 | fro=1.0000 | nuc=5.6726
[Epoch 028] train_ce=0.1185 | train_nuc=5.6136 | train_total=0.1492 | train_acc=0.9582 | val_loss=0.1139 | val_acc=0.9567 | test_acc=0.9555 | fro=1.0000 | nuc=5.4692
[Epoch 029] train_ce=0.1260 | train_nuc=5.4933 | train_total=0.1561 | train_acc=0.9543 | val_loss=0.1054 | val_acc=0.9607 | test_acc=0.9615 | fro=1.0000 | nuc=5.6536
[Epoch 030] train_ce=0.1252 | train_nuc=5.5424 | train_total=0.1555 | train_acc=0.9549 | val_loss=0.1075 | val_acc=0.9643 | test_acc=0.9580 | fro=1.0000 | nuc=5.3983
[Epoch 031] train_ce=0.1283 | train_nuc=5.3993 | train_total=0.1579 | train_acc=0.9541 | val_loss=0.0964 | val_acc=0.9627 | test_acc=0.9646 | fro=1.0000 | nuc=5.3372
[Epoch 032] train_ce=0.1178 | train_nuc=5.5144 | train_total=0.1480 | train_acc=0.9580 | val_loss=0.1071 | val_acc=0.9660 | test_acc=0.9618 | fro=1.0000 | nuc=5.5939
[Epoch 033] train_ce=0.1250 | train_nuc=5.4569 | train_total=0.1549 | train_acc=0.9546 | val_loss=0.1206 | val_acc=0.9587 | test_acc=0.9504 | fro=1.0000 | nuc=5.4488
[Epoch 034] train_ce=0.1139 | train_nuc=5.4816 | train_total=0.1439 | train_acc=0.9586 | val_loss=0.0914 | val_acc=0.9700 | test_acc=0.9642 | fro=1.0000 | nuc=5.5631
[Epoch 035] train_ce=0.1156 | train_nuc=5.5481 | train_total=0.1460 | train_acc=0.9584 | val_loss=0.1012 | val_acc=0.9663 | test_acc=0.9664 | fro=1.0000 | nuc=5.5170
[Epoch 036] train_ce=0.1233 | train_nuc=5.4152 | train_total=0.1530 | train_acc=0.9556 | val_loss=0.1261 | val_acc=0.9520 | test_acc=0.9535 | fro=1.0000 | nuc=5.1874
Early stopping triggered at epoch 36. Best val_loss=0.087128 at epoch 26.
Done. alpha=0.005477225575051662 | best_val_loss=0.087128 | best_epoch=26

================================================================================
Training alpha=0.00547723, seed=3
================================================================================
Using device: cuda
[Experiment] model_one_layer_FC_alpha_0p005477225575051662
[Alpha] 0.005477225575051662
[Run dir] outputs/compressibility_adv_robustness/model_one_layer_FC_alpha_0p005477225575051662_seed_3
[Target Frobenius norm] 1.000000
[Early stopping patience] 10
[Epoch 001] train_ce=0.2715 | train_nuc=3.8397 | train_total=0.2925 | train_acc=0.8956 | val_loss=0.2104 | val_acc=0.9270 | test_acc=0.9340 | fro=1.0000 | nuc=3.7511
[Epoch 002] train_ce=0.1903 | train_nuc=4.1167 | train_total=0.2128 | train_acc=0.9314 | val_loss=0.1681 | val_acc=0.9487 | test_acc=0.9455 | fro=1.0000 | nuc=4.4007
[Epoch 003] train_ce=0.1777 | train_nuc=4.6944 | train_total=0.2035 | train_acc=0.9356 | val_loss=0.1538 | val_acc=0.9510 | test_acc=0.9474 | fro=1.0000 | nuc=4.8736
[Epoch 004] train_ce=0.1675 | train_nuc=5.0692 | train_total=0.1953 | train_acc=0.9398 | val_loss=0.1693 | val_acc=0.9393 | test_acc=0.9395 | fro=1.0000 | nuc=5.2699
[Epoch 005] train_ce=0.1673 | train_nuc=5.3466 | train_total=0.1966 | train_acc=0.9389 | val_loss=0.1456 | val_acc=0.9517 | test_acc=0.9508 | fro=1.0000 | nuc=5.3931
[Epoch 006] train_ce=0.1564 | train_nuc=5.4696 | train_total=0.1864 | train_acc=0.9437 | val_loss=0.1588 | val_acc=0.9370 | test_acc=0.9448 | fro=1.0000 | nuc=5.4779
[Epoch 007] train_ce=0.1603 | train_nuc=5.6088 | train_total=0.1910 | train_acc=0.9399 | val_loss=0.1666 | val_acc=0.9383 | test_acc=0.9392 | fro=1.0000 | nuc=5.6374
[Epoch 008] train_ce=0.1612 | train_nuc=5.5911 | train_total=0.1919 | train_acc=0.9397 | val_loss=0.1649 | val_acc=0.9450 | test_acc=0.9489 | fro=1.0000 | nuc=5.5338
[Epoch 009] train_ce=0.1528 | train_nuc=5.5945 | train_total=0.1834 | train_acc=0.9446 | val_loss=0.1368 | val_acc=0.9537 | test_acc=0.9549 | fro=1.0000 | nuc=5.6545
[Epoch 010] train_ce=0.1473 | train_nuc=5.6185 | train_total=0.1781 | train_acc=0.9473 | val_loss=0.1394 | val_acc=0.9543 | test_acc=0.9541 | fro=1.0000 | nuc=5.7270
[Epoch 011] train_ce=0.1465 | train_nuc=5.6998 | train_total=0.1777 | train_acc=0.9462 | val_loss=0.1592 | val_acc=0.9413 | test_acc=0.9461 | fro=1.0000 | nuc=5.6512
[Epoch 012] train_ce=0.1467 | train_nuc=5.6649 | train_total=0.1778 | train_acc=0.9471 | val_loss=0.1402 | val_acc=0.9477 | test_acc=0.9506 | fro=1.0000 | nuc=5.6655
[Epoch 013] train_ce=0.1425 | train_nuc=5.7099 | train_total=0.1738 | train_acc=0.9489 | val_loss=0.1825 | val_acc=0.9287 | test_acc=0.9321 | fro=1.0000 | nuc=5.6407
[Epoch 014] train_ce=0.1384 | train_nuc=5.7315 | train_total=0.1698 | train_acc=0.9499 | val_loss=0.1403 | val_acc=0.9517 | test_acc=0.9555 | fro=1.0000 | nuc=5.7520
[Epoch 015] train_ce=0.1389 | train_nuc=5.5842 | train_total=0.1695 | train_acc=0.9493 | val_loss=0.1747 | val_acc=0.9340 | test_acc=0.9320 | fro=1.0000 | nuc=5.5971
[Epoch 016] train_ce=0.1424 | train_nuc=5.6109 | train_total=0.1732 | train_acc=0.9474 | val_loss=0.1403 | val_acc=0.9530 | test_acc=0.9484 | fro=1.0000 | nuc=5.5820
[Epoch 017] train_ce=0.1363 | train_nuc=5.6641 | train_total=0.1673 | train_acc=0.9516 | val_loss=0.1637 | val_acc=0.9410 | test_acc=0.9469 | fro=1.0000 | nuc=5.7792
[Epoch 018] train_ce=0.1313 | train_nuc=5.6073 | train_total=0.1620 | train_acc=0.9521 | val_loss=0.1470 | val_acc=0.9493 | test_acc=0.9487 | fro=1.0000 | nuc=5.5568
[Epoch 019] train_ce=0.1407 | train_nuc=5.4479 | train_total=0.1706 | train_acc=0.9483 | val_loss=0.1471 | val_acc=0.9467 | test_acc=0.9504 | fro=1.0000 | nuc=5.4634
Early stopping triggered at epoch 19. Best val_loss=0.136824 at epoch 9.
Done. alpha=0.005477225575051662 | best_val_loss=0.136824 | best_epoch=9

================================================================================
Training alpha=0.00547723, seed=4
================================================================================
Using device: cuda
[Experiment] model_one_layer_FC_alpha_0p005477225575051662
[Alpha] 0.005477225575051662
[Run dir] outputs/compressibility_adv_robustness/model_one_layer_FC_alpha_0p005477225575051662_seed_4
[Target Frobenius norm] 1.000000
[Early stopping patience] 10
[Epoch 001] train_ce=0.2574 | train_nuc=3.8258 | train_total=0.2784 | train_acc=0.9017 | val_loss=0.1777 | val_acc=0.9393 | test_acc=0.9444 | fro=1.0000 | nuc=3.7425
[Epoch 002] train_ce=0.1855 | train_nuc=4.1297 | train_total=0.2081 | train_acc=0.9328 | val_loss=0.1602 | val_acc=0.9487 | test_acc=0.9497 | fro=1.0000 | nuc=4.4954
[Epoch 003] train_ce=0.1689 | train_nuc=4.7709 | train_total=0.1951 | train_acc=0.9381 | val_loss=0.1710 | val_acc=0.9373 | test_acc=0.9398 | fro=1.0000 | nuc=4.9829
[Epoch 004] train_ce=0.1689 | train_nuc=5.0868 | train_total=0.1968 | train_acc=0.9381 | val_loss=0.1671 | val_acc=0.9420 | test_acc=0.9458 | fro=1.0000 | nuc=5.2539
[Epoch 005] train_ce=0.1597 | train_nuc=5.3413 | train_total=0.1889 | train_acc=0.9422 | val_loss=0.1543 | val_acc=0.9490 | test_acc=0.9472 | fro=1.0000 | nuc=5.4538
[Epoch 006] train_ce=0.1634 | train_nuc=5.3618 | train_total=0.1928 | train_acc=0.9411 | val_loss=0.1788 | val_acc=0.9347 | test_acc=0.9374 | fro=1.0000 | nuc=5.2836
[Epoch 007] train_ce=0.1537 | train_nuc=5.4449 | train_total=0.1835 | train_acc=0.9447 | val_loss=0.1442 | val_acc=0.9460 | test_acc=0.9473 | fro=1.0000 | nuc=5.5325
[Epoch 008] train_ce=0.1539 | train_nuc=5.5095 | train_total=0.1840 | train_acc=0.9447 | val_loss=0.1364 | val_acc=0.9530 | test_acc=0.9541 | fro=1.0000 | nuc=5.5571
[Epoch 009] train_ce=0.1519 | train_nuc=5.5367 | train_total=0.1822 | train_acc=0.9450 | val_loss=0.1533 | val_acc=0.9437 | test_acc=0.9434 | fro=1.0000 | nuc=5.7302
[Epoch 010] train_ce=0.1437 | train_nuc=5.5940 | train_total=0.1744 | train_acc=0.9480 | val_loss=0.1668 | val_acc=0.9410 | test_acc=0.9403 | fro=1.0000 | nuc=5.6160
[Epoch 011] train_ce=0.1505 | train_nuc=5.5260 | train_total=0.1807 | train_acc=0.9456 | val_loss=0.1485 | val_acc=0.9440 | test_acc=0.9482 | fro=1.0000 | nuc=5.6308
[Epoch 012] train_ce=0.1401 | train_nuc=5.6042 | train_total=0.1708 | train_acc=0.9497 | val_loss=0.1274 | val_acc=0.9607 | test_acc=0.9576 | fro=1.0000 | nuc=5.5274
[Epoch 013] train_ce=0.1444 | train_nuc=5.5529 | train_total=0.1748 | train_acc=0.9473 | val_loss=0.1352 | val_acc=0.9517 | test_acc=0.9493 | fro=1.0000 | nuc=5.5581
[Epoch 014] train_ce=0.1367 | train_nuc=5.5964 | train_total=0.1673 | train_acc=0.9504 | val_loss=0.2025 | val_acc=0.9237 | test_acc=0.9264 | fro=1.0000 | nuc=5.4279
[Epoch 015] train_ce=0.1347 | train_nuc=5.6001 | train_total=0.1654 | train_acc=0.9516 | val_loss=0.1312 | val_acc=0.9553 | test_acc=0.9553 | fro=1.0000 | nuc=5.6959
[Epoch 016] train_ce=0.1377 | train_nuc=5.6089 | train_total=0.1684 | train_acc=0.9498 | val_loss=0.1303 | val_acc=0.9560 | test_acc=0.9566 | fro=1.0000 | nuc=5.5954
[Epoch 017] train_ce=0.1337 | train_nuc=5.5659 | train_total=0.1641 | train_acc=0.9522 | val_loss=0.1686 | val_acc=0.9360 | test_acc=0.9344 | fro=1.0000 | nuc=5.5470
[Epoch 018] train_ce=0.1397 | train_nuc=5.4567 | train_total=0.1696 | train_acc=0.9494 | val_loss=0.1906 | val_acc=0.9237 | test_acc=0.9284 | fro=1.0000 | nuc=5.4840
[Epoch 019] train_ce=0.1300 | train_nuc=5.4933 | train_total=0.1601 | train_acc=0.9538 | val_loss=0.1349 | val_acc=0.9503 | test_acc=0.9533 | fro=1.0000 | nuc=5.4522
[Epoch 020] train_ce=0.1295 | train_nuc=5.4801 | train_total=0.1595 | train_acc=0.9530 | val_loss=0.1331 | val_acc=0.9513 | test_acc=0.9537 | fro=1.0000 | nuc=5.5872
[Epoch 021] train_ce=0.1239 | train_nuc=5.4943 | train_total=0.1540 | train_acc=0.9558 | val_loss=0.1344 | val_acc=0.9467 | test_acc=0.9521 | fro=1.0000 | nuc=5.2946
[Epoch 022] train_ce=0.1245 | train_nuc=5.4888 | train_total=0.1546 | train_acc=0.9547 | val_loss=0.1617 | val_acc=0.9377 | test_acc=0.9390 | fro=1.0000 | nuc=5.5479
Early stopping triggered at epoch 22. Best val_loss=0.127449 at epoch 12.
Done. alpha=0.005477225575051662 | best_val_loss=0.127449 | best_epoch=12

================================================================================
Training alpha=0.00970346, seed=0
================================================================================
Using device: cuda
[Experiment] model_one_layer_FC_alpha_0p00970345578465104
[Alpha] 0.00970345578465104
[Run dir] outputs/compressibility_adv_robustness/model_one_layer_FC_alpha_0p00970345578465104_seed_0
[Target Frobenius norm] 1.000000
[Early stopping patience] 10
[Epoch 001] train_ce=0.2663 | train_nuc=3.5963 | train_total=0.3012 | train_acc=0.8960 | val_loss=0.2091 | val_acc=0.9247 | test_acc=0.9207 | fro=1.0000 | nuc=3.2768
[Epoch 002] train_ce=0.1948 | train_nuc=3.7006 | train_total=0.2307 | train_acc=0.9283 | val_loss=0.1730 | val_acc=0.9433 | test_acc=0.9381 | fro=1.0000 | nuc=4.0759
[Epoch 003] train_ce=0.1837 | train_nuc=4.2515 | train_total=0.2250 | train_acc=0.9329 | val_loss=0.1816 | val_acc=0.9363 | test_acc=0.9264 | fro=1.0000 | nuc=4.4372
[Epoch 004] train_ce=0.1687 | train_nuc=4.5494 | train_total=0.2129 | train_acc=0.9383 | val_loss=0.1810 | val_acc=0.9313 | test_acc=0.9370 | fro=1.0000 | nuc=4.6160
[Epoch 005] train_ce=0.1644 | train_nuc=4.7955 | train_total=0.2109 | train_acc=0.9404 | val_loss=0.1380 | val_acc=0.9520 | test_acc=0.9480 | fro=1.0000 | nuc=4.9398
[Epoch 006] train_ce=0.1596 | train_nuc=4.9591 | train_total=0.2077 | train_acc=0.9412 | val_loss=0.1372 | val_acc=0.9557 | test_acc=0.9533 | fro=1.0000 | nuc=4.9648
[Epoch 007] train_ce=0.1553 | train_nuc=5.0505 | train_total=0.2043 | train_acc=0.9427 | val_loss=0.1481 | val_acc=0.9457 | test_acc=0.9505 | fro=1.0000 | nuc=5.1397
[Epoch 008] train_ce=0.1539 | train_nuc=5.1330 | train_total=0.2037 | train_acc=0.9451 | val_loss=0.1532 | val_acc=0.9433 | test_acc=0.9424 | fro=1.0000 | nuc=5.2329
[Epoch 009] train_ce=0.1514 | train_nuc=5.1977 | train_total=0.2019 | train_acc=0.9440 | val_loss=0.1249 | val_acc=0.9553 | test_acc=0.9562 | fro=1.0000 | nuc=5.1989
[Epoch 010] train_ce=0.1530 | train_nuc=5.1643 | train_total=0.2031 | train_acc=0.9434 | val_loss=0.1325 | val_acc=0.9503 | test_acc=0.9475 | fro=1.0000 | nuc=5.1076
[Epoch 011] train_ce=0.1492 | train_nuc=5.1095 | train_total=0.1987 | train_acc=0.9454 | val_loss=0.1233 | val_acc=0.9560 | test_acc=0.9556 | fro=1.0000 | nuc=4.9697
[Epoch 012] train_ce=0.1481 | train_nuc=5.0233 | train_total=0.1968 | train_acc=0.9462 | val_loss=0.1347 | val_acc=0.9507 | test_acc=0.9440 | fro=1.0000 | nuc=5.0477
[Epoch 013] train_ce=0.1423 | train_nuc=5.1031 | train_total=0.1918 | train_acc=0.9487 | val_loss=0.1515 | val_acc=0.9427 | test_acc=0.9432 | fro=1.0000 | nuc=5.1434
[Epoch 014] train_ce=0.1323 | train_nuc=5.1213 | train_total=0.1820 | train_acc=0.9528 | val_loss=0.1439 | val_acc=0.9437 | test_acc=0.9440 | fro=1.0000 | nuc=5.1117
[Epoch 015] train_ce=0.1363 | train_nuc=5.1616 | train_total=0.1864 | train_acc=0.9510 | val_loss=0.1140 | val_acc=0.9593 | test_acc=0.9574 | fro=1.0000 | nuc=5.3221
[Epoch 016] train_ce=0.1304 | train_nuc=5.1829 | train_total=0.1807 | train_acc=0.9525 | val_loss=0.1262 | val_acc=0.9577 | test_acc=0.9558 | fro=1.0000 | nuc=5.1716
[Epoch 017] train_ce=0.1302 | train_nuc=5.1366 | train_total=0.1800 | train_acc=0.9537 | val_loss=0.1187 | val_acc=0.9593 | test_acc=0.9544 | fro=1.0000 | nuc=5.1262
[Epoch 018] train_ce=0.1300 | train_nuc=5.1730 | train_total=0.1802 | train_acc=0.9523 | val_loss=0.1212 | val_acc=0.9570 | test_acc=0.9553 | fro=1.0000 | nuc=5.1404
[Epoch 019] train_ce=0.1202 | train_nuc=5.1888 | train_total=0.1705 | train_acc=0.9566 | val_loss=0.1136 | val_acc=0.9587 | test_acc=0.9612 | fro=1.0000 | nuc=5.3077
[Epoch 020] train_ce=0.1264 | train_nuc=5.1732 | train_total=0.1766 | train_acc=0.9538 | val_loss=0.1438 | val_acc=0.9400 | test_acc=0.9476 | fro=1.0000 | nuc=5.1923
[Epoch 021] train_ce=0.1357 | train_nuc=5.1606 | train_total=0.1857 | train_acc=0.9500 | val_loss=0.1562 | val_acc=0.9413 | test_acc=0.9424 | fro=1.0000 | nuc=5.2140
[Epoch 022] train_ce=0.1182 | train_nuc=5.1883 | train_total=0.1685 | train_acc=0.9585 | val_loss=0.1016 | val_acc=0.9673 | test_acc=0.9584 | fro=1.0000 | nuc=5.1998
[Epoch 023] train_ce=0.1186 | train_nuc=5.2164 | train_total=0.1692 | train_acc=0.9573 | val_loss=0.1345 | val_acc=0.9533 | test_acc=0.9503 | fro=1.0000 | nuc=5.1093
[Epoch 024] train_ce=0.1242 | train_nuc=5.2173 | train_total=0.1748 | train_acc=0.9545 | val_loss=0.1270 | val_acc=0.9600 | test_acc=0.9492 | fro=1.0000 | nuc=5.3204
[Epoch 025] train_ce=0.1267 | train_nuc=5.2228 | train_total=0.1774 | train_acc=0.9536 | val_loss=0.1054 | val_acc=0.9637 | test_acc=0.9569 | fro=1.0000 | nuc=5.2229
[Epoch 026] train_ce=0.1161 | train_nuc=5.2411 | train_total=0.1670 | train_acc=0.9584 | val_loss=0.1086 | val_acc=0.9627 | test_acc=0.9590 | fro=1.0000 | nuc=5.3658
[Epoch 027] train_ce=0.1190 | train_nuc=5.2155 | train_total=0.1696 | train_acc=0.9574 | val_loss=0.1042 | val_acc=0.9623 | test_acc=0.9672 | fro=1.0000 | nuc=5.0792
[Epoch 028] train_ce=0.1182 | train_nuc=5.0481 | train_total=0.1672 | train_acc=0.9582 | val_loss=0.1186 | val_acc=0.9550 | test_acc=0.9575 | fro=1.0000 | nuc=5.0402
[Epoch 029] train_ce=0.1076 | train_nuc=5.0956 | train_total=0.1571 | train_acc=0.9621 | val_loss=0.1288 | val_acc=0.9547 | test_acc=0.9550 | fro=1.0000 | nuc=5.1959
[Epoch 030] train_ce=0.1137 | train_nuc=5.1399 | train_total=0.1636 | train_acc=0.9598 | val_loss=0.0993 | val_acc=0.9630 | test_acc=0.9596 | fro=1.0000 | nuc=5.1616
[Epoch 031] train_ce=0.1143 | train_nuc=5.1436 | train_total=0.1642 | train_acc=0.9590 | val_loss=0.0981 | val_acc=0.9637 | test_acc=0.9636 | fro=1.0000 | nuc=5.1826
[Epoch 032] train_ce=0.1052 | train_nuc=5.1935 | train_total=0.1556 | train_acc=0.9624 | val_loss=0.1032 | val_acc=0.9640 | test_acc=0.9609 | fro=1.0000 | nuc=5.2204
[Epoch 033] train_ce=0.1104 | train_nuc=5.1958 | train_total=0.1608 | train_acc=0.9602 | val_loss=0.1105 | val_acc=0.9610 | test_acc=0.9584 | fro=1.0000 | nuc=5.2228
[Epoch 034] train_ce=0.1133 | train_nuc=5.2051 | train_total=0.1638 | train_acc=0.9586 | val_loss=0.0972 | val_acc=0.9670 | test_acc=0.9606 | fro=1.0000 | nuc=5.2560
[Epoch 035] train_ce=0.1080 | train_nuc=5.1647 | train_total=0.1581 | train_acc=0.9619 | val_loss=0.0929 | val_acc=0.9700 | test_acc=0.9628 | fro=1.0000 | nuc=5.2137
[Epoch 036] train_ce=0.1086 | train_nuc=5.1304 | train_total=0.1584 | train_acc=0.9606 | val_loss=0.0931 | val_acc=0.9670 | test_acc=0.9650 | fro=1.0000 | nuc=5.1558
[Epoch 037] train_ce=0.0998 | train_nuc=5.2072 | train_total=0.1503 | train_acc=0.9650 | val_loss=0.1072 | val_acc=0.9563 | test_acc=0.9544 | fro=1.0000 | nuc=5.1031
[Epoch 038] train_ce=0.1097 | train_nuc=5.1746 | train_total=0.1600 | train_acc=0.9607 | val_loss=0.0960 | val_acc=0.9680 | test_acc=0.9622 | fro=1.0000 | nuc=5.2046
[Epoch 039] train_ce=0.1162 | train_nuc=5.1745 | train_total=0.1664 | train_acc=0.9582 | val_loss=0.1066 | val_acc=0.9617 | test_acc=0.9628 | fro=1.0000 | nuc=5.2342
[Epoch 040] train_ce=0.1048 | train_nuc=5.1768 | train_total=0.1551 | train_acc=0.9635 | val_loss=0.0889 | val_acc=0.9707 | test_acc=0.9680 | fro=1.0000 | nuc=5.2713
[Epoch 041] train_ce=0.1021 | train_nuc=5.2154 | train_total=0.1527 | train_acc=0.9634 | val_loss=0.0974 | val_acc=0.9623 | test_acc=0.9635 | fro=1.0000 | nuc=5.0723
[Epoch 042] train_ce=0.1052 | train_nuc=5.2142 | train_total=0.1558 | train_acc=0.9621 | val_loss=0.0899 | val_acc=0.9710 | test_acc=0.9645 | fro=1.0000 | nuc=5.1039
[Epoch 043] train_ce=0.1043 | train_nuc=5.1949 | train_total=0.1547 | train_acc=0.9619 | val_loss=0.0896 | val_acc=0.9657 | test_acc=0.9671 | fro=1.0000 | nuc=5.2629
[Epoch 044] train_ce=0.1043 | train_nuc=5.1728 | train_total=0.1545 | train_acc=0.9625 | val_loss=0.1059 | val_acc=0.9640 | test_acc=0.9603 | fro=1.0000 | nuc=5.1891
[Epoch 045] train_ce=0.1012 | train_nuc=5.1866 | train_total=0.1516 | train_acc=0.9648 | val_loss=0.0876 | val_acc=0.9707 | test_acc=0.9649 | fro=1.0000 | nuc=5.1305
[Epoch 046] train_ce=0.0994 | train_nuc=5.2381 | train_total=0.1502 | train_acc=0.9640 | val_loss=0.1060 | val_acc=0.9623 | test_acc=0.9620 | fro=1.0000 | nuc=5.2039
[Epoch 047] train_ce=0.0981 | train_nuc=5.1817 | train_total=0.1484 | train_acc=0.9651 | val_loss=0.0904 | val_acc=0.9700 | test_acc=0.9674 | fro=1.0000 | nuc=5.1138
[Epoch 048] train_ce=0.1023 | train_nuc=5.1482 | train_total=0.1523 | train_acc=0.9639 | val_loss=0.1102 | val_acc=0.9610 | test_acc=0.9609 | fro=1.0000 | nuc=5.0534
[Epoch 049] train_ce=0.0994 | train_nuc=5.2202 | train_total=0.1501 | train_acc=0.9649 | val_loss=0.0980 | val_acc=0.9623 | test_acc=0.9601 | fro=1.0000 | nuc=5.1232
[Epoch 050] train_ce=0.1098 | train_nuc=5.1330 | train_total=0.1596 | train_acc=0.9608 | val_loss=0.1002 | val_acc=0.9670 | test_acc=0.9605 | fro=1.0000 | nuc=5.2296
[Epoch 051] train_ce=0.1139 | train_nuc=5.1673 | train_total=0.1641 | train_acc=0.9595 | val_loss=0.0942 | val_acc=0.9713 | test_acc=0.9609 | fro=1.0000 | nuc=5.1219
[Epoch 052] train_ce=0.1014 | train_nuc=5.0982 | train_total=0.1509 | train_acc=0.9638 | val_loss=0.0974 | val_acc=0.9643 | test_acc=0.9639 | fro=1.0000 | nuc=4.9259
[Epoch 053] train_ce=0.0985 | train_nuc=5.0847 | train_total=0.1478 | train_acc=0.9650 | val_loss=0.0830 | val_acc=0.9730 | test_acc=0.9698 | fro=1.0000 | nuc=5.0541
[Epoch 054] train_ce=0.0962 | train_nuc=5.1983 | train_total=0.1466 | train_acc=0.9658 | val_loss=0.0952 | val_acc=0.9707 | test_acc=0.9628 | fro=1.0000 | nuc=5.1798
[Epoch 055] train_ce=0.0956 | train_nuc=5.0851 | train_total=0.1449 | train_acc=0.9661 | val_loss=0.0892 | val_acc=0.9707 | test_acc=0.9648 | fro=1.0000 | nuc=5.0563
[Epoch 056] train_ce=0.0969 | train_nuc=5.0753 | train_total=0.1461 | train_acc=0.9657 | val_loss=0.0798 | val_acc=0.9753 | test_acc=0.9709 | fro=1.0000 | nuc=5.1294
[Epoch 057] train_ce=0.1040 | train_nuc=5.0851 | train_total=0.1534 | train_acc=0.9632 | val_loss=0.1020 | val_acc=0.9643 | test_acc=0.9622 | fro=1.0000 | nuc=4.9985
[Epoch 058] train_ce=0.1004 | train_nuc=5.1399 | train_total=0.1503 | train_acc=0.9639 | val_loss=0.1187 | val_acc=0.9507 | test_acc=0.9559 | fro=1.0000 | nuc=5.0528
[Epoch 059] train_ce=0.0943 | train_nuc=5.0856 | train_total=0.1437 | train_acc=0.9671 | val_loss=0.0974 | val_acc=0.9663 | test_acc=0.9628 | fro=1.0000 | nuc=4.8928
[Epoch 060] train_ce=0.0996 | train_nuc=5.0216 | train_total=0.1483 | train_acc=0.9645 | val_loss=0.1074 | val_acc=0.9603 | test_acc=0.9554 | fro=1.0000 | nuc=5.1482
[Epoch 061] train_ce=0.0945 | train_nuc=5.0477 | train_total=0.1435 | train_acc=0.9664 | val_loss=0.0968 | val_acc=0.9667 | test_acc=0.9665 | fro=1.0000 | nuc=4.9024
[Epoch 062] train_ce=0.0930 | train_nuc=4.9959 | train_total=0.1415 | train_acc=0.9673 | val_loss=0.0865 | val_acc=0.9723 | test_acc=0.9676 | fro=1.0000 | nuc=4.9089
[Epoch 063] train_ce=0.0965 | train_nuc=5.0704 | train_total=0.1457 | train_acc=0.9649 | val_loss=0.0857 | val_acc=0.9730 | test_acc=0.9671 | fro=1.0000 | nuc=5.1091
[Epoch 064] train_ce=0.1025 | train_nuc=5.1257 | train_total=0.1522 | train_acc=0.9638 | val_loss=0.0861 | val_acc=0.9717 | test_acc=0.9696 | fro=1.0000 | nuc=5.0930
[Epoch 065] train_ce=0.0945 | train_nuc=5.0941 | train_total=0.1440 | train_acc=0.9674 | val_loss=0.1150 | val_acc=0.9617 | test_acc=0.9541 | fro=1.0000 | nuc=5.0493
[Epoch 066] train_ce=0.0979 | train_nuc=5.0308 | train_total=0.1467 | train_acc=0.9658 | val_loss=0.0873 | val_acc=0.9707 | test_acc=0.9661 | fro=1.0000 | nuc=4.9802
Early stopping triggered at epoch 66. Best val_loss=0.079836 at epoch 56.
Done. alpha=0.00970345578465104 | best_val_loss=0.079836 | best_epoch=56

================================================================================
Training alpha=0.00970346, seed=1
================================================================================
Using device: cuda
[Experiment] model_one_layer_FC_alpha_0p00970345578465104
[Alpha] 0.00970345578465104
[Run dir] outputs/compressibility_adv_robustness/model_one_layer_FC_alpha_0p00970345578465104_seed_1
[Target Frobenius norm] 1.000000
[Early stopping patience] 10
[Epoch 001] train_ce=0.2644 | train_nuc=3.5779 | train_total=0.2991 | train_acc=0.8988 | val_loss=0.2062 | val_acc=0.9243 | test_acc=0.9302 | fro=1.0000 | nuc=3.3459
[Epoch 002] train_ce=0.1932 | train_nuc=3.7287 | train_total=0.2294 | train_acc=0.9289 | val_loss=0.1933 | val_acc=0.9297 | test_acc=0.9318 | fro=1.0000 | nuc=4.0759
[Epoch 003] train_ce=0.1721 | train_nuc=4.2441 | train_total=0.2133 | train_acc=0.9374 | val_loss=0.1690 | val_acc=0.9373 | test_acc=0.9420 | fro=1.0000 | nuc=4.4360
[Epoch 004] train_ce=0.1687 | train_nuc=4.6609 | train_total=0.2139 | train_acc=0.9380 | val_loss=0.1650 | val_acc=0.9373 | test_acc=0.9406 | fro=1.0000 | nuc=4.7023
[Epoch 005] train_ce=0.1630 | train_nuc=4.8630 | train_total=0.2102 | train_acc=0.9410 | val_loss=0.1673 | val_acc=0.9353 | test_acc=0.9385 | fro=1.0000 | nuc=4.9915
[Epoch 006] train_ce=0.1675 | train_nuc=4.9213 | train_total=0.2152 | train_acc=0.9377 | val_loss=0.1756 | val_acc=0.9397 | test_acc=0.9413 | fro=1.0000 | nuc=5.0431
[Epoch 007] train_ce=0.1629 | train_nuc=5.0126 | train_total=0.2116 | train_acc=0.9397 | val_loss=0.1489 | val_acc=0.9523 | test_acc=0.9497 | fro=1.0000 | nuc=5.1180
[Epoch 008] train_ce=0.1584 | train_nuc=5.0733 | train_total=0.2076 | train_acc=0.9414 | val_loss=0.1861 | val_acc=0.9260 | test_acc=0.9346 | fro=1.0000 | nuc=5.0201
[Epoch 009] train_ce=0.1496 | train_nuc=5.0543 | train_total=0.1987 | train_acc=0.9457 | val_loss=0.1589 | val_acc=0.9417 | test_acc=0.9450 | fro=1.0000 | nuc=5.1595
[Epoch 010] train_ce=0.1436 | train_nuc=5.2155 | train_total=0.1943 | train_acc=0.9483 | val_loss=0.1865 | val_acc=0.9310 | test_acc=0.9320 | fro=1.0000 | nuc=5.1885
[Epoch 011] train_ce=0.1449 | train_nuc=5.2338 | train_total=0.1957 | train_acc=0.9473 | val_loss=0.1514 | val_acc=0.9467 | test_acc=0.9467 | fro=1.0000 | nuc=5.2733
[Epoch 012] train_ce=0.1489 | train_nuc=5.1756 | train_total=0.1991 | train_acc=0.9449 | val_loss=0.2043 | val_acc=0.9247 | test_acc=0.9309 | fro=1.0000 | nuc=5.1384
[Epoch 013] train_ce=0.1442 | train_nuc=5.1475 | train_total=0.1942 | train_acc=0.9480 | val_loss=0.1482 | val_acc=0.9510 | test_acc=0.9499 | fro=1.0000 | nuc=5.2161
[Epoch 014] train_ce=0.1431 | train_nuc=5.1614 | train_total=0.1932 | train_acc=0.9479 | val_loss=0.1707 | val_acc=0.9303 | test_acc=0.9447 | fro=1.0000 | nuc=5.1481
[Epoch 015] train_ce=0.1393 | train_nuc=5.1108 | train_total=0.1889 | train_acc=0.9494 | val_loss=0.1484 | val_acc=0.9450 | test_acc=0.9500 | fro=1.0000 | nuc=5.0596
[Epoch 016] train_ce=0.1370 | train_nuc=5.1121 | train_total=0.1866 | train_acc=0.9504 | val_loss=0.1284 | val_acc=0.9547 | test_acc=0.9598 | fro=1.0000 | nuc=5.1066
[Epoch 017] train_ce=0.1275 | train_nuc=5.1321 | train_total=0.1773 | train_acc=0.9549 | val_loss=0.1226 | val_acc=0.9560 | test_acc=0.9602 | fro=1.0000 | nuc=5.2106
[Epoch 018] train_ce=0.1339 | train_nuc=5.1982 | train_total=0.1843 | train_acc=0.9513 | val_loss=0.1506 | val_acc=0.9400 | test_acc=0.9500 | fro=1.0000 | nuc=5.2223
[Epoch 019] train_ce=0.1213 | train_nuc=5.2039 | train_total=0.1718 | train_acc=0.9559 | val_loss=0.1668 | val_acc=0.9340 | test_acc=0.9475 | fro=1.0000 | nuc=5.1245
[Epoch 020] train_ce=0.1318 | train_nuc=5.2482 | train_total=0.1827 | train_acc=0.9520 | val_loss=0.1581 | val_acc=0.9430 | test_acc=0.9474 | fro=1.0000 | nuc=5.1806
[Epoch 021] train_ce=0.1205 | train_nuc=5.2059 | train_total=0.1710 | train_acc=0.9576 | val_loss=0.1339 | val_acc=0.9517 | test_acc=0.9558 | fro=1.0000 | nuc=5.3198
[Epoch 022] train_ce=0.1284 | train_nuc=5.2420 | train_total=0.1792 | train_acc=0.9529 | val_loss=0.1441 | val_acc=0.9440 | test_acc=0.9489 | fro=1.0000 | nuc=5.1965
[Epoch 023] train_ce=0.1332 | train_nuc=5.1120 | train_total=0.1828 | train_acc=0.9521 | val_loss=0.1226 | val_acc=0.9590 | test_acc=0.9587 | fro=1.0000 | nuc=5.1023
[Epoch 024] train_ce=0.1209 | train_nuc=5.1749 | train_total=0.1711 | train_acc=0.9563 | val_loss=0.1940 | val_acc=0.9277 | test_acc=0.9301 | fro=1.0000 | nuc=5.1749
[Epoch 025] train_ce=0.1155 | train_nuc=5.1742 | train_total=0.1657 | train_acc=0.9587 | val_loss=0.1162 | val_acc=0.9610 | test_acc=0.9579 | fro=1.0000 | nuc=5.2750
[Epoch 026] train_ce=0.1203 | train_nuc=5.1786 | train_total=0.1706 | train_acc=0.9572 | val_loss=0.1204 | val_acc=0.9583 | test_acc=0.9619 | fro=1.0000 | nuc=5.1427
[Epoch 027] train_ce=0.1114 | train_nuc=5.1647 | train_total=0.1615 | train_acc=0.9606 | val_loss=0.1156 | val_acc=0.9603 | test_acc=0.9618 | fro=1.0000 | nuc=5.1557
[Epoch 028] train_ce=0.1135 | train_nuc=5.1640 | train_total=0.1636 | train_acc=0.9594 | val_loss=0.1261 | val_acc=0.9553 | test_acc=0.9571 | fro=1.0000 | nuc=5.1030
[Epoch 029] train_ce=0.1218 | train_nuc=5.2168 | train_total=0.1724 | train_acc=0.9567 | val_loss=0.1334 | val_acc=0.9487 | test_acc=0.9546 | fro=1.0000 | nuc=5.1593
[Epoch 030] train_ce=0.1162 | train_nuc=5.2576 | train_total=0.1672 | train_acc=0.9578 | val_loss=0.1178 | val_acc=0.9603 | test_acc=0.9627 | fro=1.0000 | nuc=5.1585
[Epoch 031] train_ce=0.1212 | train_nuc=5.1461 | train_total=0.1711 | train_acc=0.9563 | val_loss=0.1896 | val_acc=0.9303 | test_acc=0.9364 | fro=1.0000 | nuc=5.1757
[Epoch 032] train_ce=0.1113 | train_nuc=5.1679 | train_total=0.1614 | train_acc=0.9597 | val_loss=0.1193 | val_acc=0.9583 | test_acc=0.9627 | fro=1.0000 | nuc=5.2402
[Epoch 033] train_ce=0.1084 | train_nuc=5.1115 | train_total=0.1580 | train_acc=0.9610 | val_loss=0.1098 | val_acc=0.9593 | test_acc=0.9639 | fro=1.0000 | nuc=5.2155
[Epoch 034] train_ce=0.1069 | train_nuc=5.1641 | train_total=0.1570 | train_acc=0.9616 | val_loss=0.1255 | val_acc=0.9573 | test_acc=0.9583 | fro=1.0000 | nuc=5.2181
[Epoch 035] train_ce=0.1077 | train_nuc=5.2194 | train_total=0.1583 | train_acc=0.9617 | val_loss=0.1082 | val_acc=0.9600 | test_acc=0.9660 | fro=1.0000 | nuc=5.3899
[Epoch 036] train_ce=0.1103 | train_nuc=5.2867 | train_total=0.1616 | train_acc=0.9605 | val_loss=0.1083 | val_acc=0.9610 | test_acc=0.9653 | fro=1.0000 | nuc=5.2815
[Epoch 037] train_ce=0.1066 | train_nuc=5.1835 | train_total=0.1569 | train_acc=0.9625 | val_loss=0.1473 | val_acc=0.9513 | test_acc=0.9529 | fro=1.0000 | nuc=5.1267
[Epoch 038] train_ce=0.1042 | train_nuc=5.2139 | train_total=0.1547 | train_acc=0.9631 | val_loss=0.1167 | val_acc=0.9557 | test_acc=0.9596 | fro=1.0000 | nuc=5.2838
[Epoch 039] train_ce=0.1100 | train_nuc=5.2166 | train_total=0.1607 | train_acc=0.9605 | val_loss=0.1048 | val_acc=0.9650 | test_acc=0.9676 | fro=1.0000 | nuc=5.1796
[Epoch 040] train_ce=0.1032 | train_nuc=5.0987 | train_total=0.1526 | train_acc=0.9632 | val_loss=0.1081 | val_acc=0.9630 | test_acc=0.9676 | fro=1.0000 | nuc=5.0098
[Epoch 041] train_ce=0.1045 | train_nuc=5.2029 | train_total=0.1550 | train_acc=0.9626 | val_loss=0.1206 | val_acc=0.9570 | test_acc=0.9617 | fro=1.0000 | nuc=5.2627
[Epoch 042] train_ce=0.1050 | train_nuc=5.1435 | train_total=0.1549 | train_acc=0.9625 | val_loss=0.1077 | val_acc=0.9623 | test_acc=0.9680 | fro=1.0000 | nuc=5.2239
[Epoch 043] train_ce=0.1011 | train_nuc=5.1056 | train_total=0.1506 | train_acc=0.9644 | val_loss=0.1335 | val_acc=0.9540 | test_acc=0.9602 | fro=1.0000 | nuc=5.1511
[Epoch 044] train_ce=0.1065 | train_nuc=5.2775 | train_total=0.1577 | train_acc=0.9624 | val_loss=0.1472 | val_acc=0.9467 | test_acc=0.9529 | fro=1.0000 | nuc=5.1243
[Epoch 045] train_ce=0.1045 | train_nuc=5.1036 | train_total=0.1540 | train_acc=0.9627 | val_loss=0.1020 | val_acc=0.9617 | test_acc=0.9634 | fro=1.0000 | nuc=5.2987
[Epoch 046] train_ce=0.0968 | train_nuc=5.2420 | train_total=0.1477 | train_acc=0.9656 | val_loss=0.1011 | val_acc=0.9650 | test_acc=0.9702 | fro=1.0000 | nuc=5.2809
[Epoch 047] train_ce=0.1021 | train_nuc=5.1798 | train_total=0.1523 | train_acc=0.9638 | val_loss=0.1216 | val_acc=0.9517 | test_acc=0.9521 | fro=1.0000 | nuc=4.9884
[Epoch 048] train_ce=0.0943 | train_nuc=5.1846 | train_total=0.1446 | train_acc=0.9671 | val_loss=0.1130 | val_acc=0.9613 | test_acc=0.9641 | fro=1.0000 | nuc=5.3208
[Epoch 049] train_ce=0.0966 | train_nuc=5.1923 | train_total=0.1470 | train_acc=0.9665 | val_loss=0.1276 | val_acc=0.9550 | test_acc=0.9587 | fro=1.0000 | nuc=5.0974
[Epoch 050] train_ce=0.1046 | train_nuc=5.1695 | train_total=0.1547 | train_acc=0.9620 | val_loss=0.1253 | val_acc=0.9583 | test_acc=0.9627 | fro=1.0000 | nuc=5.2074
[Epoch 051] train_ce=0.0996 | train_nuc=5.2340 | train_total=0.1504 | train_acc=0.9643 | val_loss=0.1114 | val_acc=0.9613 | test_acc=0.9614 | fro=1.0000 | nuc=5.3070
[Epoch 052] train_ce=0.0969 | train_nuc=5.2098 | train_total=0.1475 | train_acc=0.9652 | val_loss=0.1237 | val_acc=0.9537 | test_acc=0.9615 | fro=1.0000 | nuc=5.2579
[Epoch 053] train_ce=0.0971 | train_nuc=5.2772 | train_total=0.1483 | train_acc=0.9654 | val_loss=0.1268 | val_acc=0.9573 | test_acc=0.9619 | fro=1.0000 | nuc=5.2450
[Epoch 054] train_ce=0.0939 | train_nuc=5.1761 | train_total=0.1442 | train_acc=0.9669 | val_loss=0.1094 | val_acc=0.9633 | test_acc=0.9592 | fro=1.0000 | nuc=5.1220
[Epoch 055] train_ce=0.0962 | train_nuc=5.1720 | train_total=0.1464 | train_acc=0.9666 | val_loss=0.1258 | val_acc=0.9523 | test_acc=0.9557 | fro=1.0000 | nuc=5.1707
[Epoch 056] train_ce=0.0995 | train_nuc=5.1353 | train_total=0.1494 | train_acc=0.9641 | val_loss=0.1285 | val_acc=0.9507 | test_acc=0.9591 | fro=1.0000 | nuc=5.1017
Early stopping triggered at epoch 56. Best val_loss=0.101107 at epoch 46.
Done. alpha=0.00970345578465104 | best_val_loss=0.101107 | best_epoch=46

================================================================================
Training alpha=0.00970346, seed=2
================================================================================
Using device: cuda
[Experiment] model_one_layer_FC_alpha_0p00970345578465104
[Alpha] 0.00970345578465104
[Run dir] outputs/compressibility_adv_robustness/model_one_layer_FC_alpha_0p00970345578465104_seed_2
[Target Frobenius norm] 1.000000
[Early stopping patience] 10
[Epoch 001] train_ce=0.2651 | train_nuc=3.5606 | train_total=0.2996 | train_acc=0.9009 | val_loss=0.1852 | val_acc=0.9337 | test_acc=0.9305 | fro=1.0000 | nuc=3.4550
[Epoch 002] train_ce=0.1918 | train_nuc=3.6949 | train_total=0.2277 | train_acc=0.9310 | val_loss=0.1614 | val_acc=0.9440 | test_acc=0.9411 | fro=1.0000 | nuc=3.9329
[Epoch 003] train_ce=0.1843 | train_nuc=4.2105 | train_total=0.2251 | train_acc=0.9316 | val_loss=0.1919 | val_acc=0.9290 | test_acc=0.9256 | fro=1.0000 | nuc=4.4637
[Epoch 004] train_ce=0.1741 | train_nuc=4.4834 | train_total=0.2176 | train_acc=0.9366 | val_loss=0.1488 | val_acc=0.9487 | test_acc=0.9465 | fro=1.0000 | nuc=4.6445
[Epoch 005] train_ce=0.1674 | train_nuc=4.7314 | train_total=0.2133 | train_acc=0.9396 | val_loss=0.1392 | val_acc=0.9543 | test_acc=0.9467 | fro=1.0000 | nuc=4.8098
[Epoch 006] train_ce=0.1593 | train_nuc=4.9156 | train_total=0.2070 | train_acc=0.9425 | val_loss=0.1256 | val_acc=0.9560 | test_acc=0.9549 | fro=1.0000 | nuc=4.9312
[Epoch 007] train_ce=0.1528 | train_nuc=5.0435 | train_total=0.2018 | train_acc=0.9443 | val_loss=0.1405 | val_acc=0.9533 | test_acc=0.9505 | fro=1.0000 | nuc=5.0689
[Epoch 008] train_ce=0.1532 | train_nuc=5.1283 | train_total=0.2030 | train_acc=0.9452 | val_loss=0.1357 | val_acc=0.9543 | test_acc=0.9463 | fro=1.0000 | nuc=5.1306
[Epoch 009] train_ce=0.1570 | train_nuc=5.0962 | train_total=0.2065 | train_acc=0.9432 | val_loss=0.1295 | val_acc=0.9557 | test_acc=0.9541 | fro=1.0000 | nuc=5.1247
[Epoch 010] train_ce=0.1495 | train_nuc=5.0746 | train_total=0.1988 | train_acc=0.9453 | val_loss=0.1883 | val_acc=0.9263 | test_acc=0.9239 | fro=1.0000 | nuc=5.1174
[Epoch 011] train_ce=0.1455 | train_nuc=5.1376 | train_total=0.1954 | train_acc=0.9471 | val_loss=0.1320 | val_acc=0.9563 | test_acc=0.9505 | fro=1.0000 | nuc=5.2083
[Epoch 012] train_ce=0.1466 | train_nuc=5.1314 | train_total=0.1964 | train_acc=0.9466 | val_loss=0.1203 | val_acc=0.9563 | test_acc=0.9564 | fro=1.0000 | nuc=5.2252
[Epoch 013] train_ce=0.1419 | train_nuc=5.1454 | train_total=0.1919 | train_acc=0.9491 | val_loss=0.1105 | val_acc=0.9597 | test_acc=0.9567 | fro=1.0000 | nuc=5.0483
[Epoch 014] train_ce=0.1408 | train_nuc=5.1089 | train_total=0.1904 | train_acc=0.9496 | val_loss=0.1421 | val_acc=0.9507 | test_acc=0.9436 | fro=1.0000 | nuc=5.0957
[Epoch 015] train_ce=0.1371 | train_nuc=5.1134 | train_total=0.1867 | train_acc=0.9498 | val_loss=0.1648 | val_acc=0.9340 | test_acc=0.9377 | fro=1.0000 | nuc=5.1334
[Epoch 016] train_ce=0.1303 | train_nuc=5.1032 | train_total=0.1798 | train_acc=0.9528 | val_loss=0.1090 | val_acc=0.9597 | test_acc=0.9605 | fro=1.0000 | nuc=5.2130
[Epoch 017] train_ce=0.1340 | train_nuc=5.1299 | train_total=0.1838 | train_acc=0.9519 | val_loss=0.1309 | val_acc=0.9517 | test_acc=0.9477 | fro=1.0000 | nuc=5.1835
[Epoch 018] train_ce=0.1276 | train_nuc=5.2087 | train_total=0.1781 | train_acc=0.9539 | val_loss=0.1269 | val_acc=0.9500 | test_acc=0.9476 | fro=1.0000 | nuc=5.1797
[Epoch 019] train_ce=0.1280 | train_nuc=5.1854 | train_total=0.1783 | train_acc=0.9537 | val_loss=0.1179 | val_acc=0.9560 | test_acc=0.9531 | fro=1.0000 | nuc=5.1558
[Epoch 020] train_ce=0.1248 | train_nuc=5.2382 | train_total=0.1756 | train_acc=0.9552 | val_loss=0.1091 | val_acc=0.9633 | test_acc=0.9587 | fro=1.0000 | nuc=5.2281
[Epoch 021] train_ce=0.1350 | train_nuc=5.1851 | train_total=0.1853 | train_acc=0.9512 | val_loss=0.1202 | val_acc=0.9553 | test_acc=0.9552 | fro=1.0000 | nuc=5.2503
[Epoch 022] train_ce=0.1239 | train_nuc=5.2701 | train_total=0.1751 | train_acc=0.9557 | val_loss=0.1164 | val_acc=0.9527 | test_acc=0.9545 | fro=1.0000 | nuc=5.1430
[Epoch 023] train_ce=0.1275 | train_nuc=5.2022 | train_total=0.1780 | train_acc=0.9540 | val_loss=0.1235 | val_acc=0.9553 | test_acc=0.9549 | fro=1.0000 | nuc=5.1959
[Epoch 024] train_ce=0.1220 | train_nuc=5.1967 | train_total=0.1724 | train_acc=0.9567 | val_loss=0.1283 | val_acc=0.9547 | test_acc=0.9496 | fro=1.0000 | nuc=5.2279
[Epoch 025] train_ce=0.1250 | train_nuc=5.2035 | train_total=0.1755 | train_acc=0.9559 | val_loss=0.0966 | val_acc=0.9687 | test_acc=0.9630 | fro=1.0000 | nuc=5.2380
[Epoch 026] train_ce=0.1141 | train_nuc=5.3210 | train_total=0.1658 | train_acc=0.9595 | val_loss=0.0836 | val_acc=0.9700 | test_acc=0.9663 | fro=1.0000 | nuc=5.3385
[Epoch 027] train_ce=0.1126 | train_nuc=5.2781 | train_total=0.1638 | train_acc=0.9603 | val_loss=0.1099 | val_acc=0.9617 | test_acc=0.9634 | fro=1.0000 | nuc=5.2921
[Epoch 028] train_ce=0.1140 | train_nuc=5.2930 | train_total=0.1653 | train_acc=0.9600 | val_loss=0.0910 | val_acc=0.9667 | test_acc=0.9627 | fro=1.0000 | nuc=5.2809
[Epoch 029] train_ce=0.1212 | train_nuc=5.2024 | train_total=0.1717 | train_acc=0.9576 | val_loss=0.1103 | val_acc=0.9610 | test_acc=0.9588 | fro=1.0000 | nuc=5.3249
[Epoch 030] train_ce=0.1194 | train_nuc=5.2613 | train_total=0.1705 | train_acc=0.9579 | val_loss=0.1066 | val_acc=0.9613 | test_acc=0.9562 | fro=1.0000 | nuc=5.3742
[Epoch 031] train_ce=0.1148 | train_nuc=5.2682 | train_total=0.1659 | train_acc=0.9587 | val_loss=0.1062 | val_acc=0.9603 | test_acc=0.9613 | fro=1.0000 | nuc=5.0391
[Epoch 032] train_ce=0.1112 | train_nuc=5.1908 | train_total=0.1616 | train_acc=0.9603 | val_loss=0.1086 | val_acc=0.9640 | test_acc=0.9641 | fro=1.0000 | nuc=5.1555
[Epoch 033] train_ce=0.1148 | train_nuc=5.1982 | train_total=0.1652 | train_acc=0.9589 | val_loss=0.1084 | val_acc=0.9597 | test_acc=0.9544 | fro=1.0000 | nuc=5.2846
[Epoch 034] train_ce=0.1065 | train_nuc=5.2260 | train_total=0.1572 | train_acc=0.9622 | val_loss=0.0950 | val_acc=0.9667 | test_acc=0.9627 | fro=1.0000 | nuc=5.0986
[Epoch 035] train_ce=0.1042 | train_nuc=5.2551 | train_total=0.1552 | train_acc=0.9629 | val_loss=0.0830 | val_acc=0.9747 | test_acc=0.9699 | fro=1.0000 | nuc=5.1772
[Epoch 036] train_ce=0.1103 | train_nuc=5.1424 | train_total=0.1602 | train_acc=0.9608 | val_loss=0.1405 | val_acc=0.9480 | test_acc=0.9482 | fro=1.0000 | nuc=4.9922
[Epoch 037] train_ce=0.1061 | train_nuc=5.1442 | train_total=0.1560 | train_acc=0.9630 | val_loss=0.0978 | val_acc=0.9630 | test_acc=0.9642 | fro=1.0000 | nuc=5.0910
[Epoch 038] train_ce=0.1126 | train_nuc=5.1640 | train_total=0.1627 | train_acc=0.9597 | val_loss=0.1038 | val_acc=0.9627 | test_acc=0.9569 | fro=1.0000 | nuc=5.2364
[Epoch 039] train_ce=0.1051 | train_nuc=5.2104 | train_total=0.1557 | train_acc=0.9627 | val_loss=0.1105 | val_acc=0.9613 | test_acc=0.9533 | fro=1.0000 | nuc=5.3499
[Epoch 040] train_ce=0.1097 | train_nuc=5.1749 | train_total=0.1599 | train_acc=0.9607 | val_loss=0.0834 | val_acc=0.9697 | test_acc=0.9678 | fro=1.0000 | nuc=5.1423
[Epoch 041] train_ce=0.0987 | train_nuc=5.1152 | train_total=0.1483 | train_acc=0.9653 | val_loss=0.0817 | val_acc=0.9723 | test_acc=0.9666 | fro=1.0000 | nuc=5.2733
[Epoch 042] train_ce=0.1013 | train_nuc=5.1817 | train_total=0.1515 | train_acc=0.9645 | val_loss=0.0861 | val_acc=0.9717 | test_acc=0.9651 | fro=1.0000 | nuc=5.0842
[Epoch 043] train_ce=0.1080 | train_nuc=5.1280 | train_total=0.1577 | train_acc=0.9613 | val_loss=0.0951 | val_acc=0.9633 | test_acc=0.9605 | fro=1.0000 | nuc=5.1766
[Epoch 044] train_ce=0.1128 | train_nuc=5.1996 | train_total=0.1632 | train_acc=0.9593 | val_loss=0.0993 | val_acc=0.9630 | test_acc=0.9619 | fro=1.0000 | nuc=5.3099
[Epoch 045] train_ce=0.1063 | train_nuc=5.1729 | train_total=0.1565 | train_acc=0.9623 | val_loss=0.1069 | val_acc=0.9593 | test_acc=0.9546 | fro=1.0000 | nuc=5.1415
[Epoch 046] train_ce=0.0986 | train_nuc=5.1699 | train_total=0.1488 | train_acc=0.9657 | val_loss=0.0793 | val_acc=0.9753 | test_acc=0.9696 | fro=1.0000 | nuc=5.2667
[Epoch 047] train_ce=0.1034 | train_nuc=5.2112 | train_total=0.1539 | train_acc=0.9627 | val_loss=0.0985 | val_acc=0.9670 | test_acc=0.9598 | fro=1.0000 | nuc=5.2270
[Epoch 048] train_ce=0.1028 | train_nuc=5.2409 | train_total=0.1536 | train_acc=0.9638 | val_loss=0.0930 | val_acc=0.9680 | test_acc=0.9625 | fro=1.0000 | nuc=5.3232
[Epoch 049] train_ce=0.0977 | train_nuc=5.2612 | train_total=0.1487 | train_acc=0.9654 | val_loss=0.0747 | val_acc=0.9750 | test_acc=0.9697 | fro=1.0000 | nuc=5.2492
[Epoch 050] train_ce=0.0987 | train_nuc=5.2502 | train_total=0.1496 | train_acc=0.9652 | val_loss=0.0747 | val_acc=0.9737 | test_acc=0.9708 | fro=1.0000 | nuc=5.2999
[Epoch 051] train_ce=0.0997 | train_nuc=5.2510 | train_total=0.1507 | train_acc=0.9646 | val_loss=0.0827 | val_acc=0.9693 | test_acc=0.9654 | fro=1.0000 | nuc=5.2400
[Epoch 052] train_ce=0.1073 | train_nuc=5.2460 | train_total=0.1582 | train_acc=0.9611 | val_loss=0.0885 | val_acc=0.9703 | test_acc=0.9687 | fro=1.0000 | nuc=5.2250
[Epoch 053] train_ce=0.1029 | train_nuc=5.2653 | train_total=0.1539 | train_acc=0.9632 | val_loss=0.1052 | val_acc=0.9643 | test_acc=0.9631 | fro=1.0000 | nuc=5.0541
[Epoch 054] train_ce=0.1088 | train_nuc=5.2410 | train_total=0.1596 | train_acc=0.9611 | val_loss=0.1010 | val_acc=0.9657 | test_acc=0.9618 | fro=1.0000 | nuc=5.2637
[Epoch 055] train_ce=0.1064 | train_nuc=5.2003 | train_total=0.1568 | train_acc=0.9619 | val_loss=0.0833 | val_acc=0.9703 | test_acc=0.9696 | fro=1.0000 | nuc=5.0727
[Epoch 056] train_ce=0.0958 | train_nuc=5.2089 | train_total=0.1463 | train_acc=0.9665 | val_loss=0.0804 | val_acc=0.9713 | test_acc=0.9683 | fro=1.0000 | nuc=5.1220
[Epoch 057] train_ce=0.0995 | train_nuc=5.2116 | train_total=0.1500 | train_acc=0.9644 | val_loss=0.0926 | val_acc=0.9700 | test_acc=0.9646 | fro=1.0000 | nuc=5.0217
[Epoch 058] train_ce=0.0960 | train_nuc=5.1680 | train_total=0.1462 | train_acc=0.9656 | val_loss=0.0873 | val_acc=0.9700 | test_acc=0.9676 | fro=1.0000 | nuc=5.1633
[Epoch 059] train_ce=0.0924 | train_nuc=5.1914 | train_total=0.1428 | train_acc=0.9662 | val_loss=0.0841 | val_acc=0.9703 | test_acc=0.9695 | fro=1.0000 | nuc=5.2856
Early stopping triggered at epoch 59. Best val_loss=0.074742 at epoch 49.
Done. alpha=0.00970345578465104 | best_val_loss=0.074742 | best_epoch=49

================================================================================
Training alpha=0.00970346, seed=3
================================================================================
Using device: cuda
[Experiment] model_one_layer_FC_alpha_0p00970345578465104
[Alpha] 0.00970345578465104
[Run dir] outputs/compressibility_adv_robustness/model_one_layer_FC_alpha_0p00970345578465104_seed_3
[Target Frobenius norm] 1.000000
[Early stopping patience] 10
[Epoch 001] train_ce=0.2681 | train_nuc=3.6600 | train_total=0.3037 | train_acc=0.8965 | val_loss=0.2110 | val_acc=0.9233 | test_acc=0.9317 | fro=1.0000 | nuc=3.4539
[Epoch 002] train_ce=0.1918 | train_nuc=3.7757 | train_total=0.2284 | train_acc=0.9303 | val_loss=0.1733 | val_acc=0.9443 | test_acc=0.9413 | fro=1.0000 | nuc=4.0182
[Epoch 003] train_ce=0.1822 | train_nuc=4.2918 | train_total=0.2238 | train_acc=0.9331 | val_loss=0.1480 | val_acc=0.9487 | test_acc=0.9487 | fro=1.0000 | nuc=4.4322
[Epoch 004] train_ce=0.1669 | train_nuc=4.6340 | train_total=0.2119 | train_acc=0.9391 | val_loss=0.1719 | val_acc=0.9400 | test_acc=0.9378 | fro=1.0000 | nuc=4.8152
[Epoch 005] train_ce=0.1657 | train_nuc=4.8767 | train_total=0.2131 | train_acc=0.9389 | val_loss=0.1417 | val_acc=0.9513 | test_acc=0.9522 | fro=1.0000 | nuc=4.9419
[Epoch 006] train_ce=0.1595 | train_nuc=4.9804 | train_total=0.2079 | train_acc=0.9413 | val_loss=0.1637 | val_acc=0.9383 | test_acc=0.9433 | fro=1.0000 | nuc=4.9926
[Epoch 007] train_ce=0.1591 | train_nuc=5.0605 | train_total=0.2082 | train_acc=0.9404 | val_loss=0.1494 | val_acc=0.9480 | test_acc=0.9451 | fro=1.0000 | nuc=5.1002
[Epoch 008] train_ce=0.1588 | train_nuc=5.1200 | train_total=0.2085 | train_acc=0.9419 | val_loss=0.1613 | val_acc=0.9487 | test_acc=0.9486 | fro=1.0000 | nuc=5.0635
[Epoch 009] train_ce=0.1510 | train_nuc=5.1338 | train_total=0.2008 | train_acc=0.9451 | val_loss=0.1364 | val_acc=0.9497 | test_acc=0.9538 | fro=1.0000 | nuc=5.1112
[Epoch 010] train_ce=0.1461 | train_nuc=5.1113 | train_total=0.1957 | train_acc=0.9472 | val_loss=0.1536 | val_acc=0.9473 | test_acc=0.9461 | fro=1.0000 | nuc=5.1932
[Epoch 011] train_ce=0.1434 | train_nuc=5.1833 | train_total=0.1937 | train_acc=0.9479 | val_loss=0.1563 | val_acc=0.9417 | test_acc=0.9458 | fro=1.0000 | nuc=5.2153
[Epoch 012] train_ce=0.1401 | train_nuc=5.1614 | train_total=0.1902 | train_acc=0.9496 | val_loss=0.1290 | val_acc=0.9527 | test_acc=0.9545 | fro=1.0000 | nuc=5.1786
[Epoch 013] train_ce=0.1418 | train_nuc=5.2037 | train_total=0.1923 | train_acc=0.9485 | val_loss=0.1569 | val_acc=0.9413 | test_acc=0.9451 | fro=1.0000 | nuc=5.2105
[Epoch 014] train_ce=0.1385 | train_nuc=5.1858 | train_total=0.1888 | train_acc=0.9494 | val_loss=0.1547 | val_acc=0.9457 | test_acc=0.9489 | fro=1.0000 | nuc=5.1736
[Epoch 015] train_ce=0.1332 | train_nuc=5.1509 | train_total=0.1832 | train_acc=0.9517 | val_loss=0.1494 | val_acc=0.9443 | test_acc=0.9435 | fro=1.0000 | nuc=5.1442
[Epoch 016] train_ce=0.1384 | train_nuc=5.1678 | train_total=0.1885 | train_acc=0.9491 | val_loss=0.1344 | val_acc=0.9533 | test_acc=0.9529 | fro=1.0000 | nuc=5.1736
[Epoch 017] train_ce=0.1316 | train_nuc=5.1827 | train_total=0.1819 | train_acc=0.9531 | val_loss=0.1316 | val_acc=0.9553 | test_acc=0.9588 | fro=1.0000 | nuc=5.2163
[Epoch 018] train_ce=0.1293 | train_nuc=5.1776 | train_total=0.1795 | train_acc=0.9541 | val_loss=0.1579 | val_acc=0.9430 | test_acc=0.9431 | fro=1.0000 | nuc=5.1288
[Epoch 019] train_ce=0.1332 | train_nuc=5.0844 | train_total=0.1825 | train_acc=0.9521 | val_loss=0.1374 | val_acc=0.9523 | test_acc=0.9541 | fro=1.0000 | nuc=5.1883
[Epoch 020] train_ce=0.1280 | train_nuc=5.1057 | train_total=0.1776 | train_acc=0.9533 | val_loss=0.1402 | val_acc=0.9507 | test_acc=0.9543 | fro=1.0000 | nuc=5.1268
[Epoch 021] train_ce=0.1265 | train_nuc=5.1364 | train_total=0.1763 | train_acc=0.9544 | val_loss=0.1328 | val_acc=0.9537 | test_acc=0.9528 | fro=1.0000 | nuc=5.1577
[Epoch 022] train_ce=0.1214 | train_nuc=5.1553 | train_total=0.1714 | train_acc=0.9565 | val_loss=0.1249 | val_acc=0.9563 | test_acc=0.9630 | fro=1.0000 | nuc=5.0017
[Epoch 023] train_ce=0.1151 | train_nuc=5.1393 | train_total=0.1649 | train_acc=0.9589 | val_loss=0.1131 | val_acc=0.9587 | test_acc=0.9577 | fro=1.0000 | nuc=5.0884
[Epoch 024] train_ce=0.1241 | train_nuc=5.1371 | train_total=0.1739 | train_acc=0.9556 | val_loss=0.1428 | val_acc=0.9453 | test_acc=0.9488 | fro=1.0000 | nuc=4.9753
[Epoch 025] train_ce=0.1243 | train_nuc=5.0777 | train_total=0.1736 | train_acc=0.9561 | val_loss=0.1124 | val_acc=0.9603 | test_acc=0.9580 | fro=1.0000 | nuc=5.0471
[Epoch 026] train_ce=0.1198 | train_nuc=5.0998 | train_total=0.1693 | train_acc=0.9569 | val_loss=0.1069 | val_acc=0.9647 | test_acc=0.9632 | fro=1.0000 | nuc=5.0985
[Epoch 027] train_ce=0.1142 | train_nuc=5.1936 | train_total=0.1646 | train_acc=0.9585 | val_loss=0.1169 | val_acc=0.9593 | test_acc=0.9609 | fro=1.0000 | nuc=5.0525
[Epoch 028] train_ce=0.1132 | train_nuc=5.1152 | train_total=0.1628 | train_acc=0.9598 | val_loss=0.1423 | val_acc=0.9493 | test_acc=0.9467 | fro=1.0000 | nuc=5.1680
[Epoch 029] train_ce=0.1199 | train_nuc=5.1829 | train_total=0.1702 | train_acc=0.9576 | val_loss=0.1427 | val_acc=0.9530 | test_acc=0.9488 | fro=1.0000 | nuc=5.1591
[Epoch 030] train_ce=0.1210 | train_nuc=5.1299 | train_total=0.1707 | train_acc=0.9565 | val_loss=0.1048 | val_acc=0.9673 | test_acc=0.9663 | fro=1.0000 | nuc=5.1805
[Epoch 031] train_ce=0.1174 | train_nuc=5.2630 | train_total=0.1685 | train_acc=0.9575 | val_loss=0.1245 | val_acc=0.9627 | test_acc=0.9566 | fro=1.0000 | nuc=5.3780
[Epoch 032] train_ce=0.1124 | train_nuc=5.2186 | train_total=0.1630 | train_acc=0.9592 | val_loss=0.1320 | val_acc=0.9513 | test_acc=0.9528 | fro=1.0000 | nuc=5.1958
[Epoch 033] train_ce=0.1100 | train_nuc=5.2755 | train_total=0.1612 | train_acc=0.9608 | val_loss=0.1126 | val_acc=0.9617 | test_acc=0.9603 | fro=1.0000 | nuc=5.2744
[Epoch 034] train_ce=0.1088 | train_nuc=5.2585 | train_total=0.1598 | train_acc=0.9606 | val_loss=0.1123 | val_acc=0.9667 | test_acc=0.9638 | fro=1.0000 | nuc=5.2145
[Epoch 035] train_ce=0.1084 | train_nuc=5.2641 | train_total=0.1595 | train_acc=0.9613 | val_loss=0.1130 | val_acc=0.9587 | test_acc=0.9630 | fro=1.0000 | nuc=5.1860
[Epoch 036] train_ce=0.1074 | train_nuc=5.2641 | train_total=0.1585 | train_acc=0.9620 | val_loss=0.1198 | val_acc=0.9607 | test_acc=0.9592 | fro=1.0000 | nuc=5.2247
[Epoch 037] train_ce=0.1095 | train_nuc=5.3046 | train_total=0.1609 | train_acc=0.9605 | val_loss=0.1008 | val_acc=0.9667 | test_acc=0.9667 | fro=1.0000 | nuc=5.2196
[Epoch 038] train_ce=0.1145 | train_nuc=5.1402 | train_total=0.1644 | train_acc=0.9592 | val_loss=0.1363 | val_acc=0.9543 | test_acc=0.9492 | fro=1.0000 | nuc=4.9055
[Epoch 039] train_ce=0.1094 | train_nuc=5.2113 | train_total=0.1599 | train_acc=0.9604 | val_loss=0.1322 | val_acc=0.9577 | test_acc=0.9514 | fro=1.0000 | nuc=5.1894
[Epoch 040] train_ce=0.1103 | train_nuc=5.2346 | train_total=0.1611 | train_acc=0.9611 | val_loss=0.1376 | val_acc=0.9483 | test_acc=0.9548 | fro=1.0000 | nuc=5.2281
[Epoch 041] train_ce=0.1106 | train_nuc=5.2261 | train_total=0.1613 | train_acc=0.9610 | val_loss=0.1080 | val_acc=0.9630 | test_acc=0.9630 | fro=1.0000 | nuc=5.0562
[Epoch 042] train_ce=0.1028 | train_nuc=5.1946 | train_total=0.1532 | train_acc=0.9629 | val_loss=0.1035 | val_acc=0.9620 | test_acc=0.9679 | fro=1.0000 | nuc=5.2644
[Epoch 043] train_ce=0.1014 | train_nuc=5.2072 | train_total=0.1519 | train_acc=0.9639 | val_loss=0.0959 | val_acc=0.9670 | test_acc=0.9668 | fro=1.0000 | nuc=5.2239
[Epoch 044] train_ce=0.1022 | train_nuc=5.1968 | train_total=0.1526 | train_acc=0.9632 | val_loss=0.1003 | val_acc=0.9663 | test_acc=0.9657 | fro=1.0000 | nuc=5.2582
[Epoch 045] train_ce=0.1056 | train_nuc=5.2715 | train_total=0.1568 | train_acc=0.9614 | val_loss=0.1147 | val_acc=0.9587 | test_acc=0.9595 | fro=1.0000 | nuc=5.2685
[Epoch 046] train_ce=0.1013 | train_nuc=5.2319 | train_total=0.1521 | train_acc=0.9637 | val_loss=0.1177 | val_acc=0.9580 | test_acc=0.9620 | fro=1.0000 | nuc=5.2839
[Epoch 047] train_ce=0.0950 | train_nuc=5.3030 | train_total=0.1465 | train_acc=0.9665 | val_loss=0.0983 | val_acc=0.9667 | test_acc=0.9680 | fro=1.0000 | nuc=5.3436
[Epoch 048] train_ce=0.1007 | train_nuc=5.3032 | train_total=0.1522 | train_acc=0.9641 | val_loss=0.1116 | val_acc=0.9607 | test_acc=0.9648 | fro=1.0000 | nuc=5.2870
[Epoch 049] train_ce=0.1094 | train_nuc=5.2908 | train_total=0.1608 | train_acc=0.9612 | val_loss=0.1005 | val_acc=0.9663 | test_acc=0.9623 | fro=1.0000 | nuc=5.3709
[Epoch 050] train_ce=0.0934 | train_nuc=5.2659 | train_total=0.1445 | train_acc=0.9667 | val_loss=0.1085 | val_acc=0.9627 | test_acc=0.9638 | fro=1.0000 | nuc=5.1859
[Epoch 051] train_ce=0.0927 | train_nuc=5.2922 | train_total=0.1441 | train_acc=0.9673 | val_loss=0.0946 | val_acc=0.9690 | test_acc=0.9697 | fro=1.0000 | nuc=5.2646
[Epoch 052] train_ce=0.0960 | train_nuc=5.2814 | train_total=0.1472 | train_acc=0.9662 | val_loss=0.1068 | val_acc=0.9633 | test_acc=0.9634 | fro=1.0000 | nuc=5.2270
[Epoch 053] train_ce=0.0953 | train_nuc=5.2795 | train_total=0.1465 | train_acc=0.9656 | val_loss=0.0885 | val_acc=0.9680 | test_acc=0.9662 | fro=1.0000 | nuc=5.3104
[Epoch 054] train_ce=0.1081 | train_nuc=5.2525 | train_total=0.1590 | train_acc=0.9610 | val_loss=0.1463 | val_acc=0.9487 | test_acc=0.9485 | fro=1.0000 | nuc=5.1136
[Epoch 055] train_ce=0.1082 | train_nuc=5.1927 | train_total=0.1586 | train_acc=0.9608 | val_loss=0.1072 | val_acc=0.9603 | test_acc=0.9669 | fro=1.0000 | nuc=5.3739
[Epoch 056] train_ce=0.1004 | train_nuc=5.2719 | train_total=0.1516 | train_acc=0.9632 | val_loss=0.1123 | val_acc=0.9623 | test_acc=0.9611 | fro=1.0000 | nuc=5.1432
[Epoch 057] train_ce=0.0988 | train_nuc=5.2409 | train_total=0.1496 | train_acc=0.9646 | val_loss=0.1015 | val_acc=0.9657 | test_acc=0.9659 | fro=1.0000 | nuc=5.2541
[Epoch 058] train_ce=0.0926 | train_nuc=5.2387 | train_total=0.1434 | train_acc=0.9675 | val_loss=0.1003 | val_acc=0.9643 | test_acc=0.9664 | fro=1.0000 | nuc=5.3665
[Epoch 059] train_ce=0.0945 | train_nuc=5.1770 | train_total=0.1447 | train_acc=0.9661 | val_loss=0.0950 | val_acc=0.9700 | test_acc=0.9671 | fro=1.0000 | nuc=5.2009
[Epoch 060] train_ce=0.1050 | train_nuc=5.1554 | train_total=0.1550 | train_acc=0.9623 | val_loss=0.1135 | val_acc=0.9620 | test_acc=0.9635 | fro=1.0000 | nuc=5.1766
[Epoch 061] train_ce=0.0924 | train_nuc=5.2622 | train_total=0.1434 | train_acc=0.9672 | val_loss=0.1125 | val_acc=0.9580 | test_acc=0.9594 | fro=1.0000 | nuc=5.2475
[Epoch 062] train_ce=0.0921 | train_nuc=5.2682 | train_total=0.1432 | train_acc=0.9668 | val_loss=0.1056 | val_acc=0.9630 | test_acc=0.9632 | fro=1.0000 | nuc=5.2532
[Epoch 063] train_ce=0.0967 | train_nuc=5.2512 | train_total=0.1477 | train_acc=0.9647 | val_loss=0.0849 | val_acc=0.9743 | test_acc=0.9709 | fro=1.0000 | nuc=5.3085
[Epoch 064] train_ce=0.0950 | train_nuc=5.2307 | train_total=0.1458 | train_acc=0.9658 | val_loss=0.1280 | val_acc=0.9530 | test_acc=0.9583 | fro=1.0000 | nuc=5.2095
[Epoch 065] train_ce=0.0956 | train_nuc=5.1904 | train_total=0.1459 | train_acc=0.9661 | val_loss=0.1051 | val_acc=0.9617 | test_acc=0.9673 | fro=1.0000 | nuc=5.1942
[Epoch 066] train_ce=0.0927 | train_nuc=5.2415 | train_total=0.1435 | train_acc=0.9673 | val_loss=0.1011 | val_acc=0.9660 | test_acc=0.9650 | fro=1.0000 | nuc=5.3925
[Epoch 067] train_ce=0.0942 | train_nuc=5.1917 | train_total=0.1445 | train_acc=0.9662 | val_loss=0.1275 | val_acc=0.9547 | test_acc=0.9528 | fro=1.0000 | nuc=5.1688
[Epoch 068] train_ce=0.1004 | train_nuc=5.1742 | train_total=0.1506 | train_acc=0.9641 | val_loss=0.0959 | val_acc=0.9700 | test_acc=0.9692 | fro=1.0000 | nuc=5.2786
[Epoch 069] train_ce=0.0918 | train_nuc=5.1426 | train_total=0.1417 | train_acc=0.9677 | val_loss=0.0897 | val_acc=0.9693 | test_acc=0.9706 | fro=1.0000 | nuc=4.9786
[Epoch 070] train_ce=0.0962 | train_nuc=5.0091 | train_total=0.1448 | train_acc=0.9660 | val_loss=0.1143 | val_acc=0.9577 | test_acc=0.9620 | fro=1.0000 | nuc=5.0679
[Epoch 071] train_ce=0.0917 | train_nuc=5.0592 | train_total=0.1408 | train_acc=0.9670 | val_loss=0.1484 | val_acc=0.9423 | test_acc=0.9456 | fro=1.0000 | nuc=4.9404
[Epoch 072] train_ce=0.0989 | train_nuc=5.0785 | train_total=0.1482 | train_acc=0.9644 | val_loss=0.0973 | val_acc=0.9707 | test_acc=0.9658 | fro=1.0000 | nuc=5.1670
[Epoch 073] train_ce=0.0958 | train_nuc=5.1055 | train_total=0.1453 | train_acc=0.9659 | val_loss=0.0870 | val_acc=0.9717 | test_acc=0.9720 | fro=1.0000 | nuc=5.1127
Early stopping triggered at epoch 73. Best val_loss=0.084893 at epoch 63.
Done. alpha=0.00970345578465104 | best_val_loss=0.084893 | best_epoch=63

================================================================================
Training alpha=0.00970346, seed=4
================================================================================
Using device: cuda
[Experiment] model_one_layer_FC_alpha_0p00970345578465104
[Alpha] 0.00970345578465104
[Run dir] outputs/compressibility_adv_robustness/model_one_layer_FC_alpha_0p00970345578465104_seed_4
[Target Frobenius norm] 1.000000
[Early stopping patience] 10
[Epoch 001] train_ce=0.2552 | train_nuc=3.6592 | train_total=0.2907 | train_acc=0.9029 | val_loss=0.1910 | val_acc=0.9360 | test_acc=0.9392 | fro=1.0000 | nuc=3.4357
[Epoch 002] train_ce=0.1881 | train_nuc=3.7278 | train_total=0.2243 | train_acc=0.9302 | val_loss=0.1700 | val_acc=0.9420 | test_acc=0.9462 | fro=1.0000 | nuc=4.0728
[Epoch 003] train_ce=0.1694 | train_nuc=4.3521 | train_total=0.2117 | train_acc=0.9389 | val_loss=0.1835 | val_acc=0.9300 | test_acc=0.9358 | fro=1.0000 | nuc=4.5901
[Epoch 004] train_ce=0.1686 | train_nuc=4.6761 | train_total=0.2140 | train_acc=0.9376 | val_loss=0.1635 | val_acc=0.9453 | test_acc=0.9459 | fro=1.0000 | nuc=4.8408
[Epoch 005] train_ce=0.1635 | train_nuc=4.8980 | train_total=0.2110 | train_acc=0.9409 | val_loss=0.1575 | val_acc=0.9463 | test_acc=0.9464 | fro=1.0000 | nuc=5.0323
[Epoch 006] train_ce=0.1655 | train_nuc=4.9371 | train_total=0.2134 | train_acc=0.9390 | val_loss=0.1744 | val_acc=0.9353 | test_acc=0.9386 | fro=1.0000 | nuc=4.9415
[Epoch 007] train_ce=0.1550 | train_nuc=5.0134 | train_total=0.2036 | train_acc=0.9443 | val_loss=0.1488 | val_acc=0.9457 | test_acc=0.9467 | fro=1.0000 | nuc=5.0392
[Epoch 008] train_ce=0.1577 | train_nuc=5.0437 | train_total=0.2067 | train_acc=0.9420 | val_loss=0.1439 | val_acc=0.9510 | test_acc=0.9513 | fro=1.0000 | nuc=5.0667
[Epoch 009] train_ce=0.1495 | train_nuc=5.0473 | train_total=0.1985 | train_acc=0.9458 | val_loss=0.1461 | val_acc=0.9493 | test_acc=0.9462 | fro=1.0000 | nuc=5.2793
[Epoch 010] train_ce=0.1483 | train_nuc=5.1329 | train_total=0.1981 | train_acc=0.9450 | val_loss=0.1557 | val_acc=0.9440 | test_acc=0.9430 | fro=1.0000 | nuc=5.0949
[Epoch 011] train_ce=0.1460 | train_nuc=5.1252 | train_total=0.1957 | train_acc=0.9475 | val_loss=0.1341 | val_acc=0.9500 | test_acc=0.9498 | fro=1.0000 | nuc=5.1670
[Epoch 012] train_ce=0.1385 | train_nuc=5.1332 | train_total=0.1883 | train_acc=0.9504 | val_loss=0.1638 | val_acc=0.9427 | test_acc=0.9424 | fro=1.0000 | nuc=5.0646
[Epoch 013] train_ce=0.1391 | train_nuc=5.1170 | train_total=0.1888 | train_acc=0.9495 | val_loss=0.1384 | val_acc=0.9490 | test_acc=0.9484 | fro=1.0000 | nuc=5.2305
[Epoch 014] train_ce=0.1328 | train_nuc=5.1653 | train_total=0.1830 | train_acc=0.9519 | val_loss=0.1466 | val_acc=0.9473 | test_acc=0.9508 | fro=1.0000 | nuc=5.0380
[Epoch 015] train_ce=0.1273 | train_nuc=5.1856 | train_total=0.1776 | train_acc=0.9549 | val_loss=0.1339 | val_acc=0.9513 | test_acc=0.9531 | fro=1.0000 | nuc=5.2874
[Epoch 016] train_ce=0.1368 | train_nuc=5.1845 | train_total=0.1871 | train_acc=0.9505 | val_loss=0.1362 | val_acc=0.9513 | test_acc=0.9542 | fro=1.0000 | nuc=5.1769
[Epoch 017] train_ce=0.1234 | train_nuc=5.1930 | train_total=0.1738 | train_acc=0.9562 | val_loss=0.1292 | val_acc=0.9550 | test_acc=0.9540 | fro=1.0000 | nuc=5.2725
[Epoch 018] train_ce=0.1358 | train_nuc=5.1364 | train_total=0.1856 | train_acc=0.9515 | val_loss=0.1655 | val_acc=0.9383 | test_acc=0.9372 | fro=1.0000 | nuc=5.1687
[Epoch 019] train_ce=0.1225 | train_nuc=5.1473 | train_total=0.1724 | train_acc=0.9564 | val_loss=0.1648 | val_acc=0.9380 | test_acc=0.9416 | fro=1.0000 | nuc=5.1799
[Epoch 020] train_ce=0.1255 | train_nuc=5.1687 | train_total=0.1757 | train_acc=0.9551 | val_loss=0.1143 | val_acc=0.9613 | test_acc=0.9626 | fro=1.0000 | nuc=5.1686
[Epoch 021] train_ce=0.1164 | train_nuc=5.1604 | train_total=0.1665 | train_acc=0.9586 | val_loss=0.1539 | val_acc=0.9377 | test_acc=0.9427 | fro=1.0000 | nuc=5.1786
[Epoch 022] train_ce=0.1251 | train_nuc=5.2079 | train_total=0.1756 | train_acc=0.9542 | val_loss=0.1350 | val_acc=0.9520 | test_acc=0.9508 | fro=1.0000 | nuc=5.2055
[Epoch 023] train_ce=0.1190 | train_nuc=5.2078 | train_total=0.1695 | train_acc=0.9570 | val_loss=0.1208 | val_acc=0.9617 | test_acc=0.9644 | fro=1.0000 | nuc=5.1157
[Epoch 024] train_ce=0.1157 | train_nuc=5.2035 | train_total=0.1662 | train_acc=0.9593 | val_loss=0.1218 | val_acc=0.9570 | test_acc=0.9572 | fro=1.0000 | nuc=5.1729
[Epoch 025] train_ce=0.1175 | train_nuc=5.2076 | train_total=0.1680 | train_acc=0.9579 | val_loss=0.1290 | val_acc=0.9577 | test_acc=0.9585 | fro=1.0000 | nuc=5.2764
[Epoch 026] train_ce=0.1176 | train_nuc=5.2133 | train_total=0.1682 | train_acc=0.9583 | val_loss=0.1647 | val_acc=0.9390 | test_acc=0.9380 | fro=1.0000 | nuc=5.2366
[Epoch 027] train_ce=0.1185 | train_nuc=5.1801 | train_total=0.1688 | train_acc=0.9576 | val_loss=0.1484 | val_acc=0.9497 | test_acc=0.9481 | fro=1.0000 | nuc=5.1416
[Epoch 028] train_ce=0.1130 | train_nuc=5.1652 | train_total=0.1631 | train_acc=0.9603 | val_loss=0.1369 | val_acc=0.9520 | test_acc=0.9537 | fro=1.0000 | nuc=5.2224
[Epoch 029] train_ce=0.1133 | train_nuc=5.1769 | train_total=0.1635 | train_acc=0.9589 | val_loss=0.1215 | val_acc=0.9547 | test_acc=0.9546 | fro=1.0000 | nuc=5.2125
[Epoch 030] train_ce=0.1138 | train_nuc=5.1513 | train_total=0.1638 | train_acc=0.9594 | val_loss=0.1323 | val_acc=0.9537 | test_acc=0.9553 | fro=1.0000 | nuc=5.2475
Early stopping triggered at epoch 30. Best val_loss=0.114259 at epoch 20.
Done. alpha=0.00970345578465104 | best_val_loss=0.114259 | best_epoch=20

================================================================================
Training alpha=0.01719065, seed=0
================================================================================
Using device: cuda
[Experiment] model_one_layer_FC_alpha_0p017190647504743226
[Alpha] 0.017190647504743226
[Run dir] outputs/compressibility_adv_robustness/model_one_layer_FC_alpha_0p017190647504743226_seed_0
[Target Frobenius norm] 1.000000
[Early stopping patience] 10
[Epoch 001] train_ce=0.2617 | train_nuc=3.5125 | train_total=0.3220 | train_acc=0.8991 | val_loss=0.2121 | val_acc=0.9193 | test_acc=0.9154 | fro=1.0000 | nuc=3.1000
[Epoch 002] train_ce=0.1942 | train_nuc=3.4713 | train_total=0.2539 | train_acc=0.9285 | val_loss=0.1698 | val_acc=0.9423 | test_acc=0.9377 | fro=1.0000 | nuc=3.7270
[Epoch 003] train_ce=0.1862 | train_nuc=3.8764 | train_total=0.2528 | train_acc=0.9316 | val_loss=0.1858 | val_acc=0.9317 | test_acc=0.9243 | fro=1.0000 | nuc=4.0599
[Epoch 004] train_ce=0.1711 | train_nuc=4.1037 | train_total=0.2417 | train_acc=0.9373 | val_loss=0.1796 | val_acc=0.9313 | test_acc=0.9383 | fro=1.0000 | nuc=4.1550
[Epoch 005] train_ce=0.1648 | train_nuc=4.3511 | train_total=0.2396 | train_acc=0.9392 | val_loss=0.1425 | val_acc=0.9513 | test_acc=0.9457 | fro=1.0000 | nuc=4.4412
[Epoch 006] train_ce=0.1627 | train_nuc=4.4923 | train_total=0.2399 | train_acc=0.9401 | val_loss=0.1534 | val_acc=0.9440 | test_acc=0.9443 | fro=1.0000 | nuc=4.5347
[Epoch 007] train_ce=0.1604 | train_nuc=4.5565 | train_total=0.2387 | train_acc=0.9407 | val_loss=0.1422 | val_acc=0.9490 | test_acc=0.9494 | fro=1.0000 | nuc=4.6452
[Epoch 008] train_ce=0.1534 | train_nuc=4.6079 | train_total=0.2326 | train_acc=0.9447 | val_loss=0.1393 | val_acc=0.9520 | test_acc=0.9462 | fro=1.0000 | nuc=4.6135
[Epoch 009] train_ce=0.1473 | train_nuc=4.6252 | train_total=0.2268 | train_acc=0.9471 | val_loss=0.1322 | val_acc=0.9547 | test_acc=0.9530 | fro=1.0000 | nuc=4.6865
[Epoch 010] train_ce=0.1560 | train_nuc=4.6452 | train_total=0.2359 | train_acc=0.9429 | val_loss=0.1290 | val_acc=0.9543 | test_acc=0.9498 | fro=1.0000 | nuc=4.6063
[Epoch 011] train_ce=0.1516 | train_nuc=4.6068 | train_total=0.2307 | train_acc=0.9451 | val_loss=0.1253 | val_acc=0.9580 | test_acc=0.9537 | fro=1.0000 | nuc=4.5193
[Epoch 012] train_ce=0.1463 | train_nuc=4.5695 | train_total=0.2248 | train_acc=0.9470 | val_loss=0.1277 | val_acc=0.9523 | test_acc=0.9481 | fro=1.0000 | nuc=4.7277
[Epoch 013] train_ce=0.1413 | train_nuc=4.6616 | train_total=0.2215 | train_acc=0.9485 | val_loss=0.1396 | val_acc=0.9527 | test_acc=0.9491 | fro=1.0000 | nuc=4.7044
[Epoch 014] train_ce=0.1349 | train_nuc=4.7020 | train_total=0.2157 | train_acc=0.9524 | val_loss=0.1737 | val_acc=0.9357 | test_acc=0.9329 | fro=1.0000 | nuc=4.6657
[Epoch 015] train_ce=0.1346 | train_nuc=4.6946 | train_total=0.2153 | train_acc=0.9510 | val_loss=0.1213 | val_acc=0.9580 | test_acc=0.9543 | fro=1.0000 | nuc=4.8907
[Epoch 016] train_ce=0.1317 | train_nuc=4.7577 | train_total=0.2135 | train_acc=0.9519 | val_loss=0.1257 | val_acc=0.9547 | test_acc=0.9558 | fro=1.0000 | nuc=4.7435
[Epoch 017] train_ce=0.1280 | train_nuc=4.7395 | train_total=0.2094 | train_acc=0.9534 | val_loss=0.1356 | val_acc=0.9543 | test_acc=0.9481 | fro=1.0000 | nuc=4.7837
[Epoch 018] train_ce=0.1280 | train_nuc=4.7808 | train_total=0.2102 | train_acc=0.9543 | val_loss=0.1362 | val_acc=0.9480 | test_acc=0.9512 | fro=1.0000 | nuc=4.7229
[Epoch 019] train_ce=0.1214 | train_nuc=4.7659 | train_total=0.2033 | train_acc=0.9562 | val_loss=0.1158 | val_acc=0.9593 | test_acc=0.9622 | fro=1.0000 | nuc=4.8090
[Epoch 020] train_ce=0.1213 | train_nuc=4.8016 | train_total=0.2038 | train_acc=0.9563 | val_loss=0.1342 | val_acc=0.9480 | test_acc=0.9484 | fro=1.0000 | nuc=4.8348
[Epoch 021] train_ce=0.1293 | train_nuc=4.7947 | train_total=0.2117 | train_acc=0.9531 | val_loss=0.1220 | val_acc=0.9583 | test_acc=0.9552 | fro=1.0000 | nuc=4.8314
[Epoch 022] train_ce=0.1166 | train_nuc=4.8045 | train_total=0.1992 | train_acc=0.9583 | val_loss=0.1129 | val_acc=0.9567 | test_acc=0.9515 | fro=1.0000 | nuc=4.7561
[Epoch 023] train_ce=0.1155 | train_nuc=4.8024 | train_total=0.1980 | train_acc=0.9593 | val_loss=0.1049 | val_acc=0.9670 | test_acc=0.9596 | fro=1.0000 | nuc=4.8048
[Epoch 024] train_ce=0.1224 | train_nuc=4.8505 | train_total=0.2058 | train_acc=0.9558 | val_loss=0.0973 | val_acc=0.9683 | test_acc=0.9654 | fro=1.0000 | nuc=4.8658
[Epoch 025] train_ce=0.1166 | train_nuc=4.8128 | train_total=0.1994 | train_acc=0.9581 | val_loss=0.0957 | val_acc=0.9710 | test_acc=0.9601 | fro=1.0000 | nuc=4.8138
[Epoch 026] train_ce=0.1150 | train_nuc=4.8125 | train_total=0.1977 | train_acc=0.9590 | val_loss=0.1297 | val_acc=0.9487 | test_acc=0.9482 | fro=1.0000 | nuc=5.0255
[Epoch 027] train_ce=0.1190 | train_nuc=4.8459 | train_total=0.2023 | train_acc=0.9575 | val_loss=0.1043 | val_acc=0.9620 | test_acc=0.9640 | fro=1.0000 | nuc=4.7747
[Epoch 028] train_ce=0.1115 | train_nuc=4.7928 | train_total=0.1939 | train_acc=0.9601 | val_loss=0.1067 | val_acc=0.9633 | test_acc=0.9626 | fro=1.0000 | nuc=4.7576
[Epoch 029] train_ce=0.1129 | train_nuc=4.7565 | train_total=0.1947 | train_acc=0.9595 | val_loss=0.1244 | val_acc=0.9560 | test_acc=0.9553 | fro=1.0000 | nuc=4.8287
[Epoch 030] train_ce=0.1138 | train_nuc=4.8255 | train_total=0.1967 | train_acc=0.9588 | val_loss=0.1001 | val_acc=0.9657 | test_acc=0.9616 | fro=1.0000 | nuc=4.9003
[Epoch 031] train_ce=0.1091 | train_nuc=4.8860 | train_total=0.1931 | train_acc=0.9615 | val_loss=0.0995 | val_acc=0.9647 | test_acc=0.9645 | fro=1.0000 | nuc=4.9504
[Epoch 032] train_ce=0.1056 | train_nuc=4.8574 | train_total=0.1891 | train_acc=0.9620 | val_loss=0.0959 | val_acc=0.9690 | test_acc=0.9641 | fro=1.0000 | nuc=4.8946
[Epoch 033] train_ce=0.1094 | train_nuc=4.8179 | train_total=0.1923 | train_acc=0.9612 | val_loss=0.0906 | val_acc=0.9680 | test_acc=0.9614 | fro=1.0000 | nuc=4.7377
[Epoch 034] train_ce=0.1050 | train_nuc=4.8522 | train_total=0.1884 | train_acc=0.9627 | val_loss=0.0891 | val_acc=0.9700 | test_acc=0.9643 | fro=1.0000 | nuc=4.9153
[Epoch 035] train_ce=0.1062 | train_nuc=4.8606 | train_total=0.1898 | train_acc=0.9630 | val_loss=0.0916 | val_acc=0.9693 | test_acc=0.9658 | fro=1.0000 | nuc=4.8764
[Epoch 036] train_ce=0.1104 | train_nuc=4.8455 | train_total=0.1937 | train_acc=0.9599 | val_loss=0.1393 | val_acc=0.9473 | test_acc=0.9458 | fro=1.0000 | nuc=4.8369
[Epoch 037] train_ce=0.1052 | train_nuc=4.9228 | train_total=0.1898 | train_acc=0.9622 | val_loss=0.0899 | val_acc=0.9707 | test_acc=0.9654 | fro=1.0000 | nuc=4.7781
[Epoch 038] train_ce=0.1097 | train_nuc=4.8590 | train_total=0.1932 | train_acc=0.9604 | val_loss=0.0962 | val_acc=0.9677 | test_acc=0.9618 | fro=1.0000 | nuc=4.8669
[Epoch 039] train_ce=0.1065 | train_nuc=4.8458 | train_total=0.1898 | train_acc=0.9630 | val_loss=0.1077 | val_acc=0.9583 | test_acc=0.9592 | fro=1.0000 | nuc=4.8107
[Epoch 040] train_ce=0.1040 | train_nuc=4.8977 | train_total=0.1882 | train_acc=0.9631 | val_loss=0.1017 | val_acc=0.9640 | test_acc=0.9612 | fro=1.0000 | nuc=4.9687
[Epoch 041] train_ce=0.1029 | train_nuc=4.9399 | train_total=0.1878 | train_acc=0.9636 | val_loss=0.0887 | val_acc=0.9690 | test_acc=0.9634 | fro=1.0000 | nuc=4.7795
[Epoch 042] train_ce=0.1005 | train_nuc=4.8294 | train_total=0.1835 | train_acc=0.9645 | val_loss=0.0939 | val_acc=0.9627 | test_acc=0.9628 | fro=1.0000 | nuc=4.8411
[Epoch 043] train_ce=0.1006 | train_nuc=4.7940 | train_total=0.1831 | train_acc=0.9645 | val_loss=0.0926 | val_acc=0.9700 | test_acc=0.9681 | fro=1.0000 | nuc=4.8924
[Epoch 044] train_ce=0.0992 | train_nuc=4.8342 | train_total=0.1823 | train_acc=0.9651 | val_loss=0.1154 | val_acc=0.9593 | test_acc=0.9582 | fro=1.0000 | nuc=4.8284
[Epoch 045] train_ce=0.0986 | train_nuc=4.8543 | train_total=0.1820 | train_acc=0.9655 | val_loss=0.0986 | val_acc=0.9663 | test_acc=0.9608 | fro=1.0000 | nuc=4.8092
[Epoch 046] train_ce=0.0995 | train_nuc=4.8378 | train_total=0.1827 | train_acc=0.9652 | val_loss=0.1200 | val_acc=0.9613 | test_acc=0.9557 | fro=1.0000 | nuc=4.8095
[Epoch 047] train_ce=0.1011 | train_nuc=4.8344 | train_total=0.1842 | train_acc=0.9639 | val_loss=0.0926 | val_acc=0.9680 | test_acc=0.9658 | fro=1.0000 | nuc=4.9182
[Epoch 048] train_ce=0.0976 | train_nuc=4.8693 | train_total=0.1813 | train_acc=0.9653 | val_loss=0.1351 | val_acc=0.9463 | test_acc=0.9502 | fro=1.0000 | nuc=4.8890
[Epoch 049] train_ce=0.1009 | train_nuc=4.9211 | train_total=0.1855 | train_acc=0.9633 | val_loss=0.0930 | val_acc=0.9660 | test_acc=0.9608 | fro=1.0000 | nuc=4.8905
[Epoch 050] train_ce=0.1015 | train_nuc=4.8728 | train_total=0.1853 | train_acc=0.9637 | val_loss=0.1020 | val_acc=0.9650 | test_acc=0.9640 | fro=1.0000 | nuc=4.9357
[Epoch 051] train_ce=0.0964 | train_nuc=4.8936 | train_total=0.1805 | train_acc=0.9657 | val_loss=0.0900 | val_acc=0.9673 | test_acc=0.9611 | fro=1.0000 | nuc=4.8343
Early stopping triggered at epoch 51. Best val_loss=0.088723 at epoch 41.
Done. alpha=0.017190647504743226 | best_val_loss=0.088723 | best_epoch=41

================================================================================
Training alpha=0.01719065, seed=1
================================================================================
Using device: cuda
[Experiment] model_one_layer_FC_alpha_0p017190647504743226
[Alpha] 0.017190647504743226
[Run dir] outputs/compressibility_adv_robustness/model_one_layer_FC_alpha_0p017190647504743226_seed_1
[Target Frobenius norm] 1.000000
[Early stopping patience] 10
[Epoch 001] train_ce=0.2622 | train_nuc=3.4991 | train_total=0.3224 | train_acc=0.8998 | val_loss=0.2042 | val_acc=0.9257 | test_acc=0.9323 | fro=1.0000 | nuc=3.1350
[Epoch 002] train_ce=0.1962 | train_nuc=3.4500 | train_total=0.2555 | train_acc=0.9281 | val_loss=0.2022 | val_acc=0.9240 | test_acc=0.9278 | fro=1.0000 | nuc=3.7664
[Epoch 003] train_ce=0.1777 | train_nuc=3.8401 | train_total=0.2437 | train_acc=0.9350 | val_loss=0.1917 | val_acc=0.9290 | test_acc=0.9285 | fro=1.0000 | nuc=4.0202
[Epoch 004] train_ce=0.1724 | train_nuc=4.1633 | train_total=0.2439 | train_acc=0.9367 | val_loss=0.1683 | val_acc=0.9363 | test_acc=0.9439 | fro=1.0000 | nuc=4.1507
[Epoch 005] train_ce=0.1693 | train_nuc=4.3279 | train_total=0.2437 | train_acc=0.9387 | val_loss=0.1992 | val_acc=0.9253 | test_acc=0.9248 | fro=1.0000 | nuc=4.3691
[Epoch 006] train_ce=0.1606 | train_nuc=4.4605 | train_total=0.2373 | train_acc=0.9412 | val_loss=0.1640 | val_acc=0.9383 | test_acc=0.9405 | fro=1.0000 | nuc=4.5672
[Epoch 007] train_ce=0.1559 | train_nuc=4.5801 | train_total=0.2346 | train_acc=0.9422 | val_loss=0.1467 | val_acc=0.9513 | test_acc=0.9500 | fro=1.0000 | nuc=4.6593
[Epoch 008] train_ce=0.1534 | train_nuc=4.6100 | train_total=0.2326 | train_acc=0.9442 | val_loss=0.1412 | val_acc=0.9460 | test_acc=0.9500 | fro=1.0000 | nuc=4.5814
[Epoch 009] train_ce=0.1529 | train_nuc=4.6028 | train_total=0.2320 | train_acc=0.9442 | val_loss=0.1714 | val_acc=0.9360 | test_acc=0.9379 | fro=1.0000 | nuc=4.6153
[Epoch 010] train_ce=0.1411 | train_nuc=4.6644 | train_total=0.2213 | train_acc=0.9491 | val_loss=0.1784 | val_acc=0.9340 | test_acc=0.9371 | fro=1.0000 | nuc=4.6666
[Epoch 011] train_ce=0.1435 | train_nuc=4.6858 | train_total=0.2241 | train_acc=0.9481 | val_loss=0.1499 | val_acc=0.9490 | test_acc=0.9510 | fro=1.0000 | nuc=4.7020
[Epoch 012] train_ce=0.1446 | train_nuc=4.6780 | train_total=0.2250 | train_acc=0.9468 | val_loss=0.2030 | val_acc=0.9257 | test_acc=0.9309 | fro=1.0000 | nuc=4.6793
[Epoch 013] train_ce=0.1381 | train_nuc=4.6726 | train_total=0.2184 | train_acc=0.9506 | val_loss=0.1370 | val_acc=0.9547 | test_acc=0.9573 | fro=1.0000 | nuc=4.7917
[Epoch 014] train_ce=0.1379 | train_nuc=4.6882 | train_total=0.2185 | train_acc=0.9502 | val_loss=0.1531 | val_acc=0.9420 | test_acc=0.9506 | fro=1.0000 | nuc=4.7891
[Epoch 015] train_ce=0.1365 | train_nuc=4.6948 | train_total=0.2172 | train_acc=0.9506 | val_loss=0.1298 | val_acc=0.9543 | test_acc=0.9560 | fro=1.0000 | nuc=4.6402
[Epoch 016] train_ce=0.1252 | train_nuc=4.7319 | train_total=0.2065 | train_acc=0.9552 | val_loss=0.1256 | val_acc=0.9580 | test_acc=0.9618 | fro=1.0000 | nuc=4.7001
[Epoch 017] train_ce=0.1298 | train_nuc=4.7662 | train_total=0.2117 | train_acc=0.9540 | val_loss=0.1297 | val_acc=0.9543 | test_acc=0.9592 | fro=1.0000 | nuc=4.7064
[Epoch 018] train_ce=0.1297 | train_nuc=4.7836 | train_total=0.2119 | train_acc=0.9525 | val_loss=0.1389 | val_acc=0.9493 | test_acc=0.9534 | fro=1.0000 | nuc=4.8450
[Epoch 019] train_ce=0.1214 | train_nuc=4.8067 | train_total=0.2040 | train_acc=0.9559 | val_loss=0.1355 | val_acc=0.9517 | test_acc=0.9592 | fro=1.0000 | nuc=4.7531
[Epoch 020] train_ce=0.1244 | train_nuc=4.7754 | train_total=0.2065 | train_acc=0.9547 | val_loss=0.1272 | val_acc=0.9500 | test_acc=0.9555 | fro=1.0000 | nuc=4.7900
[Epoch 021] train_ce=0.1192 | train_nuc=4.7936 | train_total=0.2016 | train_acc=0.9571 | val_loss=0.1224 | val_acc=0.9603 | test_acc=0.9607 | fro=1.0000 | nuc=4.9802
[Epoch 022] train_ce=0.1185 | train_nuc=4.8161 | train_total=0.2013 | train_acc=0.9569 | val_loss=0.1330 | val_acc=0.9553 | test_acc=0.9540 | fro=1.0000 | nuc=4.7543
[Epoch 023] train_ce=0.1190 | train_nuc=4.8069 | train_total=0.2017 | train_acc=0.9573 | val_loss=0.1387 | val_acc=0.9507 | test_acc=0.9539 | fro=1.0000 | nuc=4.8940
[Epoch 024] train_ce=0.1170 | train_nuc=4.8094 | train_total=0.1997 | train_acc=0.9574 | val_loss=0.1553 | val_acc=0.9390 | test_acc=0.9442 | fro=1.0000 | nuc=4.7585
[Epoch 025] train_ce=0.1139 | train_nuc=4.8160 | train_total=0.1967 | train_acc=0.9597 | val_loss=0.1164 | val_acc=0.9573 | test_acc=0.9580 | fro=1.0000 | nuc=4.9754
[Epoch 026] train_ce=0.1177 | train_nuc=4.7926 | train_total=0.2001 | train_acc=0.9582 | val_loss=0.1166 | val_acc=0.9590 | test_acc=0.9638 | fro=1.0000 | nuc=4.8004
[Epoch 027] train_ce=0.1092 | train_nuc=4.8483 | train_total=0.1926 | train_acc=0.9616 | val_loss=0.1148 | val_acc=0.9617 | test_acc=0.9620 | fro=1.0000 | nuc=4.8241
[Epoch 028] train_ce=0.1177 | train_nuc=4.8564 | train_total=0.2011 | train_acc=0.9571 | val_loss=0.1151 | val_acc=0.9627 | test_acc=0.9625 | fro=1.0000 | nuc=4.7946
[Epoch 029] train_ce=0.1137 | train_nuc=4.7814 | train_total=0.1959 | train_acc=0.9588 | val_loss=0.1150 | val_acc=0.9580 | test_acc=0.9612 | fro=1.0000 | nuc=4.7686
[Epoch 030] train_ce=0.1037 | train_nuc=4.8306 | train_total=0.1867 | train_acc=0.9634 | val_loss=0.1167 | val_acc=0.9593 | test_acc=0.9635 | fro=1.0000 | nuc=4.8325
[Epoch 031] train_ce=0.1086 | train_nuc=4.8218 | train_total=0.1915 | train_acc=0.9608 | val_loss=0.1138 | val_acc=0.9600 | test_acc=0.9666 | fro=1.0000 | nuc=4.9446
[Epoch 032] train_ce=0.1009 | train_nuc=4.8053 | train_total=0.1835 | train_acc=0.9648 | val_loss=0.1105 | val_acc=0.9590 | test_acc=0.9661 | fro=1.0000 | nuc=4.8245
[Epoch 033] train_ce=0.1042 | train_nuc=4.8293 | train_total=0.1872 | train_acc=0.9627 | val_loss=0.1092 | val_acc=0.9623 | test_acc=0.9638 | fro=1.0000 | nuc=4.9680
[Epoch 034] train_ce=0.1048 | train_nuc=4.8818 | train_total=0.1888 | train_acc=0.9626 | val_loss=0.1136 | val_acc=0.9593 | test_acc=0.9612 | fro=1.0000 | nuc=4.9502
[Epoch 035] train_ce=0.1071 | train_nuc=4.8494 | train_total=0.1905 | train_acc=0.9611 | val_loss=0.1141 | val_acc=0.9590 | test_acc=0.9635 | fro=1.0000 | nuc=4.7379
[Epoch 036] train_ce=0.1063 | train_nuc=4.8124 | train_total=0.1890 | train_acc=0.9621 | val_loss=0.1189 | val_acc=0.9583 | test_acc=0.9617 | fro=1.0000 | nuc=4.7413
[Epoch 037] train_ce=0.0993 | train_nuc=4.8291 | train_total=0.1823 | train_acc=0.9643 | val_loss=0.1346 | val_acc=0.9537 | test_acc=0.9601 | fro=1.0000 | nuc=4.8473
[Epoch 038] train_ce=0.0972 | train_nuc=4.8541 | train_total=0.1806 | train_acc=0.9655 | val_loss=0.1168 | val_acc=0.9620 | test_acc=0.9651 | fro=1.0000 | nuc=4.9076
[Epoch 039] train_ce=0.1030 | train_nuc=4.8924 | train_total=0.1871 | train_acc=0.9623 | val_loss=0.1010 | val_acc=0.9627 | test_acc=0.9680 | fro=1.0000 | nuc=4.9304
[Epoch 040] train_ce=0.1002 | train_nuc=4.8947 | train_total=0.1844 | train_acc=0.9643 | val_loss=0.1072 | val_acc=0.9623 | test_acc=0.9678 | fro=1.0000 | nuc=4.7571
[Epoch 041] train_ce=0.0974 | train_nuc=4.8766 | train_total=0.1812 | train_acc=0.9661 | val_loss=0.1083 | val_acc=0.9630 | test_acc=0.9672 | fro=1.0000 | nuc=4.9281
[Epoch 042] train_ce=0.1042 | train_nuc=4.8672 | train_total=0.1879 | train_acc=0.9623 | val_loss=0.1038 | val_acc=0.9680 | test_acc=0.9679 | fro=1.0000 | nuc=4.9090
[Epoch 043] train_ce=0.0960 | train_nuc=4.8434 | train_total=0.1793 | train_acc=0.9657 | val_loss=0.1021 | val_acc=0.9670 | test_acc=0.9701 | fro=1.0000 | nuc=4.8908
[Epoch 044] train_ce=0.0944 | train_nuc=4.8539 | train_total=0.1778 | train_acc=0.9678 | val_loss=0.1125 | val_acc=0.9617 | test_acc=0.9649 | fro=1.0000 | nuc=4.9159
[Epoch 045] train_ce=0.0983 | train_nuc=4.8863 | train_total=0.1823 | train_acc=0.9642 | val_loss=0.1032 | val_acc=0.9637 | test_acc=0.9659 | fro=1.0000 | nuc=4.9941
[Epoch 046] train_ce=0.0945 | train_nuc=4.9224 | train_total=0.1791 | train_acc=0.9657 | val_loss=0.0951 | val_acc=0.9653 | test_acc=0.9703 | fro=1.0000 | nuc=4.9903
[Epoch 047] train_ce=0.0952 | train_nuc=4.8760 | train_total=0.1790 | train_acc=0.9666 | val_loss=0.1194 | val_acc=0.9593 | test_acc=0.9555 | fro=1.0000 | nuc=4.8857
[Epoch 048] train_ce=0.0952 | train_nuc=4.9344 | train_total=0.1800 | train_acc=0.9660 | val_loss=0.1100 | val_acc=0.9630 | test_acc=0.9647 | fro=1.0000 | nuc=4.8815
[Epoch 049] train_ce=0.0991 | train_nuc=4.9530 | train_total=0.1843 | train_acc=0.9653 | val_loss=0.1070 | val_acc=0.9640 | test_acc=0.9690 | fro=1.0000 | nuc=4.9126
[Epoch 050] train_ce=0.0972 | train_nuc=4.8638 | train_total=0.1808 | train_acc=0.9652 | val_loss=0.1099 | val_acc=0.9623 | test_acc=0.9666 | fro=1.0000 | nuc=4.9247
[Epoch 051] train_ce=0.0966 | train_nuc=4.9182 | train_total=0.1812 | train_acc=0.9652 | val_loss=0.1166 | val_acc=0.9630 | test_acc=0.9600 | fro=1.0000 | nuc=4.8605
[Epoch 052] train_ce=0.0956 | train_nuc=4.8646 | train_total=0.1792 | train_acc=0.9658 | val_loss=0.1171 | val_acc=0.9583 | test_acc=0.9607 | fro=1.0000 | nuc=4.9215
[Epoch 053] train_ce=0.0895 | train_nuc=4.8063 | train_total=0.1721 | train_acc=0.9688 | val_loss=0.1071 | val_acc=0.9643 | test_acc=0.9643 | fro=1.0000 | nuc=4.8924
[Epoch 054] train_ce=0.0906 | train_nuc=4.7829 | train_total=0.1729 | train_acc=0.9673 | val_loss=0.1114 | val_acc=0.9613 | test_acc=0.9624 | fro=1.0000 | nuc=4.9297
[Epoch 055] train_ce=0.0930 | train_nuc=4.8332 | train_total=0.1761 | train_acc=0.9673 | val_loss=0.1130 | val_acc=0.9563 | test_acc=0.9620 | fro=1.0000 | nuc=4.7713
[Epoch 056] train_ce=0.1032 | train_nuc=4.7918 | train_total=0.1855 | train_acc=0.9633 | val_loss=0.1098 | val_acc=0.9640 | test_acc=0.9646 | fro=1.0000 | nuc=4.7059
Early stopping triggered at epoch 56. Best val_loss=0.095112 at epoch 46.
Done. alpha=0.017190647504743226 | best_val_loss=0.095112 | best_epoch=46

================================================================================
Training alpha=0.01719065, seed=2
================================================================================
Using device: cuda
[Experiment] model_one_layer_FC_alpha_0p017190647504743226
[Alpha] 0.017190647504743226
[Run dir] outputs/compressibility_adv_robustness/model_one_layer_FC_alpha_0p017190647504743226_seed_2
[Target Frobenius norm] 1.000000
[Early stopping patience] 10
[Epoch 001] train_ce=0.2598 | train_nuc=3.4304 | train_total=0.3188 | train_acc=0.9021 | val_loss=0.1983 | val_acc=0.9213 | test_acc=0.9184 | fro=1.0000 | nuc=3.1702
[Epoch 002] train_ce=0.1992 | train_nuc=3.4185 | train_total=0.2580 | train_acc=0.9263 | val_loss=0.1489 | val_acc=0.9443 | test_acc=0.9447 | fro=1.0000 | nuc=3.5914
[Epoch 003] train_ce=0.1841 | train_nuc=3.7530 | train_total=0.2486 | train_acc=0.9317 | val_loss=0.1821 | val_acc=0.9327 | test_acc=0.9243 | fro=1.0000 | nuc=3.9364
[Epoch 004] train_ce=0.1766 | train_nuc=3.9903 | train_total=0.2452 | train_acc=0.9357 | val_loss=0.1615 | val_acc=0.9423 | test_acc=0.9399 | fro=1.0000 | nuc=4.1413
[Epoch 005] train_ce=0.1672 | train_nuc=4.2290 | train_total=0.2399 | train_acc=0.9404 | val_loss=0.1505 | val_acc=0.9493 | test_acc=0.9416 | fro=1.0000 | nuc=4.3102
[Epoch 006] train_ce=0.1616 | train_nuc=4.3979 | train_total=0.2373 | train_acc=0.9418 | val_loss=0.1286 | val_acc=0.9543 | test_acc=0.9498 | fro=1.0000 | nuc=4.4393
[Epoch 007] train_ce=0.1521 | train_nuc=4.5357 | train_total=0.2301 | train_acc=0.9440 | val_loss=0.1557 | val_acc=0.9427 | test_acc=0.9432 | fro=1.0000 | nuc=4.5710
[Epoch 008] train_ce=0.1528 | train_nuc=4.6186 | train_total=0.2322 | train_acc=0.9447 | val_loss=0.1259 | val_acc=0.9557 | test_acc=0.9508 | fro=1.0000 | nuc=4.6040
[Epoch 009] train_ce=0.1559 | train_nuc=4.6183 | train_total=0.2353 | train_acc=0.9433 | val_loss=0.1324 | val_acc=0.9540 | test_acc=0.9538 | fro=1.0000 | nuc=4.5909
[Epoch 010] train_ce=0.1453 | train_nuc=4.6271 | train_total=0.2248 | train_acc=0.9475 | val_loss=0.2223 | val_acc=0.9063 | test_acc=0.9083 | fro=1.0000 | nuc=4.6803
[Epoch 011] train_ce=0.1431 | train_nuc=4.7140 | train_total=0.2241 | train_acc=0.9484 | val_loss=0.1405 | val_acc=0.9503 | test_acc=0.9474 | fro=1.0000 | nuc=4.8338
[Epoch 012] train_ce=0.1475 | train_nuc=4.6877 | train_total=0.2281 | train_acc=0.9456 | val_loss=0.1185 | val_acc=0.9603 | test_acc=0.9568 | fro=1.0000 | nuc=4.6880
[Epoch 013] train_ce=0.1405 | train_nuc=4.7230 | train_total=0.2217 | train_acc=0.9495 | val_loss=0.1109 | val_acc=0.9617 | test_acc=0.9553 | fro=1.0000 | nuc=4.6860
[Epoch 014] train_ce=0.1433 | train_nuc=4.7232 | train_total=0.2245 | train_acc=0.9483 | val_loss=0.1450 | val_acc=0.9513 | test_acc=0.9450 | fro=1.0000 | nuc=4.7048
[Epoch 015] train_ce=0.1357 | train_nuc=4.6844 | train_total=0.2162 | train_acc=0.9510 | val_loss=0.1300 | val_acc=0.9507 | test_acc=0.9511 | fro=1.0000 | nuc=4.8046
[Epoch 016] train_ce=0.1261 | train_nuc=4.7743 | train_total=0.2082 | train_acc=0.9548 | val_loss=0.1025 | val_acc=0.9647 | test_acc=0.9609 | fro=1.0000 | nuc=4.9345
[Epoch 017] train_ce=0.1315 | train_nuc=4.8567 | train_total=0.2150 | train_acc=0.9526 | val_loss=0.1070 | val_acc=0.9617 | test_acc=0.9567 | fro=1.0000 | nuc=4.8515
[Epoch 018] train_ce=0.1271 | train_nuc=4.8172 | train_total=0.2099 | train_acc=0.9554 | val_loss=0.1027 | val_acc=0.9653 | test_acc=0.9597 | fro=1.0000 | nuc=4.8444
[Epoch 019] train_ce=0.1270 | train_nuc=4.8532 | train_total=0.2104 | train_acc=0.9546 | val_loss=0.1124 | val_acc=0.9600 | test_acc=0.9545 | fro=1.0000 | nuc=4.8933
[Epoch 020] train_ce=0.1242 | train_nuc=4.8592 | train_total=0.2077 | train_acc=0.9556 | val_loss=0.1113 | val_acc=0.9617 | test_acc=0.9578 | fro=1.0000 | nuc=4.8031
[Epoch 021] train_ce=0.1267 | train_nuc=4.8346 | train_total=0.2098 | train_acc=0.9543 | val_loss=0.1029 | val_acc=0.9617 | test_acc=0.9596 | fro=1.0000 | nuc=4.7072
[Epoch 022] train_ce=0.1154 | train_nuc=4.8356 | train_total=0.1985 | train_acc=0.9590 | val_loss=0.1229 | val_acc=0.9547 | test_acc=0.9482 | fro=1.0000 | nuc=4.9392
[Epoch 023] train_ce=0.1191 | train_nuc=4.8957 | train_total=0.2033 | train_acc=0.9579 | val_loss=0.1095 | val_acc=0.9583 | test_acc=0.9530 | fro=1.0000 | nuc=4.8500
[Epoch 024] train_ce=0.1231 | train_nuc=4.8324 | train_total=0.2062 | train_acc=0.9560 | val_loss=0.1011 | val_acc=0.9637 | test_acc=0.9630 | fro=1.0000 | nuc=4.7528
[Epoch 025] train_ce=0.1164 | train_nuc=4.8228 | train_total=0.1993 | train_acc=0.9587 | val_loss=0.0928 | val_acc=0.9697 | test_acc=0.9614 | fro=1.0000 | nuc=4.7974
[Epoch 026] train_ce=0.1107 | train_nuc=4.8516 | train_total=0.1941 | train_acc=0.9612 | val_loss=0.0976 | val_acc=0.9657 | test_acc=0.9589 | fro=1.0000 | nuc=4.9267
[Epoch 027] train_ce=0.1125 | train_nuc=4.9085 | train_total=0.1969 | train_acc=0.9602 | val_loss=0.1095 | val_acc=0.9603 | test_acc=0.9605 | fro=1.0000 | nuc=4.9544
[Epoch 028] train_ce=0.1139 | train_nuc=4.8482 | train_total=0.1973 | train_acc=0.9592 | val_loss=0.1070 | val_acc=0.9630 | test_acc=0.9560 | fro=1.0000 | nuc=4.8194
[Epoch 029] train_ce=0.1193 | train_nuc=4.9271 | train_total=0.2040 | train_acc=0.9581 | val_loss=0.1123 | val_acc=0.9590 | test_acc=0.9572 | fro=1.0000 | nuc=4.9981
[Epoch 030] train_ce=0.1140 | train_nuc=4.9131 | train_total=0.1985 | train_acc=0.9594 | val_loss=0.0999 | val_acc=0.9637 | test_acc=0.9591 | fro=1.0000 | nuc=5.0445
[Epoch 031] train_ce=0.1103 | train_nuc=4.9035 | train_total=0.1946 | train_acc=0.9608 | val_loss=0.1311 | val_acc=0.9490 | test_acc=0.9523 | fro=1.0000 | nuc=4.8698
[Epoch 032] train_ce=0.1118 | train_nuc=4.8796 | train_total=0.1957 | train_acc=0.9604 | val_loss=0.1161 | val_acc=0.9583 | test_acc=0.9565 | fro=1.0000 | nuc=4.8521
[Epoch 033] train_ce=0.1219 | train_nuc=4.9309 | train_total=0.2067 | train_acc=0.9550 | val_loss=0.0942 | val_acc=0.9660 | test_acc=0.9608 | fro=1.0000 | nuc=4.8588
[Epoch 034] train_ce=0.1043 | train_nuc=4.8419 | train_total=0.1875 | train_acc=0.9639 | val_loss=0.1013 | val_acc=0.9620 | test_acc=0.9582 | fro=1.0000 | nuc=4.9389
[Epoch 035] train_ce=0.1032 | train_nuc=4.8594 | train_total=0.1867 | train_acc=0.9632 | val_loss=0.0994 | val_acc=0.9673 | test_acc=0.9615 | fro=1.0000 | nuc=4.8713
Early stopping triggered at epoch 35. Best val_loss=0.092809 at epoch 25.
Done. alpha=0.017190647504743226 | best_val_loss=0.092809 | best_epoch=25

================================================================================
Training alpha=0.01719065, seed=3
================================================================================
Using device: cuda
[Experiment] model_one_layer_FC_alpha_0p017190647504743226
[Alpha] 0.017190647504743226
[Run dir] outputs/compressibility_adv_robustness/model_one_layer_FC_alpha_0p017190647504743226_seed_3
[Target Frobenius norm] 1.000000
[Early stopping patience] 10
[Epoch 001] train_ce=0.2655 | train_nuc=3.5561 | train_total=0.3266 | train_acc=0.8975 | val_loss=0.1944 | val_acc=0.9337 | test_acc=0.9364 | fro=1.0000 | nuc=3.2223
[Epoch 002] train_ce=0.1934 | train_nuc=3.4676 | train_total=0.2530 | train_acc=0.9292 | val_loss=0.1723 | val_acc=0.9443 | test_acc=0.9411 | fro=1.0000 | nuc=3.6115
[Epoch 003] train_ce=0.1851 | train_nuc=3.8761 | train_total=0.2517 | train_acc=0.9309 | val_loss=0.1495 | val_acc=0.9510 | test_acc=0.9475 | fro=1.0000 | nuc=3.9579
[Epoch 004] train_ce=0.1713 | train_nuc=4.1673 | train_total=0.2430 | train_acc=0.9368 | val_loss=0.1803 | val_acc=0.9310 | test_acc=0.9350 | fro=1.0000 | nuc=4.3194
[Epoch 005] train_ce=0.1686 | train_nuc=4.3700 | train_total=0.2437 | train_acc=0.9378 | val_loss=0.1539 | val_acc=0.9460 | test_acc=0.9468 | fro=1.0000 | nuc=4.3985
[Epoch 006] train_ce=0.1572 | train_nuc=4.4806 | train_total=0.2343 | train_acc=0.9432 | val_loss=0.1995 | val_acc=0.9167 | test_acc=0.9267 | fro=1.0000 | nuc=4.4967
[Epoch 007] train_ce=0.1546 | train_nuc=4.6119 | train_total=0.2338 | train_acc=0.9430 | val_loss=0.1510 | val_acc=0.9467 | test_acc=0.9450 | fro=1.0000 | nuc=4.7142
[Epoch 008] train_ce=0.1607 | train_nuc=4.6942 | train_total=0.2414 | train_acc=0.9409 | val_loss=0.1656 | val_acc=0.9400 | test_acc=0.9452 | fro=1.0000 | nuc=4.6036
[Epoch 009] train_ce=0.1506 | train_nuc=4.6439 | train_total=0.2304 | train_acc=0.9449 | val_loss=0.1423 | val_acc=0.9477 | test_acc=0.9510 | fro=1.0000 | nuc=4.6716
[Epoch 010] train_ce=0.1488 | train_nuc=4.6514 | train_total=0.2287 | train_acc=0.9456 | val_loss=0.1686 | val_acc=0.9367 | test_acc=0.9384 | fro=1.0000 | nuc=4.7200
[Epoch 011] train_ce=0.1449 | train_nuc=4.6970 | train_total=0.2257 | train_acc=0.9469 | val_loss=0.1522 | val_acc=0.9437 | test_acc=0.9478 | fro=1.0000 | nuc=4.7408
[Epoch 012] train_ce=0.1396 | train_nuc=4.6679 | train_total=0.2198 | train_acc=0.9497 | val_loss=0.1407 | val_acc=0.9517 | test_acc=0.9509 | fro=1.0000 | nuc=4.6707
[Epoch 013] train_ce=0.1370 | train_nuc=4.7599 | train_total=0.2188 | train_acc=0.9503 | val_loss=0.1544 | val_acc=0.9430 | test_acc=0.9471 | fro=1.0000 | nuc=4.8637
[Epoch 014] train_ce=0.1404 | train_nuc=4.7412 | train_total=0.2219 | train_acc=0.9476 | val_loss=0.1357 | val_acc=0.9510 | test_acc=0.9554 | fro=1.0000 | nuc=4.6856
[Epoch 015] train_ce=0.1333 | train_nuc=4.7575 | train_total=0.2151 | train_acc=0.9519 | val_loss=0.1380 | val_acc=0.9500 | test_acc=0.9459 | fro=1.0000 | nuc=4.7030
[Epoch 016] train_ce=0.1314 | train_nuc=4.7120 | train_total=0.2124 | train_acc=0.9522 | val_loss=0.1285 | val_acc=0.9537 | test_acc=0.9527 | fro=1.0000 | nuc=4.7915
[Epoch 017] train_ce=0.1283 | train_nuc=4.7305 | train_total=0.2096 | train_acc=0.9541 | val_loss=0.1347 | val_acc=0.9513 | test_acc=0.9561 | fro=1.0000 | nuc=4.8641
[Epoch 018] train_ce=0.1260 | train_nuc=4.7989 | train_total=0.2085 | train_acc=0.9546 | val_loss=0.1225 | val_acc=0.9617 | test_acc=0.9582 | fro=1.0000 | nuc=4.7272
[Epoch 019] train_ce=0.1227 | train_nuc=4.7571 | train_total=0.2044 | train_acc=0.9559 | val_loss=0.1283 | val_acc=0.9533 | test_acc=0.9590 | fro=1.0000 | nuc=4.8882
[Epoch 020] train_ce=0.1170 | train_nuc=4.7743 | train_total=0.1990 | train_acc=0.9581 | val_loss=0.1136 | val_acc=0.9577 | test_acc=0.9610 | fro=1.0000 | nuc=4.7979
[Epoch 021] train_ce=0.1189 | train_nuc=4.8469 | train_total=0.2022 | train_acc=0.9577 | val_loss=0.1262 | val_acc=0.9563 | test_acc=0.9563 | fro=1.0000 | nuc=4.8777
[Epoch 022] train_ce=0.1179 | train_nuc=4.8463 | train_total=0.2012 | train_acc=0.9580 | val_loss=0.1260 | val_acc=0.9587 | test_acc=0.9582 | fro=1.0000 | nuc=4.8995
[Epoch 023] train_ce=0.1204 | train_nuc=4.8972 | train_total=0.2046 | train_acc=0.9561 | val_loss=0.1318 | val_acc=0.9507 | test_acc=0.9527 | fro=1.0000 | nuc=4.8828
[Epoch 024] train_ce=0.1247 | train_nuc=4.8793 | train_total=0.2086 | train_acc=0.9543 | val_loss=0.1213 | val_acc=0.9600 | test_acc=0.9587 | fro=1.0000 | nuc=4.7371
[Epoch 025] train_ce=0.1204 | train_nuc=4.7944 | train_total=0.2028 | train_acc=0.9570 | val_loss=0.1247 | val_acc=0.9563 | test_acc=0.9546 | fro=1.0000 | nuc=4.8242
[Epoch 026] train_ce=0.1122 | train_nuc=4.8830 | train_total=0.1961 | train_acc=0.9599 | val_loss=0.1236 | val_acc=0.9593 | test_acc=0.9588 | fro=1.0000 | nuc=4.9199
[Epoch 027] train_ce=0.1138 | train_nuc=4.8609 | train_total=0.1974 | train_acc=0.9591 | val_loss=0.1079 | val_acc=0.9647 | test_acc=0.9611 | fro=1.0000 | nuc=4.9440
[Epoch 028] train_ce=0.1122 | train_nuc=4.8983 | train_total=0.1964 | train_acc=0.9597 | val_loss=0.1377 | val_acc=0.9507 | test_acc=0.9522 | fro=1.0000 | nuc=4.9297
[Epoch 029] train_ce=0.1090 | train_nuc=4.8626 | train_total=0.1926 | train_acc=0.9613 | val_loss=0.1068 | val_acc=0.9637 | test_acc=0.9648 | fro=1.0000 | nuc=4.8547
[Epoch 030] train_ce=0.1076 | train_nuc=4.8643 | train_total=0.1912 | train_acc=0.9618 | val_loss=0.0970 | val_acc=0.9657 | test_acc=0.9682 | fro=1.0000 | nuc=4.7959
[Epoch 031] train_ce=0.1116 | train_nuc=4.8346 | train_total=0.1947 | train_acc=0.9606 | val_loss=0.1180 | val_acc=0.9590 | test_acc=0.9591 | fro=1.0000 | nuc=4.8696
[Epoch 032] train_ce=0.1110 | train_nuc=4.8232 | train_total=0.1939 | train_acc=0.9608 | val_loss=0.1384 | val_acc=0.9487 | test_acc=0.9545 | fro=1.0000 | nuc=4.8348
[Epoch 033] train_ce=0.1068 | train_nuc=4.8886 | train_total=0.1909 | train_acc=0.9619 | val_loss=0.1309 | val_acc=0.9500 | test_acc=0.9533 | fro=1.0000 | nuc=4.9036
[Epoch 034] train_ce=0.1083 | train_nuc=4.9199 | train_total=0.1928 | train_acc=0.9613 | val_loss=0.1012 | val_acc=0.9667 | test_acc=0.9673 | fro=1.0000 | nuc=4.9639
[Epoch 035] train_ce=0.1068 | train_nuc=4.8949 | train_total=0.1910 | train_acc=0.9612 | val_loss=0.1257 | val_acc=0.9567 | test_acc=0.9586 | fro=1.0000 | nuc=4.9634
[Epoch 036] train_ce=0.1122 | train_nuc=4.8906 | train_total=0.1962 | train_acc=0.9599 | val_loss=0.1026 | val_acc=0.9667 | test_acc=0.9658 | fro=1.0000 | nuc=4.9323
[Epoch 037] train_ce=0.1020 | train_nuc=4.9082 | train_total=0.1863 | train_acc=0.9635 | val_loss=0.1035 | val_acc=0.9640 | test_acc=0.9643 | fro=1.0000 | nuc=4.9403
[Epoch 038] train_ce=0.1079 | train_nuc=4.8493 | train_total=0.1912 | train_acc=0.9623 | val_loss=0.1228 | val_acc=0.9580 | test_acc=0.9579 | fro=1.0000 | nuc=4.8327
[Epoch 039] train_ce=0.1066 | train_nuc=4.8668 | train_total=0.1903 | train_acc=0.9611 | val_loss=0.1041 | val_acc=0.9667 | test_acc=0.9630 | fro=1.0000 | nuc=4.8640
[Epoch 040] train_ce=0.1044 | train_nuc=4.8551 | train_total=0.1879 | train_acc=0.9627 | val_loss=0.1186 | val_acc=0.9567 | test_acc=0.9565 | fro=1.0000 | nuc=4.8298
Early stopping triggered at epoch 40. Best val_loss=0.097019 at epoch 30.
Done. alpha=0.017190647504743226 | best_val_loss=0.097019 | best_epoch=30

================================================================================
Training alpha=0.01719065, seed=4
================================================================================
Using device: cuda
[Experiment] model_one_layer_FC_alpha_0p017190647504743226
[Alpha] 0.017190647504743226
[Run dir] outputs/compressibility_adv_robustness/model_one_layer_FC_alpha_0p017190647504743226_seed_4
[Target Frobenius norm] 1.000000
[Early stopping patience] 10
[Epoch 001] train_ce=0.2542 | train_nuc=3.5923 | train_total=0.3159 | train_acc=0.9026 | val_loss=0.2200 | val_acc=0.9210 | test_acc=0.9250 | fro=1.0000 | nuc=3.2538
[Epoch 002] train_ce=0.1905 | train_nuc=3.4431 | train_total=0.2497 | train_acc=0.9292 | val_loss=0.1758 | val_acc=0.9403 | test_acc=0.9427 | fro=1.0000 | nuc=3.6930
[Epoch 003] train_ce=0.1735 | train_nuc=3.8961 | train_total=0.2405 | train_acc=0.9363 | val_loss=0.1999 | val_acc=0.9260 | test_acc=0.9269 | fro=1.0000 | nuc=4.0734
[Epoch 004] train_ce=0.1732 | train_nuc=4.1511 | train_total=0.2445 | train_acc=0.9350 | val_loss=0.1562 | val_acc=0.9430 | test_acc=0.9479 | fro=1.0000 | nuc=4.2821
[Epoch 005] train_ce=0.1664 | train_nuc=4.3713 | train_total=0.2415 | train_acc=0.9389 | val_loss=0.1666 | val_acc=0.9360 | test_acc=0.9404 | fro=1.0000 | nuc=4.4832
[Epoch 006] train_ce=0.1661 | train_nuc=4.4815 | train_total=0.2431 | train_acc=0.9386 | val_loss=0.1925 | val_acc=0.9250 | test_acc=0.9279 | fro=1.0000 | nuc=4.4624
[Epoch 007] train_ce=0.1571 | train_nuc=4.5100 | train_total=0.2346 | train_acc=0.9424 | val_loss=0.1440 | val_acc=0.9477 | test_acc=0.9467 | fro=1.0000 | nuc=4.6049
[Epoch 008] train_ce=0.1563 | train_nuc=4.5888 | train_total=0.2352 | train_acc=0.9432 | val_loss=0.1525 | val_acc=0.9423 | test_acc=0.9459 | fro=1.0000 | nuc=4.6625
[Epoch 009] train_ce=0.1524 | train_nuc=4.6073 | train_total=0.2316 | train_acc=0.9445 | val_loss=0.1600 | val_acc=0.9413 | test_acc=0.9364 | fro=1.0000 | nuc=4.7747
[Epoch 010] train_ce=0.1509 | train_nuc=4.6455 | train_total=0.2308 | train_acc=0.9450 | val_loss=0.1956 | val_acc=0.9280 | test_acc=0.9273 | fro=1.0000 | nuc=4.6673
[Epoch 011] train_ce=0.1521 | train_nuc=4.6150 | train_total=0.2314 | train_acc=0.9442 | val_loss=0.1316 | val_acc=0.9563 | test_acc=0.9541 | fro=1.0000 | nuc=4.7071
[Epoch 012] train_ce=0.1379 | train_nuc=4.6366 | train_total=0.2176 | train_acc=0.9507 | val_loss=0.1577 | val_acc=0.9460 | test_acc=0.9447 | fro=1.0000 | nuc=4.6857
[Epoch 013] train_ce=0.1384 | train_nuc=4.6776 | train_total=0.2188 | train_acc=0.9496 | val_loss=0.1314 | val_acc=0.9503 | test_acc=0.9503 | fro=1.0000 | nuc=4.7257
[Epoch 014] train_ce=0.1346 | train_nuc=4.7571 | train_total=0.2164 | train_acc=0.9511 | val_loss=0.1508 | val_acc=0.9457 | test_acc=0.9489 | fro=1.0000 | nuc=4.6786
[Epoch 015] train_ce=0.1266 | train_nuc=4.7476 | train_total=0.2082 | train_acc=0.9557 | val_loss=0.1278 | val_acc=0.9577 | test_acc=0.9557 | fro=1.0000 | nuc=4.7966
[Epoch 016] train_ce=0.1358 | train_nuc=4.7777 | train_total=0.2179 | train_acc=0.9507 | val_loss=0.1237 | val_acc=0.9577 | test_acc=0.9571 | fro=1.0000 | nuc=4.7023
[Epoch 017] train_ce=0.1269 | train_nuc=4.7875 | train_total=0.2092 | train_acc=0.9553 | val_loss=0.1479 | val_acc=0.9470 | test_acc=0.9463 | fro=1.0000 | nuc=4.7795
[Epoch 018] train_ce=0.1331 | train_nuc=4.7365 | train_total=0.2145 | train_acc=0.9513 | val_loss=0.1783 | val_acc=0.9277 | test_acc=0.9285 | fro=1.0000 | nuc=4.8051
[Epoch 019] train_ce=0.1293 | train_nuc=4.7530 | train_total=0.2110 | train_acc=0.9536 | val_loss=0.1805 | val_acc=0.9363 | test_acc=0.9362 | fro=1.0000 | nuc=4.6778
[Epoch 020] train_ce=0.1180 | train_nuc=4.6947 | train_total=0.1987 | train_acc=0.9587 | val_loss=0.1308 | val_acc=0.9530 | test_acc=0.9540 | fro=1.0000 | nuc=4.7543
[Epoch 021] train_ce=0.1185 | train_nuc=4.7583 | train_total=0.2003 | train_acc=0.9586 | val_loss=0.1170 | val_acc=0.9580 | test_acc=0.9597 | fro=1.0000 | nuc=4.6716
[Epoch 022] train_ce=0.1200 | train_nuc=4.7903 | train_total=0.2024 | train_acc=0.9570 | val_loss=0.1358 | val_acc=0.9540 | test_acc=0.9497 | fro=1.0000 | nuc=4.7622
[Epoch 023] train_ce=0.1204 | train_nuc=4.8187 | train_total=0.2032 | train_acc=0.9565 | val_loss=0.1142 | val_acc=0.9623 | test_acc=0.9623 | fro=1.0000 | nuc=4.7586
[Epoch 024] train_ce=0.1158 | train_nuc=4.8474 | train_total=0.1991 | train_acc=0.9590 | val_loss=0.1241 | val_acc=0.9537 | test_acc=0.9580 | fro=1.0000 | nuc=4.8512
[Epoch 025] train_ce=0.1168 | train_nuc=4.8731 | train_total=0.2006 | train_acc=0.9584 | val_loss=0.1372 | val_acc=0.9527 | test_acc=0.9583 | fro=1.0000 | nuc=4.8355
[Epoch 026] train_ce=0.1139 | train_nuc=4.8566 | train_total=0.1974 | train_acc=0.9588 | val_loss=0.1335 | val_acc=0.9493 | test_acc=0.9514 | fro=1.0000 | nuc=4.8885
[Epoch 027] train_ce=0.1098 | train_nuc=4.8473 | train_total=0.1931 | train_acc=0.9609 | val_loss=0.1234 | val_acc=0.9600 | test_acc=0.9603 | fro=1.0000 | nuc=4.7411
[Epoch 028] train_ce=0.1138 | train_nuc=4.8252 | train_total=0.1968 | train_acc=0.9601 | val_loss=0.1122 | val_acc=0.9590 | test_acc=0.9644 | fro=1.0000 | nuc=4.8193
[Epoch 029] train_ce=0.1062 | train_nuc=4.8268 | train_total=0.1892 | train_acc=0.9626 | val_loss=0.1168 | val_acc=0.9527 | test_acc=0.9580 | fro=1.0000 | nuc=4.7919
[Epoch 030] train_ce=0.1079 | train_nuc=4.8384 | train_total=0.1911 | train_acc=0.9614 | val_loss=0.1167 | val_acc=0.9643 | test_acc=0.9599 | fro=1.0000 | nuc=4.8696
[Epoch 031] train_ce=0.1083 | train_nuc=4.9388 | train_total=0.1932 | train_acc=0.9606 | val_loss=0.1217 | val_acc=0.9587 | test_acc=0.9562 | fro=1.0000 | nuc=5.0490
[Epoch 032] train_ce=0.1054 | train_nuc=4.9234 | train_total=0.1901 | train_acc=0.9625 | val_loss=0.1068 | val_acc=0.9623 | test_acc=0.9646 | fro=1.0000 | nuc=4.8593
[Epoch 033] train_ce=0.1105 | train_nuc=4.9468 | train_total=0.1956 | train_acc=0.9597 | val_loss=0.1038 | val_acc=0.9643 | test_acc=0.9670 | fro=1.0000 | nuc=4.9556
[Epoch 034] train_ce=0.1079 | train_nuc=4.9264 | train_total=0.1926 | train_acc=0.9614 | val_loss=0.1069 | val_acc=0.9633 | test_acc=0.9611 | fro=1.0000 | nuc=4.8768
[Epoch 035] train_ce=0.1054 | train_nuc=4.9367 | train_total=0.1903 | train_acc=0.9625 | val_loss=0.1044 | val_acc=0.9633 | test_acc=0.9620 | fro=1.0000 | nuc=5.0406
[Epoch 036] train_ce=0.1096 | train_nuc=4.9066 | train_total=0.1940 | train_acc=0.9613 | val_loss=0.1323 | val_acc=0.9503 | test_acc=0.9549 | fro=1.0000 | nuc=4.8408
[Epoch 037] train_ce=0.1026 | train_nuc=4.9051 | train_total=0.1869 | train_acc=0.9633 | val_loss=0.1055 | val_acc=0.9647 | test_acc=0.9661 | fro=1.0000 | nuc=4.8725
[Epoch 038] train_ce=0.1005 | train_nuc=4.8154 | train_total=0.1833 | train_acc=0.9648 | val_loss=0.1198 | val_acc=0.9577 | test_acc=0.9606 | fro=1.0000 | nuc=4.9469
[Epoch 039] train_ce=0.1047 | train_nuc=4.9178 | train_total=0.1892 | train_acc=0.9620 | val_loss=0.1181 | val_acc=0.9597 | test_acc=0.9605 | fro=1.0000 | nuc=4.8362
[Epoch 040] train_ce=0.1068 | train_nuc=4.9067 | train_total=0.1911 | train_acc=0.9617 | val_loss=0.1046 | val_acc=0.9623 | test_acc=0.9647 | fro=1.0000 | nuc=4.9642
[Epoch 041] train_ce=0.1051 | train_nuc=4.8964 | train_total=0.1893 | train_acc=0.9623 | val_loss=0.1078 | val_acc=0.9603 | test_acc=0.9640 | fro=1.0000 | nuc=4.8553
[Epoch 042] train_ce=0.1036 | train_nuc=4.8931 | train_total=0.1877 | train_acc=0.9622 | val_loss=0.1157 | val_acc=0.9590 | test_acc=0.9599 | fro=1.0000 | nuc=4.8190
[Epoch 043] train_ce=0.1019 | train_nuc=4.8762 | train_total=0.1857 | train_acc=0.9642 | val_loss=0.1092 | val_acc=0.9607 | test_acc=0.9650 | fro=1.0000 | nuc=4.7764
Early stopping triggered at epoch 43. Best val_loss=0.103766 at epoch 33.
Done. alpha=0.017190647504743226 | best_val_loss=0.103766 | best_epoch=33

================================================================================
Training alpha=0.03045496, seed=0
================================================================================
Using device: cuda
[Experiment] model_one_layer_FC_alpha_0p030454960396664742
[Alpha] 0.030454960396664742
[Run dir] outputs/compressibility_adv_robustness/model_one_layer_FC_alpha_0p030454960396664742_seed_0
[Target Frobenius norm] 1.000000
[Early stopping patience] 10
[Epoch 001] train_ce=0.2585 | train_nuc=3.5237 | train_total=0.3658 | train_acc=0.9001 | val_loss=0.2213 | val_acc=0.9110 | test_acc=0.9097 | fro=1.0000 | nuc=3.0256
[Epoch 002] train_ce=0.1950 | train_nuc=3.3386 | train_total=0.2967 | train_acc=0.9277 | val_loss=0.1832 | val_acc=0.9373 | test_acc=0.9313 | fro=1.0000 | nuc=3.5665
[Epoch 003] train_ce=0.1879 | train_nuc=3.6013 | train_total=0.2976 | train_acc=0.9288 | val_loss=0.1586 | val_acc=0.9473 | test_acc=0.9389 | fro=1.0000 | nuc=3.6368
[Epoch 004] train_ce=0.1773 | train_nuc=3.6934 | train_total=0.2898 | train_acc=0.9344 | val_loss=0.1783 | val_acc=0.9317 | test_acc=0.9378 | fro=1.0000 | nuc=3.7062
[Epoch 005] train_ce=0.1694 | train_nuc=3.7914 | train_total=0.2849 | train_acc=0.9372 | val_loss=0.1368 | val_acc=0.9503 | test_acc=0.9488 | fro=1.0000 | nuc=3.8654
[Epoch 006] train_ce=0.1656 | train_nuc=3.9310 | train_total=0.2854 | train_acc=0.9393 | val_loss=0.1646 | val_acc=0.9420 | test_acc=0.9378 | fro=1.0000 | nuc=4.0028
[Epoch 007] train_ce=0.1660 | train_nuc=3.9707 | train_total=0.2869 | train_acc=0.9385 | val_loss=0.1502 | val_acc=0.9520 | test_acc=0.9460 | fro=1.0000 | nuc=4.0726
[Epoch 008] train_ce=0.1591 | train_nuc=4.0228 | train_total=0.2817 | train_acc=0.9427 | val_loss=0.1424 | val_acc=0.9537 | test_acc=0.9462 | fro=1.0000 | nuc=4.0604
[Epoch 009] train_ce=0.1536 | train_nuc=4.0391 | train_total=0.2766 | train_acc=0.9440 | val_loss=0.1387 | val_acc=0.9507 | test_acc=0.9509 | fro=1.0000 | nuc=4.0661
[Epoch 010] train_ce=0.1608 | train_nuc=4.1086 | train_total=0.2859 | train_acc=0.9410 | val_loss=0.1332 | val_acc=0.9523 | test_acc=0.9493 | fro=1.0000 | nuc=4.1202
[Epoch 011] train_ce=0.1581 | train_nuc=4.0461 | train_total=0.2813 | train_acc=0.9424 | val_loss=0.1295 | val_acc=0.9583 | test_acc=0.9518 | fro=1.0000 | nuc=3.9589
[Epoch 012] train_ce=0.1481 | train_nuc=4.0519 | train_total=0.2715 | train_acc=0.9464 | val_loss=0.1250 | val_acc=0.9533 | test_acc=0.9489 | fro=1.0000 | nuc=4.1050
[Epoch 013] train_ce=0.1443 | train_nuc=4.1371 | train_total=0.2703 | train_acc=0.9480 | val_loss=0.1410 | val_acc=0.9520 | test_acc=0.9474 | fro=1.0000 | nuc=4.1916
[Epoch 014] train_ce=0.1424 | train_nuc=4.1703 | train_total=0.2694 | train_acc=0.9484 | val_loss=0.1702 | val_acc=0.9347 | test_acc=0.9358 | fro=1.0000 | nuc=4.2096
[Epoch 015] train_ce=0.1361 | train_nuc=4.1876 | train_total=0.2636 | train_acc=0.9513 | val_loss=0.1118 | val_acc=0.9630 | test_acc=0.9545 | fro=1.0000 | nuc=4.2018
[Epoch 016] train_ce=0.1332 | train_nuc=4.2498 | train_total=0.2626 | train_acc=0.9521 | val_loss=0.1329 | val_acc=0.9547 | test_acc=0.9551 | fro=1.0000 | nuc=4.2417
[Epoch 017] train_ce=0.1283 | train_nuc=4.2473 | train_total=0.2576 | train_acc=0.9538 | val_loss=0.1474 | val_acc=0.9477 | test_acc=0.9437 | fro=1.0000 | nuc=4.2794
[Epoch 018] train_ce=0.1263 | train_nuc=4.2999 | train_total=0.2572 | train_acc=0.9551 | val_loss=0.1313 | val_acc=0.9547 | test_acc=0.9524 | fro=1.0000 | nuc=4.3266
[Epoch 019] train_ce=0.1284 | train_nuc=4.2770 | train_total=0.2586 | train_acc=0.9537 | val_loss=0.1166 | val_acc=0.9600 | test_acc=0.9593 | fro=1.0000 | nuc=4.2838
[Epoch 020] train_ce=0.1238 | train_nuc=4.3085 | train_total=0.2550 | train_acc=0.9553 | val_loss=0.1339 | val_acc=0.9463 | test_acc=0.9513 | fro=1.0000 | nuc=4.2973
[Epoch 021] train_ce=0.1262 | train_nuc=4.3085 | train_total=0.2574 | train_acc=0.9550 | val_loss=0.1260 | val_acc=0.9547 | test_acc=0.9565 | fro=1.0000 | nuc=4.3815
[Epoch 022] train_ce=0.1236 | train_nuc=4.2940 | train_total=0.2544 | train_acc=0.9556 | val_loss=0.1163 | val_acc=0.9587 | test_acc=0.9499 | fro=1.0000 | nuc=4.2659
[Epoch 023] train_ce=0.1185 | train_nuc=4.2787 | train_total=0.2488 | train_acc=0.9580 | val_loss=0.1145 | val_acc=0.9607 | test_acc=0.9579 | fro=1.0000 | nuc=4.2396
[Epoch 024] train_ce=0.1238 | train_nuc=4.3511 | train_total=0.2563 | train_acc=0.9555 | val_loss=0.1221 | val_acc=0.9567 | test_acc=0.9541 | fro=1.0000 | nuc=4.3620
[Epoch 025] train_ce=0.1239 | train_nuc=4.4010 | train_total=0.2579 | train_acc=0.9553 | val_loss=0.1113 | val_acc=0.9633 | test_acc=0.9572 | fro=1.0000 | nuc=4.3687
[Epoch 026] train_ce=0.1168 | train_nuc=4.3528 | train_total=0.2494 | train_acc=0.9578 | val_loss=0.1066 | val_acc=0.9603 | test_acc=0.9615 | fro=1.0000 | nuc=4.4745
[Epoch 027] train_ce=0.1214 | train_nuc=4.4135 | train_total=0.2559 | train_acc=0.9565 | val_loss=0.1067 | val_acc=0.9607 | test_acc=0.9651 | fro=1.0000 | nuc=4.3849
[Epoch 028] train_ce=0.1216 | train_nuc=4.3805 | train_total=0.2551 | train_acc=0.9563 | val_loss=0.1448 | val_acc=0.9460 | test_acc=0.9448 | fro=1.0000 | nuc=4.3145
[Epoch 029] train_ce=0.1174 | train_nuc=4.2949 | train_total=0.2482 | train_acc=0.9579 | val_loss=0.1205 | val_acc=0.9567 | test_acc=0.9547 | fro=1.0000 | nuc=4.3374
[Epoch 030] train_ce=0.1189 | train_nuc=4.3760 | train_total=0.2522 | train_acc=0.9573 | val_loss=0.1160 | val_acc=0.9550 | test_acc=0.9562 | fro=1.0000 | nuc=4.4024
[Epoch 031] train_ce=0.1160 | train_nuc=4.3297 | train_total=0.2479 | train_acc=0.9591 | val_loss=0.1077 | val_acc=0.9620 | test_acc=0.9595 | fro=1.0000 | nuc=4.4304
[Epoch 032] train_ce=0.1114 | train_nuc=4.3223 | train_total=0.2431 | train_acc=0.9608 | val_loss=0.1161 | val_acc=0.9587 | test_acc=0.9548 | fro=1.0000 | nuc=4.2940
[Epoch 033] train_ce=0.1131 | train_nuc=4.3071 | train_total=0.2443 | train_acc=0.9607 | val_loss=0.0959 | val_acc=0.9673 | test_acc=0.9610 | fro=1.0000 | nuc=4.2442
[Epoch 034] train_ce=0.1115 | train_nuc=4.3175 | train_total=0.2430 | train_acc=0.9606 | val_loss=0.1156 | val_acc=0.9597 | test_acc=0.9590 | fro=1.0000 | nuc=4.3957
[Epoch 035] train_ce=0.1102 | train_nuc=4.3354 | train_total=0.2423 | train_acc=0.9613 | val_loss=0.1054 | val_acc=0.9627 | test_acc=0.9581 | fro=1.0000 | nuc=4.3716
[Epoch 036] train_ce=0.1203 | train_nuc=4.3389 | train_total=0.2524 | train_acc=0.9561 | val_loss=0.1082 | val_acc=0.9653 | test_acc=0.9610 | fro=1.0000 | nuc=4.3611
[Epoch 037] train_ce=0.1092 | train_nuc=4.3432 | train_total=0.2415 | train_acc=0.9612 | val_loss=0.1007 | val_acc=0.9643 | test_acc=0.9597 | fro=1.0000 | nuc=4.3365
[Epoch 038] train_ce=0.1155 | train_nuc=4.3424 | train_total=0.2478 | train_acc=0.9582 | val_loss=0.0943 | val_acc=0.9670 | test_acc=0.9658 | fro=1.0000 | nuc=4.2664
[Epoch 039] train_ce=0.1094 | train_nuc=4.2854 | train_total=0.2399 | train_acc=0.9614 | val_loss=0.1136 | val_acc=0.9547 | test_acc=0.9593 | fro=1.0000 | nuc=4.2524
[Epoch 040] train_ce=0.1079 | train_nuc=4.2418 | train_total=0.2371 | train_acc=0.9625 | val_loss=0.0999 | val_acc=0.9653 | test_acc=0.9635 | fro=1.0000 | nuc=4.2264
[Epoch 041] train_ce=0.1065 | train_nuc=4.2722 | train_total=0.2366 | train_acc=0.9614 | val_loss=0.1061 | val_acc=0.9627 | test_acc=0.9585 | fro=1.0000 | nuc=4.3284
[Epoch 042] train_ce=0.1063 | train_nuc=4.2877 | train_total=0.2369 | train_acc=0.9624 | val_loss=0.1072 | val_acc=0.9573 | test_acc=0.9623 | fro=1.0000 | nuc=4.2204
[Epoch 043] train_ce=0.1068 | train_nuc=4.3588 | train_total=0.2396 | train_acc=0.9624 | val_loss=0.1076 | val_acc=0.9613 | test_acc=0.9614 | fro=1.0000 | nuc=4.3470
[Epoch 044] train_ce=0.1076 | train_nuc=4.2911 | train_total=0.2383 | train_acc=0.9615 | val_loss=0.1281 | val_acc=0.9610 | test_acc=0.9534 | fro=1.0000 | nuc=4.3475
[Epoch 045] train_ce=0.1070 | train_nuc=4.2665 | train_total=0.2369 | train_acc=0.9617 | val_loss=0.0965 | val_acc=0.9670 | test_acc=0.9632 | fro=1.0000 | nuc=4.2820
[Epoch 046] train_ce=0.1059 | train_nuc=4.2948 | train_total=0.2367 | train_acc=0.9626 | val_loss=0.1096 | val_acc=0.9587 | test_acc=0.9593 | fro=1.0000 | nuc=4.3083
[Epoch 047] train_ce=0.1026 | train_nuc=4.2628 | train_total=0.2324 | train_acc=0.9631 | val_loss=0.0944 | val_acc=0.9677 | test_acc=0.9639 | fro=1.0000 | nuc=4.2657
[Epoch 048] train_ce=0.1048 | train_nuc=4.2763 | train_total=0.2351 | train_acc=0.9624 | val_loss=0.1168 | val_acc=0.9583 | test_acc=0.9611 | fro=1.0000 | nuc=4.3763
Early stopping triggered at epoch 48. Best val_loss=0.094268 at epoch 38.
Done. alpha=0.030454960396664742 | best_val_loss=0.094268 | best_epoch=38

================================================================================
Training alpha=0.03045496, seed=1
================================================================================
Using device: cuda
[Experiment] model_one_layer_FC_alpha_0p030454960396664742
[Alpha] 0.030454960396664742
[Run dir] outputs/compressibility_adv_robustness/model_one_layer_FC_alpha_0p030454960396664742_seed_1
[Target Frobenius norm] 1.000000
[Early stopping patience] 10
[Epoch 001] train_ce=0.2617 | train_nuc=3.4712 | train_total=0.3674 | train_acc=0.8998 | val_loss=0.2014 | val_acc=0.9257 | test_acc=0.9309 | fro=1.0000 | nuc=2.9638
[Epoch 002] train_ce=0.2020 | train_nuc=3.2366 | train_total=0.3006 | train_acc=0.9238 | val_loss=0.1897 | val_acc=0.9337 | test_acc=0.9339 | fro=1.0000 | nuc=3.4952
[Epoch 003] train_ce=0.1790 | train_nuc=3.5254 | train_total=0.2864 | train_acc=0.9335 | val_loss=0.2170 | val_acc=0.9160 | test_acc=0.9157 | fro=1.0000 | nuc=3.6277
[Epoch 004] train_ce=0.1762 | train_nuc=3.7246 | train_total=0.2896 | train_acc=0.9349 | val_loss=0.1682 | val_acc=0.9433 | test_acc=0.9421 | fro=1.0000 | nuc=3.6348
[Epoch 005] train_ce=0.1723 | train_nuc=3.7988 | train_total=0.2880 | train_acc=0.9361 | val_loss=0.1733 | val_acc=0.9387 | test_acc=0.9427 | fro=1.0000 | nuc=3.8277
[Epoch 006] train_ce=0.1642 | train_nuc=3.9084 | train_total=0.2833 | train_acc=0.9394 | val_loss=0.1728 | val_acc=0.9353 | test_acc=0.9392 | fro=1.0000 | nuc=3.9337
[Epoch 007] train_ce=0.1639 | train_nuc=3.9736 | train_total=0.2849 | train_acc=0.9394 | val_loss=0.1531 | val_acc=0.9510 | test_acc=0.9487 | fro=1.0000 | nuc=4.0102
[Epoch 008] train_ce=0.1591 | train_nuc=4.0337 | train_total=0.2819 | train_acc=0.9419 | val_loss=0.1394 | val_acc=0.9533 | test_acc=0.9504 | fro=1.0000 | nuc=4.0206
[Epoch 009] train_ce=0.1550 | train_nuc=4.0245 | train_total=0.2776 | train_acc=0.9433 | val_loss=0.1504 | val_acc=0.9487 | test_acc=0.9527 | fro=1.0000 | nuc=4.1004
[Epoch 010] train_ce=0.1494 | train_nuc=4.0918 | train_total=0.2740 | train_acc=0.9454 | val_loss=0.1973 | val_acc=0.9210 | test_acc=0.9262 | fro=1.0000 | nuc=4.1947
[Epoch 011] train_ce=0.1476 | train_nuc=4.1502 | train_total=0.2740 | train_acc=0.9466 | val_loss=0.1529 | val_acc=0.9440 | test_acc=0.9471 | fro=1.0000 | nuc=4.1405
[Epoch 012] train_ce=0.1436 | train_nuc=4.1846 | train_total=0.2711 | train_acc=0.9476 | val_loss=0.2169 | val_acc=0.9173 | test_acc=0.9271 | fro=1.0000 | nuc=4.2378
[Epoch 013] train_ce=0.1407 | train_nuc=4.2337 | train_total=0.2696 | train_acc=0.9487 | val_loss=0.1544 | val_acc=0.9463 | test_acc=0.9502 | fro=1.0000 | nuc=4.3116
[Epoch 014] train_ce=0.1342 | train_nuc=4.2651 | train_total=0.2641 | train_acc=0.9520 | val_loss=0.1548 | val_acc=0.9440 | test_acc=0.9503 | fro=1.0000 | nuc=4.3026
[Epoch 015] train_ce=0.1349 | train_nuc=4.2856 | train_total=0.2654 | train_acc=0.9506 | val_loss=0.1342 | val_acc=0.9510 | test_acc=0.9564 | fro=1.0000 | nuc=4.2375
[Epoch 016] train_ce=0.1291 | train_nuc=4.2932 | train_total=0.2598 | train_acc=0.9529 | val_loss=0.1383 | val_acc=0.9520 | test_acc=0.9578 | fro=1.0000 | nuc=4.3042
[Epoch 017] train_ce=0.1305 | train_nuc=4.2886 | train_total=0.2612 | train_acc=0.9539 | val_loss=0.1279 | val_acc=0.9563 | test_acc=0.9591 | fro=1.0000 | nuc=4.2771
[Epoch 018] train_ce=0.1277 | train_nuc=4.3097 | train_total=0.2590 | train_acc=0.9540 | val_loss=0.1395 | val_acc=0.9483 | test_acc=0.9538 | fro=1.0000 | nuc=4.2917
[Epoch 019] train_ce=0.1240 | train_nuc=4.3141 | train_total=0.2554 | train_acc=0.9555 | val_loss=0.1639 | val_acc=0.9390 | test_acc=0.9486 | fro=1.0000 | nuc=4.3628
[Epoch 020] train_ce=0.1261 | train_nuc=4.3304 | train_total=0.2580 | train_acc=0.9541 | val_loss=0.1380 | val_acc=0.9507 | test_acc=0.9528 | fro=1.0000 | nuc=4.3223
[Epoch 021] train_ce=0.1206 | train_nuc=4.3291 | train_total=0.2525 | train_acc=0.9567 | val_loss=0.1298 | val_acc=0.9600 | test_acc=0.9548 | fro=1.0000 | nuc=4.3562
[Epoch 022] train_ce=0.1275 | train_nuc=4.3496 | train_total=0.2600 | train_acc=0.9536 | val_loss=0.1503 | val_acc=0.9483 | test_acc=0.9498 | fro=1.0000 | nuc=4.3378
[Epoch 023] train_ce=0.1227 | train_nuc=4.3713 | train_total=0.2558 | train_acc=0.9568 | val_loss=0.1475 | val_acc=0.9480 | test_acc=0.9527 | fro=1.0000 | nuc=4.4380
[Epoch 024] train_ce=0.1219 | train_nuc=4.3869 | train_total=0.2555 | train_acc=0.9558 | val_loss=0.1442 | val_acc=0.9457 | test_acc=0.9487 | fro=1.0000 | nuc=4.4460
[Epoch 025] train_ce=0.1164 | train_nuc=4.3552 | train_total=0.2491 | train_acc=0.9587 | val_loss=0.1286 | val_acc=0.9540 | test_acc=0.9598 | fro=1.0000 | nuc=4.3467
[Epoch 026] train_ce=0.1226 | train_nuc=4.3634 | train_total=0.2555 | train_acc=0.9557 | val_loss=0.1229 | val_acc=0.9580 | test_acc=0.9596 | fro=1.0000 | nuc=4.3907
[Epoch 027] train_ce=0.1176 | train_nuc=4.3444 | train_total=0.2499 | train_acc=0.9578 | val_loss=0.1222 | val_acc=0.9590 | test_acc=0.9589 | fro=1.0000 | nuc=4.4204
[Epoch 028] train_ce=0.1157 | train_nuc=4.3545 | train_total=0.2483 | train_acc=0.9589 | val_loss=0.1098 | val_acc=0.9630 | test_acc=0.9611 | fro=1.0000 | nuc=4.3440
[Epoch 029] train_ce=0.1177 | train_nuc=4.3745 | train_total=0.2509 | train_acc=0.9574 | val_loss=0.1261 | val_acc=0.9543 | test_acc=0.9584 | fro=1.0000 | nuc=4.3317
[Epoch 030] train_ce=0.1150 | train_nuc=4.3524 | train_total=0.2475 | train_acc=0.9584 | val_loss=0.1205 | val_acc=0.9573 | test_acc=0.9609 | fro=1.0000 | nuc=4.3792
[Epoch 031] train_ce=0.1152 | train_nuc=4.3536 | train_total=0.2478 | train_acc=0.9584 | val_loss=0.1330 | val_acc=0.9547 | test_acc=0.9605 | fro=1.0000 | nuc=4.4470
[Epoch 032] train_ce=0.1110 | train_nuc=4.3313 | train_total=0.2430 | train_acc=0.9606 | val_loss=0.1226 | val_acc=0.9587 | test_acc=0.9644 | fro=1.0000 | nuc=4.4200
[Epoch 033] train_ce=0.1174 | train_nuc=4.3522 | train_total=0.2499 | train_acc=0.9576 | val_loss=0.1230 | val_acc=0.9587 | test_acc=0.9630 | fro=1.0000 | nuc=4.3692
[Epoch 034] train_ce=0.1116 | train_nuc=4.3690 | train_total=0.2446 | train_acc=0.9606 | val_loss=0.1183 | val_acc=0.9593 | test_acc=0.9591 | fro=1.0000 | nuc=4.3196
[Epoch 035] train_ce=0.1130 | train_nuc=4.2851 | train_total=0.2435 | train_acc=0.9598 | val_loss=0.1286 | val_acc=0.9520 | test_acc=0.9621 | fro=1.0000 | nuc=4.2652
[Epoch 036] train_ce=0.1110 | train_nuc=4.2601 | train_total=0.2407 | train_acc=0.9600 | val_loss=0.1159 | val_acc=0.9593 | test_acc=0.9632 | fro=1.0000 | nuc=4.3423
[Epoch 037] train_ce=0.1094 | train_nuc=4.2588 | train_total=0.2391 | train_acc=0.9604 | val_loss=0.1307 | val_acc=0.9567 | test_acc=0.9568 | fro=1.0000 | nuc=4.3271
[Epoch 038] train_ce=0.1103 | train_nuc=4.3050 | train_total=0.2414 | train_acc=0.9613 | val_loss=0.1216 | val_acc=0.9590 | test_acc=0.9608 | fro=1.0000 | nuc=4.3391
Early stopping triggered at epoch 38. Best val_loss=0.109759 at epoch 28.
Done. alpha=0.030454960396664742 | best_val_loss=0.109759 | best_epoch=28

================================================================================
Training alpha=0.03045496, seed=2
================================================================================
Using device: cuda
[Experiment] model_one_layer_FC_alpha_0p030454960396664742
[Alpha] 0.030454960396664742
[Run dir] outputs/compressibility_adv_robustness/model_one_layer_FC_alpha_0p030454960396664742_seed_2
[Target Frobenius norm] 1.000000
[Early stopping patience] 10
[Epoch 001] train_ce=0.2580 | train_nuc=3.4440 | train_total=0.3629 | train_acc=0.9025 | val_loss=0.2040 | val_acc=0.9143 | test_acc=0.9155 | fro=1.0000 | nuc=2.9708
[Epoch 002] train_ce=0.2001 | train_nuc=3.1764 | train_total=0.2968 | train_acc=0.9264 | val_loss=0.1569 | val_acc=0.9443 | test_acc=0.9417 | fro=1.0000 | nuc=3.2979
[Epoch 003] train_ce=0.1908 | train_nuc=3.4352 | train_total=0.2954 | train_acc=0.9291 | val_loss=0.1779 | val_acc=0.9363 | test_acc=0.9306 | fro=1.0000 | nuc=3.6078
[Epoch 004] train_ce=0.1821 | train_nuc=3.6266 | train_total=0.2926 | train_acc=0.9327 | val_loss=0.1470 | val_acc=0.9507 | test_acc=0.9422 | fro=1.0000 | nuc=3.6692
[Epoch 005] train_ce=0.1714 | train_nuc=3.7218 | train_total=0.2847 | train_acc=0.9376 | val_loss=0.1596 | val_acc=0.9447 | test_acc=0.9366 | fro=1.0000 | nuc=3.7767
[Epoch 006] train_ce=0.1669 | train_nuc=3.8646 | train_total=0.2846 | train_acc=0.9384 | val_loss=0.1934 | val_acc=0.9240 | test_acc=0.9247 | fro=1.0000 | nuc=3.9739
[Epoch 007] train_ce=0.1574 | train_nuc=3.9674 | train_total=0.2782 | train_acc=0.9427 | val_loss=0.1595 | val_acc=0.9440 | test_acc=0.9390 | fro=1.0000 | nuc=4.0752
[Epoch 008] train_ce=0.1610 | train_nuc=4.0443 | train_total=0.2842 | train_acc=0.9408 | val_loss=0.1851 | val_acc=0.9297 | test_acc=0.9338 | fro=1.0000 | nuc=4.0513
[Epoch 009] train_ce=0.1632 | train_nuc=4.0164 | train_total=0.2855 | train_acc=0.9404 | val_loss=0.1548 | val_acc=0.9427 | test_acc=0.9443 | fro=1.0000 | nuc=4.0203
[Epoch 010] train_ce=0.1517 | train_nuc=4.0642 | train_total=0.2755 | train_acc=0.9439 | val_loss=0.1976 | val_acc=0.9207 | test_acc=0.9208 | fro=1.0000 | nuc=4.0891
[Epoch 011] train_ce=0.1553 | train_nuc=4.0981 | train_total=0.2802 | train_acc=0.9427 | val_loss=0.1344 | val_acc=0.9487 | test_acc=0.9489 | fro=1.0000 | nuc=4.1385
[Epoch 012] train_ce=0.1517 | train_nuc=4.1039 | train_total=0.2767 | train_acc=0.9446 | val_loss=0.1334 | val_acc=0.9500 | test_acc=0.9504 | fro=1.0000 | nuc=4.1460
[Epoch 013] train_ce=0.1455 | train_nuc=4.1691 | train_total=0.2724 | train_acc=0.9475 | val_loss=0.1199 | val_acc=0.9553 | test_acc=0.9510 | fro=1.0000 | nuc=4.1687
[Epoch 014] train_ce=0.1425 | train_nuc=4.1944 | train_total=0.2702 | train_acc=0.9480 | val_loss=0.1318 | val_acc=0.9510 | test_acc=0.9514 | fro=1.0000 | nuc=4.2193
[Epoch 015] train_ce=0.1366 | train_nuc=4.2463 | train_total=0.2659 | train_acc=0.9513 | val_loss=0.1130 | val_acc=0.9597 | test_acc=0.9557 | fro=1.0000 | nuc=4.2089
[Epoch 016] train_ce=0.1334 | train_nuc=4.2748 | train_total=0.2635 | train_acc=0.9527 | val_loss=0.1310 | val_acc=0.9530 | test_acc=0.9532 | fro=1.0000 | nuc=4.3632
[Epoch 017] train_ce=0.1355 | train_nuc=4.3246 | train_total=0.2672 | train_acc=0.9506 | val_loss=0.1163 | val_acc=0.9563 | test_acc=0.9536 | fro=1.0000 | nuc=4.3360
[Epoch 018] train_ce=0.1311 | train_nuc=4.3534 | train_total=0.2637 | train_acc=0.9529 | val_loss=0.1022 | val_acc=0.9647 | test_acc=0.9591 | fro=1.0000 | nuc=4.3992
[Epoch 019] train_ce=0.1348 | train_nuc=4.3973 | train_total=0.2687 | train_acc=0.9510 | val_loss=0.1129 | val_acc=0.9593 | test_acc=0.9556 | fro=1.0000 | nuc=4.3233
[Epoch 020] train_ce=0.1288 | train_nuc=4.3721 | train_total=0.2619 | train_acc=0.9541 | val_loss=0.1197 | val_acc=0.9530 | test_acc=0.9532 | fro=1.0000 | nuc=4.3781
[Epoch 021] train_ce=0.1272 | train_nuc=4.3541 | train_total=0.2598 | train_acc=0.9550 | val_loss=0.1200 | val_acc=0.9573 | test_acc=0.9545 | fro=1.0000 | nuc=4.3790
[Epoch 022] train_ce=0.1221 | train_nuc=4.3571 | train_total=0.2548 | train_acc=0.9564 | val_loss=0.1304 | val_acc=0.9523 | test_acc=0.9446 | fro=1.0000 | nuc=4.2856
[Epoch 023] train_ce=0.1245 | train_nuc=4.3723 | train_total=0.2577 | train_acc=0.9559 | val_loss=0.1022 | val_acc=0.9627 | test_acc=0.9555 | fro=1.0000 | nuc=4.3529
[Epoch 024] train_ce=0.1239 | train_nuc=4.3466 | train_total=0.2563 | train_acc=0.9554 | val_loss=0.1017 | val_acc=0.9640 | test_acc=0.9581 | fro=1.0000 | nuc=4.2827
[Epoch 025] train_ce=0.1234 | train_nuc=4.3533 | train_total=0.2560 | train_acc=0.9560 | val_loss=0.1014 | val_acc=0.9697 | test_acc=0.9595 | fro=1.0000 | nuc=4.3571
[Epoch 026] train_ce=0.1209 | train_nuc=4.3310 | train_total=0.2528 | train_acc=0.9565 | val_loss=0.0924 | val_acc=0.9687 | test_acc=0.9618 | fro=1.0000 | nuc=4.3733
[Epoch 027] train_ce=0.1192 | train_nuc=4.3797 | train_total=0.2526 | train_acc=0.9577 | val_loss=0.1231 | val_acc=0.9543 | test_acc=0.9528 | fro=1.0000 | nuc=4.4288
[Epoch 028] train_ce=0.1201 | train_nuc=4.3365 | train_total=0.2521 | train_acc=0.9564 | val_loss=0.0968 | val_acc=0.9637 | test_acc=0.9600 | fro=1.0000 | nuc=4.3634
[Epoch 029] train_ce=0.1208 | train_nuc=4.4102 | train_total=0.2551 | train_acc=0.9570 | val_loss=0.0935 | val_acc=0.9653 | test_acc=0.9611 | fro=1.0000 | nuc=4.3558
[Epoch 030] train_ce=0.1181 | train_nuc=4.3500 | train_total=0.2506 | train_acc=0.9575 | val_loss=0.0873 | val_acc=0.9687 | test_acc=0.9641 | fro=1.0000 | nuc=4.3919
[Epoch 031] train_ce=0.1119 | train_nuc=4.3407 | train_total=0.2441 | train_acc=0.9601 | val_loss=0.1044 | val_acc=0.9643 | test_acc=0.9594 | fro=1.0000 | nuc=4.3778
[Epoch 032] train_ce=0.1164 | train_nuc=4.3943 | train_total=0.2502 | train_acc=0.9585 | val_loss=0.1234 | val_acc=0.9533 | test_acc=0.9525 | fro=1.0000 | nuc=4.4109
[Epoch 033] train_ce=0.1174 | train_nuc=4.4040 | train_total=0.2515 | train_acc=0.9589 | val_loss=0.1055 | val_acc=0.9633 | test_acc=0.9580 | fro=1.0000 | nuc=4.3998
[Epoch 034] train_ce=0.1129 | train_nuc=4.3585 | train_total=0.2456 | train_acc=0.9604 | val_loss=0.1098 | val_acc=0.9577 | test_acc=0.9525 | fro=1.0000 | nuc=4.3900
[Epoch 035] train_ce=0.1122 | train_nuc=4.3526 | train_total=0.2448 | train_acc=0.9598 | val_loss=0.1281 | val_acc=0.9553 | test_acc=0.9532 | fro=1.0000 | nuc=4.3619
[Epoch 036] train_ce=0.1150 | train_nuc=4.3788 | train_total=0.2484 | train_acc=0.9594 | val_loss=0.1035 | val_acc=0.9633 | test_acc=0.9588 | fro=1.0000 | nuc=4.3330
[Epoch 037] train_ce=0.1142 | train_nuc=4.3550 | train_total=0.2469 | train_acc=0.9587 | val_loss=0.1034 | val_acc=0.9617 | test_acc=0.9583 | fro=1.0000 | nuc=4.5425
[Epoch 038] train_ce=0.1114 | train_nuc=4.3538 | train_total=0.2440 | train_acc=0.9607 | val_loss=0.0989 | val_acc=0.9620 | test_acc=0.9608 | fro=1.0000 | nuc=4.2930
[Epoch 039] train_ce=0.1062 | train_nuc=4.3449 | train_total=0.2386 | train_acc=0.9626 | val_loss=0.0772 | val_acc=0.9720 | test_acc=0.9643 | fro=1.0000 | nuc=4.3327
[Epoch 040] train_ce=0.1072 | train_nuc=4.3505 | train_total=0.2397 | train_acc=0.9614 | val_loss=0.0868 | val_acc=0.9707 | test_acc=0.9628 | fro=1.0000 | nuc=4.3226
[Epoch 041] train_ce=0.1031 | train_nuc=4.3897 | train_total=0.2368 | train_acc=0.9638 | val_loss=0.1248 | val_acc=0.9507 | test_acc=0.9515 | fro=1.0000 | nuc=4.4539
[Epoch 042] train_ce=0.1077 | train_nuc=4.4036 | train_total=0.2418 | train_acc=0.9613 | val_loss=0.1103 | val_acc=0.9583 | test_acc=0.9536 | fro=1.0000 | nuc=4.3246
[Epoch 043] train_ce=0.1018 | train_nuc=4.3732 | train_total=0.2349 | train_acc=0.9635 | val_loss=0.0927 | val_acc=0.9660 | test_acc=0.9595 | fro=1.0000 | nuc=4.3807
[Epoch 044] train_ce=0.1055 | train_nuc=4.3613 | train_total=0.2383 | train_acc=0.9623 | val_loss=0.1020 | val_acc=0.9633 | test_acc=0.9608 | fro=1.0000 | nuc=4.4045
[Epoch 045] train_ce=0.1044 | train_nuc=4.4435 | train_total=0.2398 | train_acc=0.9624 | val_loss=0.0997 | val_acc=0.9660 | test_acc=0.9647 | fro=1.0000 | nuc=4.5060
[Epoch 046] train_ce=0.1020 | train_nuc=4.3610 | train_total=0.2348 | train_acc=0.9640 | val_loss=0.0840 | val_acc=0.9717 | test_acc=0.9643 | fro=1.0000 | nuc=4.4085
[Epoch 047] train_ce=0.1025 | train_nuc=4.3886 | train_total=0.2362 | train_acc=0.9635 | val_loss=0.0836 | val_acc=0.9720 | test_acc=0.9638 | fro=1.0000 | nuc=4.3210
[Epoch 048] train_ce=0.1053 | train_nuc=4.4157 | train_total=0.2398 | train_acc=0.9625 | val_loss=0.0835 | val_acc=0.9690 | test_acc=0.9651 | fro=1.0000 | nuc=4.4058
[Epoch 049] train_ce=0.1002 | train_nuc=4.3897 | train_total=0.2339 | train_acc=0.9643 | val_loss=0.0973 | val_acc=0.9660 | test_acc=0.9582 | fro=1.0000 | nuc=4.4417
Early stopping triggered at epoch 49. Best val_loss=0.077188 at epoch 39.
Done. alpha=0.030454960396664742 | best_val_loss=0.077188 | best_epoch=39

================================================================================
Training alpha=0.03045496, seed=3
================================================================================
Using device: cuda
[Experiment] model_one_layer_FC_alpha_0p030454960396664742
[Alpha] 0.030454960396664742
[Run dir] outputs/compressibility_adv_robustness/model_one_layer_FC_alpha_0p030454960396664742_seed_3
[Target Frobenius norm] 1.000000
[Early stopping patience] 10
[Epoch 001] train_ce=0.2652 | train_nuc=3.5323 | train_total=0.3728 | train_acc=0.8960 | val_loss=0.1948 | val_acc=0.9310 | test_acc=0.9362 | fro=1.0000 | nuc=3.0889
[Epoch 002] train_ce=0.1988 | train_nuc=3.3073 | train_total=0.2995 | train_acc=0.9261 | val_loss=0.1732 | val_acc=0.9417 | test_acc=0.9380 | fro=1.0000 | nuc=3.3897
[Epoch 003] train_ce=0.1852 | train_nuc=3.5352 | train_total=0.2929 | train_acc=0.9310 | val_loss=0.1581 | val_acc=0.9450 | test_acc=0.9471 | fro=1.0000 | nuc=3.5419
[Epoch 004] train_ce=0.1743 | train_nuc=3.7140 | train_total=0.2874 | train_acc=0.9359 | val_loss=0.1718 | val_acc=0.9380 | test_acc=0.9380 | fro=1.0000 | nuc=3.7936
[Epoch 005] train_ce=0.1720 | train_nuc=3.8239 | train_total=0.2884 | train_acc=0.9361 | val_loss=0.1911 | val_acc=0.9280 | test_acc=0.9286 | fro=1.0000 | nuc=3.8390
[Epoch 006] train_ce=0.1706 | train_nuc=3.9098 | train_total=0.2897 | train_acc=0.9368 | val_loss=0.1759 | val_acc=0.9287 | test_acc=0.9336 | fro=1.0000 | nuc=3.9468
[Epoch 007] train_ce=0.1602 | train_nuc=3.9662 | train_total=0.2810 | train_acc=0.9410 | val_loss=0.1895 | val_acc=0.9280 | test_acc=0.9270 | fro=1.0000 | nuc=4.0122
[Epoch 008] train_ce=0.1640 | train_nuc=4.0646 | train_total=0.2877 | train_acc=0.9399 | val_loss=0.1652 | val_acc=0.9440 | test_acc=0.9439 | fro=1.0000 | nuc=4.0805
[Epoch 009] train_ce=0.1576 | train_nuc=4.0888 | train_total=0.2822 | train_acc=0.9416 | val_loss=0.1380 | val_acc=0.9523 | test_acc=0.9552 | fro=1.0000 | nuc=4.1289
[Epoch 010] train_ce=0.1522 | train_nuc=4.1186 | train_total=0.2777 | train_acc=0.9447 | val_loss=0.1566 | val_acc=0.9457 | test_acc=0.9430 | fro=1.0000 | nuc=4.2555
[Epoch 011] train_ce=0.1480 | train_nuc=4.1662 | train_total=0.2749 | train_acc=0.9456 | val_loss=0.1554 | val_acc=0.9430 | test_acc=0.9477 | fro=1.0000 | nuc=4.2234
[Epoch 012] train_ce=0.1433 | train_nuc=4.1971 | train_total=0.2712 | train_acc=0.9485 | val_loss=0.1387 | val_acc=0.9537 | test_acc=0.9531 | fro=1.0000 | nuc=4.2190
[Epoch 013] train_ce=0.1398 | train_nuc=4.2460 | train_total=0.2691 | train_acc=0.9489 | val_loss=0.1557 | val_acc=0.9477 | test_acc=0.9456 | fro=1.0000 | nuc=4.2476
[Epoch 014] train_ce=0.1448 | train_nuc=4.2774 | train_total=0.2751 | train_acc=0.9465 | val_loss=0.1341 | val_acc=0.9543 | test_acc=0.9577 | fro=1.0000 | nuc=4.2464
[Epoch 015] train_ce=0.1365 | train_nuc=4.2608 | train_total=0.2663 | train_acc=0.9508 | val_loss=0.1343 | val_acc=0.9537 | test_acc=0.9541 | fro=1.0000 | nuc=4.2260
[Epoch 016] train_ce=0.1358 | train_nuc=4.2844 | train_total=0.2663 | train_acc=0.9503 | val_loss=0.1351 | val_acc=0.9537 | test_acc=0.9532 | fro=1.0000 | nuc=4.3341
[Epoch 017] train_ce=0.1320 | train_nuc=4.2668 | train_total=0.2619 | train_acc=0.9514 | val_loss=0.1512 | val_acc=0.9460 | test_acc=0.9495 | fro=1.0000 | nuc=4.2929
[Epoch 018] train_ce=0.1296 | train_nuc=4.3132 | train_total=0.2609 | train_acc=0.9537 | val_loss=0.1342 | val_acc=0.9527 | test_acc=0.9547 | fro=1.0000 | nuc=4.2931
[Epoch 019] train_ce=0.1266 | train_nuc=4.2895 | train_total=0.2573 | train_acc=0.9538 | val_loss=0.1344 | val_acc=0.9553 | test_acc=0.9568 | fro=1.0000 | nuc=4.3629
[Epoch 020] train_ce=0.1238 | train_nuc=4.3163 | train_total=0.2553 | train_acc=0.9562 | val_loss=0.1211 | val_acc=0.9543 | test_acc=0.9593 | fro=1.0000 | nuc=4.3901
[Epoch 021] train_ce=0.1214 | train_nuc=4.3591 | train_total=0.2541 | train_acc=0.9567 | val_loss=0.1327 | val_acc=0.9543 | test_acc=0.9549 | fro=1.0000 | nuc=4.3482
[Epoch 022] train_ce=0.1252 | train_nuc=4.3532 | train_total=0.2577 | train_acc=0.9548 | val_loss=0.1347 | val_acc=0.9547 | test_acc=0.9554 | fro=1.0000 | nuc=4.3496
[Epoch 023] train_ce=0.1228 | train_nuc=4.3681 | train_total=0.2558 | train_acc=0.9555 | val_loss=0.1306 | val_acc=0.9557 | test_acc=0.9548 | fro=1.0000 | nuc=4.3638
[Epoch 024] train_ce=0.1206 | train_nuc=4.3771 | train_total=0.2539 | train_acc=0.9564 | val_loss=0.1212 | val_acc=0.9607 | test_acc=0.9587 | fro=1.0000 | nuc=4.3979
[Epoch 025] train_ce=0.1222 | train_nuc=4.3915 | train_total=0.2559 | train_acc=0.9563 | val_loss=0.1396 | val_acc=0.9507 | test_acc=0.9497 | fro=1.0000 | nuc=4.3462
[Epoch 026] train_ce=0.1207 | train_nuc=4.3549 | train_total=0.2534 | train_acc=0.9568 | val_loss=0.1285 | val_acc=0.9587 | test_acc=0.9559 | fro=1.0000 | nuc=4.4150
[Epoch 027] train_ce=0.1199 | train_nuc=4.3508 | train_total=0.2525 | train_acc=0.9565 | val_loss=0.1216 | val_acc=0.9597 | test_acc=0.9583 | fro=1.0000 | nuc=4.3376
[Epoch 028] train_ce=0.1245 | train_nuc=4.3383 | train_total=0.2566 | train_acc=0.9553 | val_loss=0.1505 | val_acc=0.9470 | test_acc=0.9462 | fro=1.0000 | nuc=4.4188
[Epoch 029] train_ce=0.1191 | train_nuc=4.3690 | train_total=0.2522 | train_acc=0.9574 | val_loss=0.1181 | val_acc=0.9610 | test_acc=0.9590 | fro=1.0000 | nuc=4.3887
[Epoch 030] train_ce=0.1150 | train_nuc=4.3758 | train_total=0.2483 | train_acc=0.9598 | val_loss=0.1061 | val_acc=0.9643 | test_acc=0.9656 | fro=1.0000 | nuc=4.3855
[Epoch 031] train_ce=0.1136 | train_nuc=4.3331 | train_total=0.2456 | train_acc=0.9594 | val_loss=0.1292 | val_acc=0.9573 | test_acc=0.9561 | fro=1.0000 | nuc=4.3914
[Epoch 032] train_ce=0.1130 | train_nuc=4.3643 | train_total=0.2459 | train_acc=0.9588 | val_loss=0.1352 | val_acc=0.9517 | test_acc=0.9556 | fro=1.0000 | nuc=4.4242
[Epoch 033] train_ce=0.1180 | train_nuc=4.4341 | train_total=0.2530 | train_acc=0.9577 | val_loss=0.1070 | val_acc=0.9643 | test_acc=0.9623 | fro=1.0000 | nuc=4.3129
[Epoch 034] train_ce=0.1120 | train_nuc=4.3460 | train_total=0.2443 | train_acc=0.9598 | val_loss=0.1154 | val_acc=0.9600 | test_acc=0.9598 | fro=1.0000 | nuc=4.2775
[Epoch 035] train_ce=0.1122 | train_nuc=4.3769 | train_total=0.2455 | train_acc=0.9602 | val_loss=0.1131 | val_acc=0.9610 | test_acc=0.9610 | fro=1.0000 | nuc=4.3493
[Epoch 036] train_ce=0.1101 | train_nuc=4.3531 | train_total=0.2427 | train_acc=0.9605 | val_loss=0.1185 | val_acc=0.9613 | test_acc=0.9632 | fro=1.0000 | nuc=4.4372
[Epoch 037] train_ce=0.1077 | train_nuc=4.3265 | train_total=0.2395 | train_acc=0.9611 | val_loss=0.1138 | val_acc=0.9580 | test_acc=0.9624 | fro=1.0000 | nuc=4.3488
[Epoch 038] train_ce=0.1103 | train_nuc=4.3217 | train_total=0.2419 | train_acc=0.9612 | val_loss=0.1176 | val_acc=0.9613 | test_acc=0.9635 | fro=1.0000 | nuc=4.2076
[Epoch 039] train_ce=0.1111 | train_nuc=4.3368 | train_total=0.2432 | train_acc=0.9602 | val_loss=0.1127 | val_acc=0.9630 | test_acc=0.9611 | fro=1.0000 | nuc=4.4402
[Epoch 040] train_ce=0.1077 | train_nuc=4.3327 | train_total=0.2397 | train_acc=0.9609 | val_loss=0.1346 | val_acc=0.9513 | test_acc=0.9520 | fro=1.0000 | nuc=4.3840
Early stopping triggered at epoch 40. Best val_loss=0.106072 at epoch 30.
Done. alpha=0.030454960396664742 | best_val_loss=0.106072 | best_epoch=30

================================================================================
Training alpha=0.03045496, seed=4
================================================================================
Using device: cuda
[Experiment] model_one_layer_FC_alpha_0p030454960396664742
[Alpha] 0.030454960396664742
[Run dir] outputs/compressibility_adv_robustness/model_one_layer_FC_alpha_0p030454960396664742_seed_4
[Target Frobenius norm] 1.000000
[Early stopping patience] 10
[Epoch 001] train_ce=0.2583 | train_nuc=3.4921 | train_total=0.3647 | train_acc=0.9006 | val_loss=0.2073 | val_acc=0.9283 | test_acc=0.9325 | fro=1.0000 | nuc=2.9858
[Epoch 002] train_ce=0.1969 | train_nuc=3.1257 | train_total=0.2921 | train_acc=0.9271 | val_loss=0.1811 | val_acc=0.9380 | test_acc=0.9352 | fro=1.0000 | nuc=3.2079
[Epoch 003] train_ce=0.1822 | train_nuc=3.4233 | train_total=0.2865 | train_acc=0.9327 | val_loss=0.2026 | val_acc=0.9283 | test_acc=0.9288 | fro=1.0000 | nuc=3.5977
[Epoch 004] train_ce=0.1782 | train_nuc=3.6528 | train_total=0.2894 | train_acc=0.9334 | val_loss=0.1580 | val_acc=0.9440 | test_acc=0.9473 | fro=1.0000 | nuc=3.7473
[Epoch 005] train_ce=0.1780 | train_nuc=3.8069 | train_total=0.2940 | train_acc=0.9336 | val_loss=0.1728 | val_acc=0.9383 | test_acc=0.9427 | fro=1.0000 | nuc=3.8987
[Epoch 006] train_ce=0.1686 | train_nuc=3.8953 | train_total=0.2873 | train_acc=0.9385 | val_loss=0.1642 | val_acc=0.9443 | test_acc=0.9417 | fro=1.0000 | nuc=3.8363
[Epoch 007] train_ce=0.1575 | train_nuc=3.9289 | train_total=0.2771 | train_acc=0.9431 | val_loss=0.1490 | val_acc=0.9463 | test_acc=0.9469 | fro=1.0000 | nuc=4.0094
[Epoch 008] train_ce=0.1650 | train_nuc=4.0374 | train_total=0.2880 | train_acc=0.9406 | val_loss=0.1671 | val_acc=0.9337 | test_acc=0.9363 | fro=1.0000 | nuc=4.1154
[Epoch 009] train_ce=0.1532 | train_nuc=4.0827 | train_total=0.2775 | train_acc=0.9447 | val_loss=0.1562 | val_acc=0.9413 | test_acc=0.9425 | fro=1.0000 | nuc=4.1954
[Epoch 010] train_ce=0.1550 | train_nuc=4.1352 | train_total=0.2809 | train_acc=0.9437 | val_loss=0.1591 | val_acc=0.9433 | test_acc=0.9435 | fro=1.0000 | nuc=4.2171
[Epoch 011] train_ce=0.1474 | train_nuc=4.1627 | train_total=0.2742 | train_acc=0.9466 | val_loss=0.1389 | val_acc=0.9523 | test_acc=0.9517 | fro=1.0000 | nuc=4.1437
[Epoch 012] train_ce=0.1450 | train_nuc=4.2104 | train_total=0.2733 | train_acc=0.9481 | val_loss=0.1583 | val_acc=0.9483 | test_acc=0.9443 | fro=1.0000 | nuc=4.2331
[Epoch 013] train_ce=0.1423 | train_nuc=4.2637 | train_total=0.2721 | train_acc=0.9480 | val_loss=0.1257 | val_acc=0.9543 | test_acc=0.9519 | fro=1.0000 | nuc=4.2906
[Epoch 014] train_ce=0.1347 | train_nuc=4.2755 | train_total=0.2649 | train_acc=0.9521 | val_loss=0.1472 | val_acc=0.9513 | test_acc=0.9490 | fro=1.0000 | nuc=4.3100
[Epoch 015] train_ce=0.1317 | train_nuc=4.3273 | train_total=0.2635 | train_acc=0.9522 | val_loss=0.1340 | val_acc=0.9533 | test_acc=0.9542 | fro=1.0000 | nuc=4.4190
[Epoch 016] train_ce=0.1382 | train_nuc=4.3822 | train_total=0.2716 | train_acc=0.9499 | val_loss=0.1270 | val_acc=0.9553 | test_acc=0.9532 | fro=1.0000 | nuc=4.3275
[Epoch 017] train_ce=0.1303 | train_nuc=4.3660 | train_total=0.2632 | train_acc=0.9551 | val_loss=0.1573 | val_acc=0.9430 | test_acc=0.9415 | fro=1.0000 | nuc=4.4016
[Epoch 018] train_ce=0.1310 | train_nuc=4.3626 | train_total=0.2638 | train_acc=0.9528 | val_loss=0.1469 | val_acc=0.9490 | test_acc=0.9478 | fro=1.0000 | nuc=4.4177
[Epoch 019] train_ce=0.1262 | train_nuc=4.3854 | train_total=0.2598 | train_acc=0.9551 | val_loss=0.1257 | val_acc=0.9573 | test_acc=0.9608 | fro=1.0000 | nuc=4.4219
[Epoch 020] train_ce=0.1227 | train_nuc=4.3488 | train_total=0.2551 | train_acc=0.9566 | val_loss=0.1220 | val_acc=0.9577 | test_acc=0.9599 | fro=1.0000 | nuc=4.3970
[Epoch 021] train_ce=0.1229 | train_nuc=4.3948 | train_total=0.2567 | train_acc=0.9561 | val_loss=0.1223 | val_acc=0.9553 | test_acc=0.9605 | fro=1.0000 | nuc=4.3858
[Epoch 022] train_ce=0.1216 | train_nuc=4.4078 | train_total=0.2558 | train_acc=0.9562 | val_loss=0.1222 | val_acc=0.9560 | test_acc=0.9554 | fro=1.0000 | nuc=4.3601
[Epoch 023] train_ce=0.1259 | train_nuc=4.4395 | train_total=0.2611 | train_acc=0.9541 | val_loss=0.1163 | val_acc=0.9603 | test_acc=0.9603 | fro=1.0000 | nuc=4.4506
[Epoch 024] train_ce=0.1252 | train_nuc=4.4227 | train_total=0.2599 | train_acc=0.9554 | val_loss=0.1388 | val_acc=0.9483 | test_acc=0.9532 | fro=1.0000 | nuc=4.4808
[Epoch 025] train_ce=0.1204 | train_nuc=4.3981 | train_total=0.2543 | train_acc=0.9566 | val_loss=0.1370 | val_acc=0.9527 | test_acc=0.9529 | fro=1.0000 | nuc=4.5105
[Epoch 026] train_ce=0.1185 | train_nuc=4.4200 | train_total=0.2531 | train_acc=0.9571 | val_loss=0.1225 | val_acc=0.9550 | test_acc=0.9556 | fro=1.0000 | nuc=4.3427
[Epoch 027] train_ce=0.1222 | train_nuc=4.3889 | train_total=0.2558 | train_acc=0.9553 | val_loss=0.1254 | val_acc=0.9560 | test_acc=0.9556 | fro=1.0000 | nuc=4.3474
[Epoch 028] train_ce=0.1237 | train_nuc=4.3756 | train_total=0.2570 | train_acc=0.9563 | val_loss=0.1178 | val_acc=0.9593 | test_acc=0.9634 | fro=1.0000 | nuc=4.3592
[Epoch 029] train_ce=0.1112 | train_nuc=4.3433 | train_total=0.2435 | train_acc=0.9603 | val_loss=0.1349 | val_acc=0.9503 | test_acc=0.9529 | fro=1.0000 | nuc=4.3812
[Epoch 030] train_ce=0.1142 | train_nuc=4.3762 | train_total=0.2475 | train_acc=0.9588 | val_loss=0.1280 | val_acc=0.9580 | test_acc=0.9580 | fro=1.0000 | nuc=4.3445
[Epoch 031] train_ce=0.1139 | train_nuc=4.3422 | train_total=0.2462 | train_acc=0.9592 | val_loss=0.1074 | val_acc=0.9657 | test_acc=0.9642 | fro=1.0000 | nuc=4.3751
[Epoch 032] train_ce=0.1115 | train_nuc=4.3540 | train_total=0.2441 | train_acc=0.9601 | val_loss=0.1506 | val_acc=0.9467 | test_acc=0.9472 | fro=1.0000 | nuc=4.4890
[Epoch 033] train_ce=0.1165 | train_nuc=4.4040 | train_total=0.2506 | train_acc=0.9582 | val_loss=0.1195 | val_acc=0.9593 | test_acc=0.9627 | fro=1.0000 | nuc=4.3254
[Epoch 034] train_ce=0.1130 | train_nuc=4.3560 | train_total=0.2457 | train_acc=0.9597 | val_loss=0.1200 | val_acc=0.9567 | test_acc=0.9594 | fro=1.0000 | nuc=4.2774
[Epoch 035] train_ce=0.1089 | train_nuc=4.3916 | train_total=0.2427 | train_acc=0.9611 | val_loss=0.1430 | val_acc=0.9510 | test_acc=0.9487 | fro=1.0000 | nuc=4.2993
[Epoch 036] train_ce=0.1112 | train_nuc=4.3524 | train_total=0.2437 | train_acc=0.9607 | val_loss=0.1179 | val_acc=0.9627 | test_acc=0.9590 | fro=1.0000 | nuc=4.4711
[Epoch 037] train_ce=0.1099 | train_nuc=4.3884 | train_total=0.2436 | train_acc=0.9609 | val_loss=0.1145 | val_acc=0.9637 | test_acc=0.9598 | fro=1.0000 | nuc=4.3398
[Epoch 038] train_ce=0.1085 | train_nuc=4.3763 | train_total=0.2418 | train_acc=0.9616 | val_loss=0.1257 | val_acc=0.9557 | test_acc=0.9589 | fro=1.0000 | nuc=4.3547
[Epoch 039] train_ce=0.1100 | train_nuc=4.3421 | train_total=0.2422 | train_acc=0.9608 | val_loss=0.1137 | val_acc=0.9607 | test_acc=0.9593 | fro=1.0000 | nuc=4.3206
[Epoch 040] train_ce=0.1094 | train_nuc=4.3233 | train_total=0.2411 | train_acc=0.9616 | val_loss=0.1153 | val_acc=0.9573 | test_acc=0.9594 | fro=1.0000 | nuc=4.4062
[Epoch 041] train_ce=0.1085 | train_nuc=4.3750 | train_total=0.2417 | train_acc=0.9620 | val_loss=0.1285 | val_acc=0.9540 | test_acc=0.9580 | fro=1.0000 | nuc=4.4047
Early stopping triggered at epoch 41. Best val_loss=0.107417 at epoch 31.
Done. alpha=0.030454960396664742 | best_val_loss=0.107417 | best_epoch=31

================================================================================
Training alpha=0.05395402, seed=0
================================================================================
Using device: cuda
[Experiment] model_one_layer_FC_alpha_0p05395402427433299
[Alpha] 0.05395402427433299
[Run dir] outputs/compressibility_adv_robustness/model_one_layer_FC_alpha_0p05395402427433299_seed_0
[Target Frobenius norm] 1.000000
[Early stopping patience] 10
[Epoch 001] train_ce=0.2591 | train_nuc=3.6034 | train_total=0.4536 | train_acc=0.8985 | val_loss=0.2360 | val_acc=0.9070 | test_acc=0.9074 | fro=1.0000 | nuc=2.8986
[Epoch 002] train_ce=0.2079 | train_nuc=3.0213 | train_total=0.3709 | train_acc=0.9219 | val_loss=0.2581 | val_acc=0.8937 | test_acc=0.8848 | fro=1.0000 | nuc=3.2014
[Epoch 003] train_ce=0.1959 | train_nuc=3.1859 | train_total=0.3678 | train_acc=0.9259 | val_loss=0.1846 | val_acc=0.9373 | test_acc=0.9275 | fro=1.0000 | nuc=3.2948
[Epoch 004] train_ce=0.1874 | train_nuc=3.3010 | train_total=0.3655 | train_acc=0.9295 | val_loss=0.1963 | val_acc=0.9280 | test_acc=0.9262 | fro=1.0000 | nuc=3.2808
[Epoch 005] train_ce=0.1779 | train_nuc=3.3644 | train_total=0.3594 | train_acc=0.9339 | val_loss=0.1573 | val_acc=0.9437 | test_acc=0.9436 | fro=1.0000 | nuc=3.3775
[Epoch 006] train_ce=0.1799 | train_nuc=3.4169 | train_total=0.3643 | train_acc=0.9325 | val_loss=0.1888 | val_acc=0.9287 | test_acc=0.9306 | fro=1.0000 | nuc=3.4400
[Epoch 007] train_ce=0.1744 | train_nuc=3.4428 | train_total=0.3601 | train_acc=0.9357 | val_loss=0.1718 | val_acc=0.9397 | test_acc=0.9378 | fro=1.0000 | nuc=3.5111
[Epoch 008] train_ce=0.1677 | train_nuc=3.4516 | train_total=0.3539 | train_acc=0.9389 | val_loss=0.1558 | val_acc=0.9457 | test_acc=0.9443 | fro=1.0000 | nuc=3.4738
[Epoch 009] train_ce=0.1641 | train_nuc=3.4622 | train_total=0.3509 | train_acc=0.9391 | val_loss=0.1739 | val_acc=0.9340 | test_acc=0.9418 | fro=1.0000 | nuc=3.5024
[Epoch 010] train_ce=0.1718 | train_nuc=3.5163 | train_total=0.3615 | train_acc=0.9355 | val_loss=0.1533 | val_acc=0.9433 | test_acc=0.9421 | fro=1.0000 | nuc=3.4897
[Epoch 011] train_ce=0.1676 | train_nuc=3.4339 | train_total=0.3529 | train_acc=0.9387 | val_loss=0.1473 | val_acc=0.9493 | test_acc=0.9497 | fro=1.0000 | nuc=3.3462
[Epoch 012] train_ce=0.1608 | train_nuc=3.4272 | train_total=0.3458 | train_acc=0.9416 | val_loss=0.1461 | val_acc=0.9467 | test_acc=0.9434 | fro=1.0000 | nuc=3.4446
[Epoch 013] train_ce=0.1594 | train_nuc=3.4612 | train_total=0.3461 | train_acc=0.9430 | val_loss=0.1412 | val_acc=0.9513 | test_acc=0.9469 | fro=1.0000 | nuc=3.4666
[Epoch 014] train_ce=0.1555 | train_nuc=3.4778 | train_total=0.3431 | train_acc=0.9430 | val_loss=0.1616 | val_acc=0.9373 | test_acc=0.9391 | fro=1.0000 | nuc=3.4609
[Epoch 015] train_ce=0.1586 | train_nuc=3.5083 | train_total=0.3479 | train_acc=0.9424 | val_loss=0.1398 | val_acc=0.9503 | test_acc=0.9460 | fro=1.0000 | nuc=3.4412
[Epoch 016] train_ce=0.1517 | train_nuc=3.4944 | train_total=0.3403 | train_acc=0.9451 | val_loss=0.1560 | val_acc=0.9467 | test_acc=0.9479 | fro=1.0000 | nuc=3.4795
[Epoch 017] train_ce=0.1491 | train_nuc=3.5034 | train_total=0.3381 | train_acc=0.9457 | val_loss=0.1369 | val_acc=0.9503 | test_acc=0.9453 | fro=1.0000 | nuc=3.4860
[Epoch 018] train_ce=0.1504 | train_nuc=3.5104 | train_total=0.3398 | train_acc=0.9453 | val_loss=0.1375 | val_acc=0.9490 | test_acc=0.9473 | fro=1.0000 | nuc=3.4571
[Epoch 019] train_ce=0.1447 | train_nuc=3.5195 | train_total=0.3346 | train_acc=0.9472 | val_loss=0.1446 | val_acc=0.9513 | test_acc=0.9495 | fro=1.0000 | nuc=3.5124
[Epoch 020] train_ce=0.1470 | train_nuc=3.5396 | train_total=0.3380 | train_acc=0.9460 | val_loss=0.1432 | val_acc=0.9490 | test_acc=0.9487 | fro=1.0000 | nuc=3.4106
[Epoch 021] train_ce=0.1447 | train_nuc=3.4984 | train_total=0.3335 | train_acc=0.9476 | val_loss=0.1344 | val_acc=0.9517 | test_acc=0.9530 | fro=1.0000 | nuc=3.4857
[Epoch 022] train_ce=0.1450 | train_nuc=3.4981 | train_total=0.3337 | train_acc=0.9480 | val_loss=0.1325 | val_acc=0.9517 | test_acc=0.9528 | fro=1.0000 | nuc=3.4771
[Epoch 023] train_ce=0.1430 | train_nuc=3.5227 | train_total=0.3330 | train_acc=0.9486 | val_loss=0.1486 | val_acc=0.9477 | test_acc=0.9466 | fro=1.0000 | nuc=3.4980
[Epoch 024] train_ce=0.1439 | train_nuc=3.5084 | train_total=0.3331 | train_acc=0.9477 | val_loss=0.1390 | val_acc=0.9547 | test_acc=0.9503 | fro=1.0000 | nuc=3.4471
[Epoch 025] train_ce=0.1402 | train_nuc=3.4943 | train_total=0.3287 | train_acc=0.9494 | val_loss=0.1260 | val_acc=0.9580 | test_acc=0.9508 | fro=1.0000 | nuc=3.4785
[Epoch 026] train_ce=0.1435 | train_nuc=3.5202 | train_total=0.3335 | train_acc=0.9477 | val_loss=0.1289 | val_acc=0.9537 | test_acc=0.9507 | fro=1.0000 | nuc=3.6007
[Epoch 027] train_ce=0.1383 | train_nuc=3.5022 | train_total=0.3272 | train_acc=0.9506 | val_loss=0.1306 | val_acc=0.9527 | test_acc=0.9529 | fro=1.0000 | nuc=3.5301
[Epoch 028] train_ce=0.1382 | train_nuc=3.4698 | train_total=0.3254 | train_acc=0.9500 | val_loss=0.1443 | val_acc=0.9517 | test_acc=0.9455 | fro=1.0000 | nuc=3.4412
[Epoch 029] train_ce=0.1370 | train_nuc=3.4583 | train_total=0.3236 | train_acc=0.9510 | val_loss=0.1374 | val_acc=0.9533 | test_acc=0.9478 | fro=1.0000 | nuc=3.5108
[Epoch 030] train_ce=0.1344 | train_nuc=3.4581 | train_total=0.3210 | train_acc=0.9521 | val_loss=0.1324 | val_acc=0.9540 | test_acc=0.9542 | fro=1.0000 | nuc=3.5116
[Epoch 031] train_ce=0.1392 | train_nuc=3.5087 | train_total=0.3285 | train_acc=0.9496 | val_loss=0.1287 | val_acc=0.9540 | test_acc=0.9513 | fro=1.0000 | nuc=3.5624
[Epoch 032] train_ce=0.1346 | train_nuc=3.4720 | train_total=0.3220 | train_acc=0.9509 | val_loss=0.1669 | val_acc=0.9387 | test_acc=0.9366 | fro=1.0000 | nuc=3.4899
[Epoch 033] train_ce=0.1364 | train_nuc=3.4904 | train_total=0.3247 | train_acc=0.9509 | val_loss=0.1223 | val_acc=0.9613 | test_acc=0.9528 | fro=1.0000 | nuc=3.4839
[Epoch 034] train_ce=0.1319 | train_nuc=3.4657 | train_total=0.3189 | train_acc=0.9532 | val_loss=0.1174 | val_acc=0.9607 | test_acc=0.9535 | fro=1.0000 | nuc=3.4439
[Epoch 035] train_ce=0.1302 | train_nuc=3.4574 | train_total=0.3167 | train_acc=0.9542 | val_loss=0.1317 | val_acc=0.9567 | test_acc=0.9535 | fro=1.0000 | nuc=3.5224
[Epoch 036] train_ce=0.1350 | train_nuc=3.4357 | train_total=0.3203 | train_acc=0.9515 | val_loss=0.1342 | val_acc=0.9543 | test_acc=0.9526 | fro=1.0000 | nuc=3.4662
[Epoch 037] train_ce=0.1298 | train_nuc=3.4607 | train_total=0.3166 | train_acc=0.9540 | val_loss=0.1312 | val_acc=0.9547 | test_acc=0.9527 | fro=1.0000 | nuc=3.4522
[Epoch 038] train_ce=0.1326 | train_nuc=3.4601 | train_total=0.3193 | train_acc=0.9524 | val_loss=0.1201 | val_acc=0.9573 | test_acc=0.9526 | fro=1.0000 | nuc=3.4490
[Epoch 039] train_ce=0.1296 | train_nuc=3.4147 | train_total=0.3139 | train_acc=0.9543 | val_loss=0.1197 | val_acc=0.9560 | test_acc=0.9545 | fro=1.0000 | nuc=3.4087
[Epoch 040] train_ce=0.1302 | train_nuc=3.3993 | train_total=0.3136 | train_acc=0.9537 | val_loss=0.1223 | val_acc=0.9573 | test_acc=0.9569 | fro=1.0000 | nuc=3.4203
[Epoch 041] train_ce=0.1273 | train_nuc=3.3930 | train_total=0.3104 | train_acc=0.9547 | val_loss=0.1419 | val_acc=0.9487 | test_acc=0.9473 | fro=1.0000 | nuc=3.4139
[Epoch 042] train_ce=0.1307 | train_nuc=3.3978 | train_total=0.3140 | train_acc=0.9534 | val_loss=0.1363 | val_acc=0.9460 | test_acc=0.9491 | fro=1.0000 | nuc=3.3627
[Epoch 043] train_ce=0.1296 | train_nuc=3.3905 | train_total=0.3125 | train_acc=0.9537 | val_loss=0.1219 | val_acc=0.9547 | test_acc=0.9527 | fro=1.0000 | nuc=3.4691
[Epoch 044] train_ce=0.1267 | train_nuc=3.3742 | train_total=0.3088 | train_acc=0.9557 | val_loss=0.1264 | val_acc=0.9607 | test_acc=0.9520 | fro=1.0000 | nuc=3.3465
Early stopping triggered at epoch 44. Best val_loss=0.117423 at epoch 34.
Done. alpha=0.05395402427433299 | best_val_loss=0.117423 | best_epoch=34

================================================================================
Training alpha=0.05395402, seed=1
================================================================================
Using device: cuda
[Experiment] model_one_layer_FC_alpha_0p05395402427433299
[Alpha] 0.05395402427433299
[Run dir] outputs/compressibility_adv_robustness/model_one_layer_FC_alpha_0p05395402427433299_seed_1
[Target Frobenius norm] 1.000000
[Early stopping patience] 10
[Epoch 001] train_ce=0.2670 | train_nuc=3.5624 | train_total=0.4592 | train_acc=0.8967 | val_loss=0.2072 | val_acc=0.9227 | test_acc=0.9288 | fro=1.0000 | nuc=2.9105
[Epoch 002] train_ce=0.2120 | train_nuc=2.9858 | train_total=0.3731 | train_acc=0.9203 | val_loss=0.2180 | val_acc=0.9203 | test_acc=0.9265 | fro=1.0000 | nuc=3.0786
[Epoch 003] train_ce=0.1937 | train_nuc=3.0860 | train_total=0.3602 | train_acc=0.9286 | val_loss=0.2090 | val_acc=0.9243 | test_acc=0.9280 | fro=1.0000 | nuc=3.1798
[Epoch 004] train_ce=0.1864 | train_nuc=3.2973 | train_total=0.3643 | train_acc=0.9320 | val_loss=0.1806 | val_acc=0.9297 | test_acc=0.9383 | fro=1.0000 | nuc=3.2889
[Epoch 005] train_ce=0.1759 | train_nuc=3.3626 | train_total=0.3573 | train_acc=0.9345 | val_loss=0.1834 | val_acc=0.9300 | test_acc=0.9328 | fro=1.0000 | nuc=3.4131
[Epoch 006] train_ce=0.1753 | train_nuc=3.4424 | train_total=0.3610 | train_acc=0.9355 | val_loss=0.1805 | val_acc=0.9390 | test_acc=0.9360 | fro=1.0000 | nuc=3.4442
[Epoch 007] train_ce=0.1751 | train_nuc=3.4575 | train_total=0.3617 | train_acc=0.9360 | val_loss=0.1668 | val_acc=0.9460 | test_acc=0.9454 | fro=1.0000 | nuc=3.4355
[Epoch 008] train_ce=0.1721 | train_nuc=3.4357 | train_total=0.3574 | train_acc=0.9363 | val_loss=0.1678 | val_acc=0.9393 | test_acc=0.9373 | fro=1.0000 | nuc=3.3962
[Epoch 009] train_ce=0.1693 | train_nuc=3.4492 | train_total=0.3554 | train_acc=0.9367 | val_loss=0.1701 | val_acc=0.9407 | test_acc=0.9416 | fro=1.0000 | nuc=3.4571
[Epoch 010] train_ce=0.1621 | train_nuc=3.4649 | train_total=0.3491 | train_acc=0.9407 | val_loss=0.1887 | val_acc=0.9263 | test_acc=0.9303 | fro=1.0000 | nuc=3.5652
[Epoch 011] train_ce=0.1606 | train_nuc=3.4977 | train_total=0.3493 | train_acc=0.9412 | val_loss=0.1598 | val_acc=0.9420 | test_acc=0.9438 | fro=1.0000 | nuc=3.5566
[Epoch 012] train_ce=0.1570 | train_nuc=3.5126 | train_total=0.3465 | train_acc=0.9420 | val_loss=0.1829 | val_acc=0.9300 | test_acc=0.9339 | fro=1.0000 | nuc=3.4935
[Epoch 013] train_ce=0.1583 | train_nuc=3.5172 | train_total=0.3481 | train_acc=0.9417 | val_loss=0.1720 | val_acc=0.9453 | test_acc=0.9429 | fro=1.0000 | nuc=3.6255
[Epoch 014] train_ce=0.1518 | train_nuc=3.5148 | train_total=0.3415 | train_acc=0.9452 | val_loss=0.1606 | val_acc=0.9437 | test_acc=0.9438 | fro=1.0000 | nuc=3.4915
[Epoch 015] train_ce=0.1518 | train_nuc=3.5235 | train_total=0.3419 | train_acc=0.9449 | val_loss=0.1563 | val_acc=0.9390 | test_acc=0.9454 | fro=1.0000 | nuc=3.4746
[Epoch 016] train_ce=0.1487 | train_nuc=3.5441 | train_total=0.3399 | train_acc=0.9456 | val_loss=0.1574 | val_acc=0.9447 | test_acc=0.9519 | fro=1.0000 | nuc=3.6148
[Epoch 017] train_ce=0.1477 | train_nuc=3.5714 | train_total=0.3404 | train_acc=0.9469 | val_loss=0.1422 | val_acc=0.9520 | test_acc=0.9523 | fro=1.0000 | nuc=3.5183
[Epoch 018] train_ce=0.1465 | train_nuc=3.5811 | train_total=0.3397 | train_acc=0.9465 | val_loss=0.1635 | val_acc=0.9423 | test_acc=0.9466 | fro=1.0000 | nuc=3.5964
[Epoch 019] train_ce=0.1414 | train_nuc=3.5668 | train_total=0.3338 | train_acc=0.9493 | val_loss=0.1499 | val_acc=0.9427 | test_acc=0.9513 | fro=1.0000 | nuc=3.5563
[Epoch 020] train_ce=0.1405 | train_nuc=3.5862 | train_total=0.3340 | train_acc=0.9500 | val_loss=0.1415 | val_acc=0.9510 | test_acc=0.9512 | fro=1.0000 | nuc=3.4903
[Epoch 021] train_ce=0.1418 | train_nuc=3.5722 | train_total=0.3345 | train_acc=0.9486 | val_loss=0.1371 | val_acc=0.9510 | test_acc=0.9531 | fro=1.0000 | nuc=3.5682
[Epoch 022] train_ce=0.1398 | train_nuc=3.5638 | train_total=0.3321 | train_acc=0.9490 | val_loss=0.1632 | val_acc=0.9427 | test_acc=0.9424 | fro=1.0000 | nuc=3.6090
[Epoch 023] train_ce=0.1365 | train_nuc=3.5957 | train_total=0.3305 | train_acc=0.9519 | val_loss=0.1531 | val_acc=0.9463 | test_acc=0.9467 | fro=1.0000 | nuc=3.6647
[Epoch 024] train_ce=0.1357 | train_nuc=3.6045 | train_total=0.3302 | train_acc=0.9506 | val_loss=0.1495 | val_acc=0.9467 | test_acc=0.9483 | fro=1.0000 | nuc=3.5728
[Epoch 025] train_ce=0.1337 | train_nuc=3.6037 | train_total=0.3281 | train_acc=0.9521 | val_loss=0.1366 | val_acc=0.9523 | test_acc=0.9545 | fro=1.0000 | nuc=3.6176
[Epoch 026] train_ce=0.1367 | train_nuc=3.5997 | train_total=0.3309 | train_acc=0.9512 | val_loss=0.1411 | val_acc=0.9457 | test_acc=0.9533 | fro=1.0000 | nuc=3.5621
[Epoch 027] train_ce=0.1330 | train_nuc=3.5662 | train_total=0.3254 | train_acc=0.9519 | val_loss=0.1404 | val_acc=0.9560 | test_acc=0.9533 | fro=1.0000 | nuc=3.5808
[Epoch 028] train_ce=0.1326 | train_nuc=3.5463 | train_total=0.3239 | train_acc=0.9525 | val_loss=0.1350 | val_acc=0.9560 | test_acc=0.9553 | fro=1.0000 | nuc=3.5489
[Epoch 029] train_ce=0.1354 | train_nuc=3.5702 | train_total=0.3280 | train_acc=0.9522 | val_loss=0.1500 | val_acc=0.9447 | test_acc=0.9492 | fro=1.0000 | nuc=3.6283
[Epoch 030] train_ce=0.1309 | train_nuc=3.5444 | train_total=0.3222 | train_acc=0.9526 | val_loss=0.1459 | val_acc=0.9490 | test_acc=0.9529 | fro=1.0000 | nuc=3.5119
[Epoch 031] train_ce=0.1284 | train_nuc=3.5600 | train_total=0.3204 | train_acc=0.9537 | val_loss=0.1429 | val_acc=0.9500 | test_acc=0.9536 | fro=1.0000 | nuc=3.6110
[Epoch 032] train_ce=0.1293 | train_nuc=3.5634 | train_total=0.3216 | train_acc=0.9540 | val_loss=0.1884 | val_acc=0.9353 | test_acc=0.9376 | fro=1.0000 | nuc=3.5971
[Epoch 033] train_ce=0.1320 | train_nuc=3.5614 | train_total=0.3241 | train_acc=0.9531 | val_loss=0.1361 | val_acc=0.9527 | test_acc=0.9574 | fro=1.0000 | nuc=3.5266
[Epoch 034] train_ce=0.1293 | train_nuc=3.5404 | train_total=0.3203 | train_acc=0.9537 | val_loss=0.1388 | val_acc=0.9517 | test_acc=0.9520 | fro=1.0000 | nuc=3.5338
[Epoch 035] train_ce=0.1281 | train_nuc=3.5390 | train_total=0.3191 | train_acc=0.9543 | val_loss=0.1486 | val_acc=0.9457 | test_acc=0.9561 | fro=1.0000 | nuc=3.4816
[Epoch 036] train_ce=0.1299 | train_nuc=3.5013 | train_total=0.3188 | train_acc=0.9540 | val_loss=0.1440 | val_acc=0.9537 | test_acc=0.9523 | fro=1.0000 | nuc=3.5237
[Epoch 037] train_ce=0.1270 | train_nuc=3.4929 | train_total=0.3155 | train_acc=0.9548 | val_loss=0.1448 | val_acc=0.9550 | test_acc=0.9552 | fro=1.0000 | nuc=3.4880
[Epoch 038] train_ce=0.1274 | train_nuc=3.5283 | train_total=0.3177 | train_acc=0.9546 | val_loss=0.1561 | val_acc=0.9497 | test_acc=0.9465 | fro=1.0000 | nuc=3.5653
Early stopping triggered at epoch 38. Best val_loss=0.135048 at epoch 28.
Done. alpha=0.05395402427433299 | best_val_loss=0.135048 | best_epoch=28

================================================================================
Training alpha=0.05395402, seed=2
================================================================================
Using device: cuda
[Experiment] model_one_layer_FC_alpha_0p05395402427433299
[Alpha] 0.05395402427433299
[Run dir] outputs/compressibility_adv_robustness/model_one_layer_FC_alpha_0p05395402427433299_seed_2
[Target Frobenius norm] 1.000000
[Early stopping patience] 10
[Epoch 001] train_ce=0.2619 | train_nuc=3.5627 | train_total=0.4541 | train_acc=0.8996 | val_loss=0.2046 | val_acc=0.9237 | test_acc=0.9249 | fro=1.0000 | nuc=2.9642
[Epoch 002] train_ce=0.2045 | train_nuc=3.0831 | train_total=0.3709 | train_acc=0.9243 | val_loss=0.1833 | val_acc=0.9313 | test_acc=0.9284 | fro=1.0000 | nuc=3.1767
[Epoch 003] train_ce=0.1884 | train_nuc=3.2607 | train_total=0.3643 | train_acc=0.9297 | val_loss=0.1694 | val_acc=0.9383 | test_acc=0.9352 | fro=1.0000 | nuc=3.3975
[Epoch 004] train_ce=0.1845 | train_nuc=3.3416 | train_total=0.3648 | train_acc=0.9313 | val_loss=0.1652 | val_acc=0.9340 | test_acc=0.9351 | fro=1.0000 | nuc=3.3553
[Epoch 005] train_ce=0.1820 | train_nuc=3.3869 | train_total=0.3647 | train_acc=0.9323 | val_loss=0.1639 | val_acc=0.9360 | test_acc=0.9328 | fro=1.0000 | nuc=3.3484
[Epoch 006] train_ce=0.1732 | train_nuc=3.3977 | train_total=0.3565 | train_acc=0.9361 | val_loss=0.1872 | val_acc=0.9253 | test_acc=0.9266 | fro=1.0000 | nuc=3.4215
[Epoch 007] train_ce=0.1697 | train_nuc=3.4351 | train_total=0.3550 | train_acc=0.9366 | val_loss=0.1501 | val_acc=0.9407 | test_acc=0.9398 | fro=1.0000 | nuc=3.4253
[Epoch 008] train_ce=0.1715 | train_nuc=3.4782 | train_total=0.3592 | train_acc=0.9362 | val_loss=0.1774 | val_acc=0.9320 | test_acc=0.9323 | fro=1.0000 | nuc=3.4407
[Epoch 009] train_ce=0.1648 | train_nuc=3.4777 | train_total=0.3524 | train_acc=0.9398 | val_loss=0.1663 | val_acc=0.9410 | test_acc=0.9406 | fro=1.0000 | nuc=3.4569
[Epoch 010] train_ce=0.1627 | train_nuc=3.4794 | train_total=0.3504 | train_acc=0.9410 | val_loss=0.1463 | val_acc=0.9443 | test_acc=0.9459 | fro=1.0000 | nuc=3.5291
[Epoch 011] train_ce=0.1650 | train_nuc=3.5161 | train_total=0.3547 | train_acc=0.9390 | val_loss=0.1426 | val_acc=0.9483 | test_acc=0.9461 | fro=1.0000 | nuc=3.4939
[Epoch 012] train_ce=0.1567 | train_nuc=3.4767 | train_total=0.3443 | train_acc=0.9421 | val_loss=0.1388 | val_acc=0.9470 | test_acc=0.9467 | fro=1.0000 | nuc=3.5233
[Epoch 013] train_ce=0.1571 | train_nuc=3.5144 | train_total=0.3467 | train_acc=0.9422 | val_loss=0.1363 | val_acc=0.9537 | test_acc=0.9458 | fro=1.0000 | nuc=3.5324
[Epoch 014] train_ce=0.1563 | train_nuc=3.4980 | train_total=0.3451 | train_acc=0.9431 | val_loss=0.1577 | val_acc=0.9440 | test_acc=0.9415 | fro=1.0000 | nuc=3.5211
[Epoch 015] train_ce=0.1484 | train_nuc=3.5047 | train_total=0.3375 | train_acc=0.9458 | val_loss=0.1359 | val_acc=0.9480 | test_acc=0.9466 | fro=1.0000 | nuc=3.4490
[Epoch 016] train_ce=0.1506 | train_nuc=3.5051 | train_total=0.3397 | train_acc=0.9449 | val_loss=0.1660 | val_acc=0.9377 | test_acc=0.9355 | fro=1.0000 | nuc=3.5207
[Epoch 017] train_ce=0.1535 | train_nuc=3.5115 | train_total=0.3430 | train_acc=0.9431 | val_loss=0.1655 | val_acc=0.9353 | test_acc=0.9382 | fro=1.0000 | nuc=3.4840
[Epoch 018] train_ce=0.1482 | train_nuc=3.5305 | train_total=0.3386 | train_acc=0.9467 | val_loss=0.1860 | val_acc=0.9267 | test_acc=0.9287 | fro=1.0000 | nuc=3.4928
[Epoch 019] train_ce=0.1490 | train_nuc=3.5046 | train_total=0.3381 | train_acc=0.9458 | val_loss=0.1279 | val_acc=0.9510 | test_acc=0.9493 | fro=1.0000 | nuc=3.5264
[Epoch 020] train_ce=0.1491 | train_nuc=3.4964 | train_total=0.3378 | train_acc=0.9457 | val_loss=0.1247 | val_acc=0.9577 | test_acc=0.9516 | fro=1.0000 | nuc=3.5282
[Epoch 021] train_ce=0.1443 | train_nuc=3.4970 | train_total=0.3330 | train_acc=0.9485 | val_loss=0.1347 | val_acc=0.9493 | test_acc=0.9469 | fro=1.0000 | nuc=3.4919
[Epoch 022] train_ce=0.1404 | train_nuc=3.5123 | train_total=0.3299 | train_acc=0.9494 | val_loss=0.1513 | val_acc=0.9447 | test_acc=0.9443 | fro=1.0000 | nuc=3.5266
[Epoch 023] train_ce=0.1426 | train_nuc=3.5143 | train_total=0.3323 | train_acc=0.9488 | val_loss=0.1229 | val_acc=0.9533 | test_acc=0.9514 | fro=1.0000 | nuc=3.4989
[Epoch 024] train_ce=0.1424 | train_nuc=3.5113 | train_total=0.3318 | train_acc=0.9485 | val_loss=0.1255 | val_acc=0.9533 | test_acc=0.9487 | fro=1.0000 | nuc=3.5132
[Epoch 025] train_ce=0.1405 | train_nuc=3.5006 | train_total=0.3294 | train_acc=0.9496 | val_loss=0.1159 | val_acc=0.9607 | test_acc=0.9521 | fro=1.0000 | nuc=3.4635
[Epoch 026] train_ce=0.1423 | train_nuc=3.4854 | train_total=0.3303 | train_acc=0.9486 | val_loss=0.1283 | val_acc=0.9530 | test_acc=0.9489 | fro=1.0000 | nuc=3.5322
[Epoch 027] train_ce=0.1372 | train_nuc=3.4741 | train_total=0.3246 | train_acc=0.9506 | val_loss=0.1226 | val_acc=0.9553 | test_acc=0.9533 | fro=1.0000 | nuc=3.4606
[Epoch 028] train_ce=0.1366 | train_nuc=3.4654 | train_total=0.3236 | train_acc=0.9518 | val_loss=0.1244 | val_acc=0.9550 | test_acc=0.9480 | fro=1.0000 | nuc=3.5282
[Epoch 029] train_ce=0.1362 | train_nuc=3.4737 | train_total=0.3236 | train_acc=0.9515 | val_loss=0.1195 | val_acc=0.9557 | test_acc=0.9539 | fro=1.0000 | nuc=3.4295
[Epoch 030] train_ce=0.1397 | train_nuc=3.4811 | train_total=0.3275 | train_acc=0.9504 | val_loss=0.1176 | val_acc=0.9567 | test_acc=0.9518 | fro=1.0000 | nuc=3.5498
[Epoch 031] train_ce=0.1346 | train_nuc=3.4657 | train_total=0.3216 | train_acc=0.9518 | val_loss=0.1217 | val_acc=0.9553 | test_acc=0.9503 | fro=1.0000 | nuc=3.4654
[Epoch 032] train_ce=0.1356 | train_nuc=3.4617 | train_total=0.3224 | train_acc=0.9513 | val_loss=0.1180 | val_acc=0.9567 | test_acc=0.9538 | fro=1.0000 | nuc=3.3911
[Epoch 033] train_ce=0.1340 | train_nuc=3.4608 | train_total=0.3207 | train_acc=0.9514 | val_loss=0.1216 | val_acc=0.9567 | test_acc=0.9522 | fro=1.0000 | nuc=3.5183
[Epoch 034] train_ce=0.1318 | train_nuc=3.4373 | train_total=0.3173 | train_acc=0.9538 | val_loss=0.1250 | val_acc=0.9523 | test_acc=0.9470 | fro=1.0000 | nuc=3.3565
[Epoch 035] train_ce=0.1331 | train_nuc=3.4418 | train_total=0.3188 | train_acc=0.9525 | val_loss=0.1576 | val_acc=0.9420 | test_acc=0.9412 | fro=1.0000 | nuc=3.4622
Early stopping triggered at epoch 35. Best val_loss=0.115947 at epoch 25.
Done. alpha=0.05395402427433299 | best_val_loss=0.115947 | best_epoch=25

================================================================================
Training alpha=0.05395402, seed=3
================================================================================
Using device: cuda
[Experiment] model_one_layer_FC_alpha_0p05395402427433299
[Alpha] 0.05395402427433299
[Run dir] outputs/compressibility_adv_robustness/model_one_layer_FC_alpha_0p05395402427433299_seed_3
[Target Frobenius norm] 1.000000
[Early stopping patience] 10
[Epoch 001] train_ce=0.2669 | train_nuc=3.6197 | train_total=0.4622 | train_acc=0.8950 | val_loss=0.2480 | val_acc=0.9023 | test_acc=0.9078 | fro=1.0000 | nuc=2.9527
[Epoch 002] train_ce=0.2083 | train_nuc=3.0207 | train_total=0.3713 | train_acc=0.9216 | val_loss=0.2048 | val_acc=0.9223 | test_acc=0.9275 | fro=1.0000 | nuc=3.1289
[Epoch 003] train_ce=0.1908 | train_nuc=3.2284 | train_total=0.3650 | train_acc=0.9292 | val_loss=0.1888 | val_acc=0.9290 | test_acc=0.9378 | fro=1.0000 | nuc=3.2660
[Epoch 004] train_ce=0.1792 | train_nuc=3.3099 | train_total=0.3577 | train_acc=0.9343 | val_loss=0.1871 | val_acc=0.9307 | test_acc=0.9351 | fro=1.0000 | nuc=3.3166
[Epoch 005] train_ce=0.1784 | train_nuc=3.3561 | train_total=0.3595 | train_acc=0.9343 | val_loss=0.2621 | val_acc=0.9030 | test_acc=0.9084 | fro=1.0000 | nuc=3.3194
[Epoch 006] train_ce=0.1778 | train_nuc=3.4156 | train_total=0.3621 | train_acc=0.9335 | val_loss=0.1830 | val_acc=0.9293 | test_acc=0.9372 | fro=1.0000 | nuc=3.5053
[Epoch 007] train_ce=0.1738 | train_nuc=3.4440 | train_total=0.3596 | train_acc=0.9352 | val_loss=0.1722 | val_acc=0.9410 | test_acc=0.9385 | fro=1.0000 | nuc=3.4300
[Epoch 008] train_ce=0.1744 | train_nuc=3.4769 | train_total=0.3620 | train_acc=0.9355 | val_loss=0.1746 | val_acc=0.9400 | test_acc=0.9386 | fro=1.0000 | nuc=3.4850
[Epoch 009] train_ce=0.1684 | train_nuc=3.4646 | train_total=0.3554 | train_acc=0.9380 | val_loss=0.1635 | val_acc=0.9397 | test_acc=0.9461 | fro=1.0000 | nuc=3.4773
[Epoch 010] train_ce=0.1627 | train_nuc=3.4672 | train_total=0.3497 | train_acc=0.9407 | val_loss=0.1709 | val_acc=0.9383 | test_acc=0.9374 | fro=1.0000 | nuc=3.4754
[Epoch 011] train_ce=0.1669 | train_nuc=3.4630 | train_total=0.3537 | train_acc=0.9379 | val_loss=0.1727 | val_acc=0.9383 | test_acc=0.9378 | fro=1.0000 | nuc=3.4667
[Epoch 012] train_ce=0.1610 | train_nuc=3.4528 | train_total=0.3473 | train_acc=0.9407 | val_loss=0.1850 | val_acc=0.9247 | test_acc=0.9376 | fro=1.0000 | nuc=3.4279
[Epoch 013] train_ce=0.1581 | train_nuc=3.4643 | train_total=0.3450 | train_acc=0.9422 | val_loss=0.1572 | val_acc=0.9447 | test_acc=0.9471 | fro=1.0000 | nuc=3.4889
[Epoch 014] train_ce=0.1517 | train_nuc=3.4962 | train_total=0.3403 | train_acc=0.9447 | val_loss=0.1569 | val_acc=0.9433 | test_acc=0.9470 | fro=1.0000 | nuc=3.4374
[Epoch 015] train_ce=0.1551 | train_nuc=3.5214 | train_total=0.3451 | train_acc=0.9440 | val_loss=0.1671 | val_acc=0.9357 | test_acc=0.9404 | fro=1.0000 | nuc=3.5109
[Epoch 016] train_ce=0.1512 | train_nuc=3.5103 | train_total=0.3406 | train_acc=0.9452 | val_loss=0.1507 | val_acc=0.9447 | test_acc=0.9478 | fro=1.0000 | nuc=3.5535
[Epoch 017] train_ce=0.1498 | train_nuc=3.4993 | train_total=0.3386 | train_acc=0.9453 | val_loss=0.1839 | val_acc=0.9303 | test_acc=0.9407 | fro=1.0000 | nuc=3.4940
[Epoch 018] train_ce=0.1498 | train_nuc=3.4954 | train_total=0.3384 | train_acc=0.9464 | val_loss=0.1602 | val_acc=0.9407 | test_acc=0.9461 | fro=1.0000 | nuc=3.5110
[Epoch 019] train_ce=0.1458 | train_nuc=3.4854 | train_total=0.3339 | train_acc=0.9468 | val_loss=0.1464 | val_acc=0.9483 | test_acc=0.9515 | fro=1.0000 | nuc=3.4692
[Epoch 020] train_ce=0.1468 | train_nuc=3.5218 | train_total=0.3368 | train_acc=0.9470 | val_loss=0.1507 | val_acc=0.9447 | test_acc=0.9508 | fro=1.0000 | nuc=3.4900
[Epoch 021] train_ce=0.1445 | train_nuc=3.5026 | train_total=0.3335 | train_acc=0.9472 | val_loss=0.1850 | val_acc=0.9287 | test_acc=0.9366 | fro=1.0000 | nuc=3.5349
[Epoch 022] train_ce=0.1435 | train_nuc=3.4917 | train_total=0.3319 | train_acc=0.9476 | val_loss=0.1447 | val_acc=0.9490 | test_acc=0.9523 | fro=1.0000 | nuc=3.4920
[Epoch 023] train_ce=0.1435 | train_nuc=3.4928 | train_total=0.3319 | train_acc=0.9485 | val_loss=0.1448 | val_acc=0.9473 | test_acc=0.9537 | fro=1.0000 | nuc=3.5014
[Epoch 024] train_ce=0.1384 | train_nuc=3.5202 | train_total=0.3284 | train_acc=0.9500 | val_loss=0.1503 | val_acc=0.9477 | test_acc=0.9465 | fro=1.0000 | nuc=3.5140
[Epoch 025] train_ce=0.1413 | train_nuc=3.5108 | train_total=0.3308 | train_acc=0.9488 | val_loss=0.1502 | val_acc=0.9457 | test_acc=0.9483 | fro=1.0000 | nuc=3.5282
[Epoch 026] train_ce=0.1402 | train_nuc=3.5399 | train_total=0.3312 | train_acc=0.9493 | val_loss=0.1489 | val_acc=0.9457 | test_acc=0.9498 | fro=1.0000 | nuc=3.5738
[Epoch 027] train_ce=0.1335 | train_nuc=3.5055 | train_total=0.3226 | train_acc=0.9530 | val_loss=0.1388 | val_acc=0.9490 | test_acc=0.9552 | fro=1.0000 | nuc=3.4638
[Epoch 028] train_ce=0.1378 | train_nuc=3.5002 | train_total=0.3267 | train_acc=0.9506 | val_loss=0.1502 | val_acc=0.9527 | test_acc=0.9507 | fro=1.0000 | nuc=3.4740
[Epoch 029] train_ce=0.1352 | train_nuc=3.5365 | train_total=0.3261 | train_acc=0.9520 | val_loss=0.1449 | val_acc=0.9497 | test_acc=0.9523 | fro=1.0000 | nuc=3.4565
[Epoch 030] train_ce=0.1329 | train_nuc=3.5290 | train_total=0.3233 | train_acc=0.9530 | val_loss=0.1434 | val_acc=0.9537 | test_acc=0.9521 | fro=1.0000 | nuc=3.4879
[Epoch 031] train_ce=0.1374 | train_nuc=3.5153 | train_total=0.3271 | train_acc=0.9505 | val_loss=0.1412 | val_acc=0.9527 | test_acc=0.9525 | fro=1.0000 | nuc=3.4427
[Epoch 032] train_ce=0.1360 | train_nuc=3.4857 | train_total=0.3240 | train_acc=0.9503 | val_loss=0.2317 | val_acc=0.9103 | test_acc=0.9208 | fro=1.0000 | nuc=3.5458
[Epoch 033] train_ce=0.1373 | train_nuc=3.4594 | train_total=0.3239 | train_acc=0.9511 | val_loss=0.1602 | val_acc=0.9430 | test_acc=0.9459 | fro=1.0000 | nuc=3.4215
[Epoch 034] train_ce=0.1345 | train_nuc=3.4559 | train_total=0.3209 | train_acc=0.9515 | val_loss=0.1419 | val_acc=0.9513 | test_acc=0.9571 | fro=1.0000 | nuc=3.5217
[Epoch 035] train_ce=0.1334 | train_nuc=3.4685 | train_total=0.3205 | train_acc=0.9514 | val_loss=0.1378 | val_acc=0.9490 | test_acc=0.9502 | fro=1.0000 | nuc=3.5006
[Epoch 036] train_ce=0.1297 | train_nuc=3.4377 | train_total=0.3152 | train_acc=0.9537 | val_loss=0.1463 | val_acc=0.9510 | test_acc=0.9521 | fro=1.0000 | nuc=3.4466
[Epoch 037] train_ce=0.1322 | train_nuc=3.4472 | train_total=0.3182 | train_acc=0.9521 | val_loss=0.1368 | val_acc=0.9543 | test_acc=0.9569 | fro=1.0000 | nuc=3.4660
[Epoch 038] train_ce=0.1299 | train_nuc=3.4279 | train_total=0.3149 | train_acc=0.9526 | val_loss=0.1407 | val_acc=0.9570 | test_acc=0.9549 | fro=1.0000 | nuc=3.3876
[Epoch 039] train_ce=0.1288 | train_nuc=3.4295 | train_total=0.3138 | train_acc=0.9547 | val_loss=0.1301 | val_acc=0.9593 | test_acc=0.9559 | fro=1.0000 | nuc=3.5374
[Epoch 040] train_ce=0.1264 | train_nuc=3.4214 | train_total=0.3110 | train_acc=0.9553 | val_loss=0.1456 | val_acc=0.9497 | test_acc=0.9495 | fro=1.0000 | nuc=3.4856
[Epoch 041] train_ce=0.1275 | train_nuc=3.4392 | train_total=0.3131 | train_acc=0.9553 | val_loss=0.1468 | val_acc=0.9513 | test_acc=0.9518 | fro=1.0000 | nuc=3.3255
[Epoch 042] train_ce=0.1283 | train_nuc=3.4009 | train_total=0.3118 | train_acc=0.9547 | val_loss=0.1352 | val_acc=0.9553 | test_acc=0.9553 | fro=1.0000 | nuc=3.3826
[Epoch 043] train_ce=0.1323 | train_nuc=3.3916 | train_total=0.3153 | train_acc=0.9521 | val_loss=0.1454 | val_acc=0.9517 | test_acc=0.9496 | fro=1.0000 | nuc=3.4445
[Epoch 044] train_ce=0.1274 | train_nuc=3.4127 | train_total=0.3115 | train_acc=0.9542 | val_loss=0.1438 | val_acc=0.9543 | test_acc=0.9524 | fro=1.0000 | nuc=3.3942
[Epoch 045] train_ce=0.1267 | train_nuc=3.3772 | train_total=0.3089 | train_acc=0.9548 | val_loss=0.1390 | val_acc=0.9513 | test_acc=0.9546 | fro=1.0000 | nuc=3.3574
[Epoch 046] train_ce=0.1258 | train_nuc=3.3728 | train_total=0.3077 | train_acc=0.9544 | val_loss=0.1481 | val_acc=0.9507 | test_acc=0.9544 | fro=1.0000 | nuc=3.3732
[Epoch 047] train_ce=0.1241 | train_nuc=3.3795 | train_total=0.3064 | train_acc=0.9550 | val_loss=0.1331 | val_acc=0.9610 | test_acc=0.9553 | fro=1.0000 | nuc=3.5256
[Epoch 048] train_ce=0.1255 | train_nuc=3.3874 | train_total=0.3083 | train_acc=0.9553 | val_loss=0.1324 | val_acc=0.9530 | test_acc=0.9550 | fro=1.0000 | nuc=3.3436
[Epoch 049] train_ce=0.1274 | train_nuc=3.3556 | train_total=0.3085 | train_acc=0.9557 | val_loss=0.1314 | val_acc=0.9540 | test_acc=0.9540 | fro=1.0000 | nuc=3.3233
Early stopping triggered at epoch 49. Best val_loss=0.130095 at epoch 39.
Done. alpha=0.05395402427433299 | best_val_loss=0.130095 | best_epoch=39

================================================================================
Training alpha=0.05395402, seed=4
================================================================================
Using device: cuda
[Experiment] model_one_layer_FC_alpha_0p05395402427433299
[Alpha] 0.05395402427433299
[Run dir] outputs/compressibility_adv_robustness/model_one_layer_FC_alpha_0p05395402427433299_seed_4
[Target Frobenius norm] 1.000000
[Early stopping patience] 10
[Epoch 001] train_ce=0.2635 | train_nuc=3.5930 | train_total=0.4573 | train_acc=0.8974 | val_loss=0.2257 | val_acc=0.9203 | test_acc=0.9200 | fro=1.0000 | nuc=2.9197
[Epoch 002] train_ce=0.2067 | train_nuc=2.9440 | train_total=0.3655 | train_acc=0.9236 | val_loss=0.1914 | val_acc=0.9307 | test_acc=0.9284 | fro=1.0000 | nuc=2.9688
[Epoch 003] train_ce=0.1905 | train_nuc=3.1695 | train_total=0.3616 | train_acc=0.9302 | val_loss=0.2100 | val_acc=0.9237 | test_acc=0.9233 | fro=1.0000 | nuc=3.2812
[Epoch 004] train_ce=0.1810 | train_nuc=3.2991 | train_total=0.3590 | train_acc=0.9325 | val_loss=0.1716 | val_acc=0.9390 | test_acc=0.9428 | fro=1.0000 | nuc=3.3968
[Epoch 005] train_ce=0.1868 | train_nuc=3.3990 | train_total=0.3701 | train_acc=0.9312 | val_loss=0.1800 | val_acc=0.9353 | test_acc=0.9375 | fro=1.0000 | nuc=3.4306
[Epoch 006] train_ce=0.1772 | train_nuc=3.4379 | train_total=0.3627 | train_acc=0.9338 | val_loss=0.1838 | val_acc=0.9337 | test_acc=0.9380 | fro=1.0000 | nuc=3.3514
[Epoch 007] train_ce=0.1708 | train_nuc=3.4407 | train_total=0.3565 | train_acc=0.9374 | val_loss=0.1640 | val_acc=0.9423 | test_acc=0.9424 | fro=1.0000 | nuc=3.4634
[Epoch 008] train_ce=0.1707 | train_nuc=3.4869 | train_total=0.3588 | train_acc=0.9366 | val_loss=0.1670 | val_acc=0.9383 | test_acc=0.9393 | fro=1.0000 | nuc=3.4546
[Epoch 009] train_ce=0.1680 | train_nuc=3.5072 | train_total=0.3573 | train_acc=0.9381 | val_loss=0.1666 | val_acc=0.9433 | test_acc=0.9407 | fro=1.0000 | nuc=3.6013
[Epoch 010] train_ce=0.1654 | train_nuc=3.5100 | train_total=0.3547 | train_acc=0.9396 | val_loss=0.1630 | val_acc=0.9413 | test_acc=0.9404 | fro=1.0000 | nuc=3.5209
[Epoch 011] train_ce=0.1639 | train_nuc=3.5424 | train_total=0.3550 | train_acc=0.9383 | val_loss=0.1521 | val_acc=0.9470 | test_acc=0.9491 | fro=1.0000 | nuc=3.5057
[Epoch 012] train_ce=0.1571 | train_nuc=3.5086 | train_total=0.3464 | train_acc=0.9428 | val_loss=0.1604 | val_acc=0.9463 | test_acc=0.9455 | fro=1.0000 | nuc=3.5314
[Epoch 013] train_ce=0.1595 | train_nuc=3.5481 | train_total=0.3509 | train_acc=0.9414 | val_loss=0.1497 | val_acc=0.9447 | test_acc=0.9444 | fro=1.0000 | nuc=3.5053
[Epoch 014] train_ce=0.1561 | train_nuc=3.5292 | train_total=0.3465 | train_acc=0.9429 | val_loss=0.1556 | val_acc=0.9447 | test_acc=0.9457 | fro=1.0000 | nuc=3.5676
[Epoch 015] train_ce=0.1543 | train_nuc=3.5466 | train_total=0.3456 | train_acc=0.9437 | val_loss=0.1550 | val_acc=0.9460 | test_acc=0.9483 | fro=1.0000 | nuc=3.5335
[Epoch 016] train_ce=0.1548 | train_nuc=3.5382 | train_total=0.3457 | train_acc=0.9427 | val_loss=0.1625 | val_acc=0.9433 | test_acc=0.9424 | fro=1.0000 | nuc=3.5561
[Epoch 017] train_ce=0.1461 | train_nuc=3.5612 | train_total=0.3382 | train_acc=0.9480 | val_loss=0.1543 | val_acc=0.9433 | test_acc=0.9456 | fro=1.0000 | nuc=3.5432
[Epoch 018] train_ce=0.1463 | train_nuc=3.5403 | train_total=0.3373 | train_acc=0.9472 | val_loss=0.1561 | val_acc=0.9467 | test_acc=0.9505 | fro=1.0000 | nuc=3.5645
[Epoch 019] train_ce=0.1475 | train_nuc=3.5323 | train_total=0.3381 | train_acc=0.9478 | val_loss=0.1586 | val_acc=0.9443 | test_acc=0.9459 | fro=1.0000 | nuc=3.5002
[Epoch 020] train_ce=0.1443 | train_nuc=3.5282 | train_total=0.3347 | train_acc=0.9484 | val_loss=0.1586 | val_acc=0.9430 | test_acc=0.9468 | fro=1.0000 | nuc=3.5714
[Epoch 021] train_ce=0.1452 | train_nuc=3.5242 | train_total=0.3353 | train_acc=0.9480 | val_loss=0.1657 | val_acc=0.9407 | test_acc=0.9413 | fro=1.0000 | nuc=3.4787
[Epoch 022] train_ce=0.1441 | train_nuc=3.5753 | train_total=0.3370 | train_acc=0.9481 | val_loss=0.1560 | val_acc=0.9473 | test_acc=0.9436 | fro=1.0000 | nuc=3.5791
[Epoch 023] train_ce=0.1477 | train_nuc=3.5550 | train_total=0.3395 | train_acc=0.9462 | val_loss=0.1360 | val_acc=0.9523 | test_acc=0.9514 | fro=1.0000 | nuc=3.5003
[Epoch 024] train_ce=0.1439 | train_nuc=3.5572 | train_total=0.3358 | train_acc=0.9491 | val_loss=0.1508 | val_acc=0.9460 | test_acc=0.9481 | fro=1.0000 | nuc=3.5898
[Epoch 025] train_ce=0.1406 | train_nuc=3.5624 | train_total=0.3328 | train_acc=0.9490 | val_loss=0.1556 | val_acc=0.9493 | test_acc=0.9465 | fro=1.0000 | nuc=3.5862
[Epoch 026] train_ce=0.1393 | train_nuc=3.5495 | train_total=0.3308 | train_acc=0.9503 | val_loss=0.1500 | val_acc=0.9447 | test_acc=0.9503 | fro=1.0000 | nuc=3.6387
[Epoch 027] train_ce=0.1385 | train_nuc=3.5654 | train_total=0.3308 | train_acc=0.9502 | val_loss=0.1541 | val_acc=0.9457 | test_acc=0.9486 | fro=1.0000 | nuc=3.5515
[Epoch 028] train_ce=0.1410 | train_nuc=3.5534 | train_total=0.3327 | train_acc=0.9498 | val_loss=0.1483 | val_acc=0.9510 | test_acc=0.9552 | fro=1.0000 | nuc=3.5463
[Epoch 029] train_ce=0.1354 | train_nuc=3.5384 | train_total=0.3263 | train_acc=0.9520 | val_loss=0.1430 | val_acc=0.9517 | test_acc=0.9501 | fro=1.0000 | nuc=3.5523
[Epoch 030] train_ce=0.1348 | train_nuc=3.5256 | train_total=0.3251 | train_acc=0.9513 | val_loss=0.1592 | val_acc=0.9460 | test_acc=0.9415 | fro=1.0000 | nuc=3.5673
[Epoch 031] train_ce=0.1334 | train_nuc=3.5614 | train_total=0.3256 | train_acc=0.9516 | val_loss=0.1310 | val_acc=0.9563 | test_acc=0.9541 | fro=1.0000 | nuc=3.5212
[Epoch 032] train_ce=0.1337 | train_nuc=3.5429 | train_total=0.3249 | train_acc=0.9519 | val_loss=0.1547 | val_acc=0.9480 | test_acc=0.9467 | fro=1.0000 | nuc=3.5638
[Epoch 033] train_ce=0.1351 | train_nuc=3.5532 | train_total=0.3268 | train_acc=0.9509 | val_loss=0.1450 | val_acc=0.9447 | test_acc=0.9523 | fro=1.0000 | nuc=3.4812
[Epoch 034] train_ce=0.1310 | train_nuc=3.5231 | train_total=0.3210 | train_acc=0.9531 | val_loss=0.1472 | val_acc=0.9473 | test_acc=0.9525 | fro=1.0000 | nuc=3.5287
[Epoch 035] train_ce=0.1303 | train_nuc=3.5086 | train_total=0.3196 | train_acc=0.9538 | val_loss=0.1391 | val_acc=0.9510 | test_acc=0.9512 | fro=1.0000 | nuc=3.4681
[Epoch 036] train_ce=0.1300 | train_nuc=3.4902 | train_total=0.3183 | train_acc=0.9536 | val_loss=0.1435 | val_acc=0.9523 | test_acc=0.9499 | fro=1.0000 | nuc=3.6353
[Epoch 037] train_ce=0.1284 | train_nuc=3.4960 | train_total=0.3170 | train_acc=0.9548 | val_loss=0.1376 | val_acc=0.9543 | test_acc=0.9536 | fro=1.0000 | nuc=3.5203
[Epoch 038] train_ce=0.1282 | train_nuc=3.5028 | train_total=0.3171 | train_acc=0.9542 | val_loss=0.1388 | val_acc=0.9497 | test_acc=0.9527 | fro=1.0000 | nuc=3.5122
[Epoch 039] train_ce=0.1299 | train_nuc=3.5303 | train_total=0.3203 | train_acc=0.9536 | val_loss=0.1358 | val_acc=0.9523 | test_acc=0.9513 | fro=1.0000 | nuc=3.5246
[Epoch 040] train_ce=0.1280 | train_nuc=3.5025 | train_total=0.3170 | train_acc=0.9546 | val_loss=0.1541 | val_acc=0.9453 | test_acc=0.9459 | fro=1.0000 | nuc=3.5271
[Epoch 041] train_ce=0.1279 | train_nuc=3.5119 | train_total=0.3174 | train_acc=0.9545 | val_loss=0.1294 | val_acc=0.9553 | test_acc=0.9558 | fro=1.0000 | nuc=3.5820
[Epoch 042] train_ce=0.1258 | train_nuc=3.4942 | train_total=0.3143 | train_acc=0.9552 | val_loss=0.1290 | val_acc=0.9540 | test_acc=0.9587 | fro=1.0000 | nuc=3.4887
[Epoch 043] train_ce=0.1270 | train_nuc=3.4899 | train_total=0.3152 | train_acc=0.9548 | val_loss=0.1301 | val_acc=0.9573 | test_acc=0.9556 | fro=1.0000 | nuc=3.4933
[Epoch 044] train_ce=0.1258 | train_nuc=3.4810 | train_total=0.3136 | train_acc=0.9556 | val_loss=0.1354 | val_acc=0.9503 | test_acc=0.9569 | fro=1.0000 | nuc=3.4597
[Epoch 045] train_ce=0.1272 | train_nuc=3.4344 | train_total=0.3125 | train_acc=0.9549 | val_loss=0.1385 | val_acc=0.9490 | test_acc=0.9536 | fro=1.0000 | nuc=3.4412
[Epoch 046] train_ce=0.1279 | train_nuc=3.4499 | train_total=0.3140 | train_acc=0.9542 | val_loss=0.1418 | val_acc=0.9500 | test_acc=0.9547 | fro=1.0000 | nuc=3.5138
[Epoch 047] train_ce=0.1278 | train_nuc=3.4451 | train_total=0.3137 | train_acc=0.9552 | val_loss=0.1268 | val_acc=0.9567 | test_acc=0.9563 | fro=1.0000 | nuc=3.4158
[Epoch 048] train_ce=0.1252 | train_nuc=3.3991 | train_total=0.3086 | train_acc=0.9553 | val_loss=0.1393 | val_acc=0.9523 | test_acc=0.9547 | fro=1.0000 | nuc=3.3685
[Epoch 049] train_ce=0.1276 | train_nuc=3.4423 | train_total=0.3134 | train_acc=0.9543 | val_loss=0.1402 | val_acc=0.9533 | test_acc=0.9552 | fro=1.0000 | nuc=3.3944
[Epoch 050] train_ce=0.1250 | train_nuc=3.4296 | train_total=0.3100 | train_acc=0.9554 | val_loss=0.1275 | val_acc=0.9563 | test_acc=0.9578 | fro=1.0000 | nuc=3.4818
[Epoch 051] train_ce=0.1246 | train_nuc=3.4439 | train_total=0.3104 | train_acc=0.9559 | val_loss=0.1381 | val_acc=0.9503 | test_acc=0.9556 | fro=1.0000 | nuc=3.4437
[Epoch 052] train_ce=0.1253 | train_nuc=3.4383 | train_total=0.3108 | train_acc=0.9550 | val_loss=0.1341 | val_acc=0.9513 | test_acc=0.9533 | fro=1.0000 | nuc=3.4492
[Epoch 053] train_ce=0.1231 | train_nuc=3.4562 | train_total=0.3096 | train_acc=0.9558 | val_loss=0.1250 | val_acc=0.9543 | test_acc=0.9568 | fro=1.0000 | nuc=3.4269
[Epoch 054] train_ce=0.1226 | train_nuc=3.4036 | train_total=0.3062 | train_acc=0.9567 | val_loss=0.1309 | val_acc=0.9533 | test_acc=0.9526 | fro=1.0000 | nuc=3.4114
[Epoch 055] train_ce=0.1233 | train_nuc=3.4107 | train_total=0.3074 | train_acc=0.9556 | val_loss=0.1469 | val_acc=0.9483 | test_acc=0.9508 | fro=1.0000 | nuc=3.4529
[Epoch 056] train_ce=0.1212 | train_nuc=3.4031 | train_total=0.3048 | train_acc=0.9568 | val_loss=0.1281 | val_acc=0.9543 | test_acc=0.9564 | fro=1.0000 | nuc=3.4008
[Epoch 057] train_ce=0.1232 | train_nuc=3.4232 | train_total=0.3079 | train_acc=0.9563 | val_loss=0.1493 | val_acc=0.9480 | test_acc=0.9531 | fro=1.0000 | nuc=3.4449
[Epoch 058] train_ce=0.1275 | train_nuc=3.4482 | train_total=0.3136 | train_acc=0.9548 | val_loss=0.1387 | val_acc=0.9517 | test_acc=0.9524 | fro=1.0000 | nuc=3.5237
[Epoch 059] train_ce=0.1212 | train_nuc=3.4141 | train_total=0.3054 | train_acc=0.9560 | val_loss=0.1264 | val_acc=0.9577 | test_acc=0.9575 | fro=1.0000 | nuc=3.3911
[Epoch 060] train_ce=0.1239 | train_nuc=3.4120 | train_total=0.3080 | train_acc=0.9564 | val_loss=0.1312 | val_acc=0.9540 | test_acc=0.9559 | fro=1.0000 | nuc=3.3516
[Epoch 061] train_ce=0.1213 | train_nuc=3.3880 | train_total=0.3041 | train_acc=0.9570 | val_loss=0.1394 | val_acc=0.9530 | test_acc=0.9538 | fro=1.0000 | nuc=3.3687
[Epoch 062] train_ce=0.1223 | train_nuc=3.3786 | train_total=0.3045 | train_acc=0.9564 | val_loss=0.1310 | val_acc=0.9597 | test_acc=0.9557 | fro=1.0000 | nuc=3.3852
[Epoch 063] train_ce=0.1229 | train_nuc=3.3743 | train_total=0.3049 | train_acc=0.9565 | val_loss=0.1428 | val_acc=0.9473 | test_acc=0.9507 | fro=1.0000 | nuc=3.3535
Early stopping triggered at epoch 63. Best val_loss=0.125029 at epoch 53.
Done. alpha=0.05395402427433299 | best_val_loss=0.125029 | best_epoch=53

================================================================================
Training alpha=0.09558498, seed=0
================================================================================
Using device: cuda
[Experiment] model_one_layer_FC_alpha_0p09558497852172912
[Alpha] 0.09558497852172912
[Run dir] outputs/compressibility_adv_robustness/model_one_layer_FC_alpha_0p09558497852172912_seed_0
[Target Frobenius norm] 1.000000
[Early stopping patience] 10
[Epoch 001] train_ce=0.3121 | train_nuc=3.3383 | train_total=0.6312 | train_acc=0.8720 | val_loss=0.2880 | val_acc=0.8873 | test_acc=0.8881 | fro=1.0000 | nuc=2.3293
[Epoch 002] train_ce=0.2748 | train_nuc=2.3639 | train_total=0.5008 | train_acc=0.8940 | val_loss=0.2651 | val_acc=0.9013 | test_acc=0.8937 | fro=1.0000 | nuc=2.3853
[Epoch 003] train_ce=0.2679 | train_nuc=2.4463 | train_total=0.5017 | train_acc=0.8980 | val_loss=0.2184 | val_acc=0.9247 | test_acc=0.9196 | fro=1.0000 | nuc=2.6302
[Epoch 004] train_ce=0.2178 | train_nuc=2.6887 | train_total=0.4748 | train_acc=0.9191 | val_loss=0.2104 | val_acc=0.9210 | test_acc=0.9219 | fro=1.0000 | nuc=2.7106
[Epoch 005] train_ce=0.2172 | train_nuc=2.7349 | train_total=0.4786 | train_acc=0.9195 | val_loss=0.2579 | val_acc=0.9007 | test_acc=0.9076 | fro=1.0000 | nuc=2.7965
[Epoch 006] train_ce=0.2130 | train_nuc=2.7773 | train_total=0.4785 | train_acc=0.9215 | val_loss=0.2006 | val_acc=0.9243 | test_acc=0.9259 | fro=1.0000 | nuc=2.7807
[Epoch 007] train_ce=0.2107 | train_nuc=2.7789 | train_total=0.4763 | train_acc=0.9216 | val_loss=0.2049 | val_acc=0.9317 | test_acc=0.9210 | fro=1.0000 | nuc=2.8009
[Epoch 008] train_ce=0.2026 | train_nuc=2.7756 | train_total=0.4679 | train_acc=0.9262 | val_loss=0.1906 | val_acc=0.9353 | test_acc=0.9286 | fro=1.0000 | nuc=2.7414
[Epoch 009] train_ce=0.2023 | train_nuc=2.7849 | train_total=0.4685 | train_acc=0.9251 | val_loss=0.2121 | val_acc=0.9293 | test_acc=0.9201 | fro=1.0000 | nuc=2.8640
[Epoch 010] train_ce=0.1953 | train_nuc=2.8830 | train_total=0.4709 | train_acc=0.9285 | val_loss=0.1708 | val_acc=0.9450 | test_acc=0.9354 | fro=1.0000 | nuc=2.8817
[Epoch 011] train_ce=0.1954 | train_nuc=2.9408 | train_total=0.4764 | train_acc=0.9281 | val_loss=0.1749 | val_acc=0.9440 | test_acc=0.9410 | fro=1.0000 | nuc=2.8728
[Epoch 012] train_ce=0.1911 | train_nuc=2.9511 | train_total=0.4732 | train_acc=0.9302 | val_loss=0.1721 | val_acc=0.9417 | test_acc=0.9360 | fro=1.0000 | nuc=2.9843
[Epoch 013] train_ce=0.1881 | train_nuc=2.9645 | train_total=0.4715 | train_acc=0.9306 | val_loss=0.1788 | val_acc=0.9427 | test_acc=0.9379 | fro=1.0000 | nuc=2.9811
[Epoch 014] train_ce=0.1876 | train_nuc=2.9657 | train_total=0.4711 | train_acc=0.9323 | val_loss=0.1897 | val_acc=0.9313 | test_acc=0.9272 | fro=1.0000 | nuc=2.9896
[Epoch 015] train_ce=0.1863 | train_nuc=2.9497 | train_total=0.4682 | train_acc=0.9324 | val_loss=0.1740 | val_acc=0.9390 | test_acc=0.9360 | fro=1.0000 | nuc=2.9121
[Epoch 016] train_ce=0.1821 | train_nuc=2.9088 | train_total=0.4601 | train_acc=0.9346 | val_loss=0.1698 | val_acc=0.9440 | test_acc=0.9395 | fro=1.0000 | nuc=2.9275
[Epoch 017] train_ce=0.1854 | train_nuc=2.9026 | train_total=0.4629 | train_acc=0.9324 | val_loss=0.1709 | val_acc=0.9417 | test_acc=0.9363 | fro=1.0000 | nuc=2.9434
[Epoch 018] train_ce=0.1854 | train_nuc=2.9163 | train_total=0.4642 | train_acc=0.9325 | val_loss=0.1775 | val_acc=0.9397 | test_acc=0.9351 | fro=1.0000 | nuc=2.8636
[Epoch 019] train_ce=0.1818 | train_nuc=2.8864 | train_total=0.4577 | train_acc=0.9341 | val_loss=0.1804 | val_acc=0.9390 | test_acc=0.9379 | fro=1.0000 | nuc=2.8939
[Epoch 020] train_ce=0.1870 | train_nuc=2.9155 | train_total=0.4657 | train_acc=0.9311 | val_loss=0.1700 | val_acc=0.9473 | test_acc=0.9380 | fro=1.0000 | nuc=2.9083
[Epoch 021] train_ce=0.1812 | train_nuc=2.8849 | train_total=0.4569 | train_acc=0.9351 | val_loss=0.1747 | val_acc=0.9410 | test_acc=0.9383 | fro=1.0000 | nuc=2.8830
[Epoch 022] train_ce=0.1838 | train_nuc=2.8750 | train_total=0.4586 | train_acc=0.9343 | val_loss=0.1896 | val_acc=0.9323 | test_acc=0.9290 | fro=1.0000 | nuc=2.9355
[Epoch 023] train_ce=0.1810 | train_nuc=2.8740 | train_total=0.4557 | train_acc=0.9344 | val_loss=0.1869 | val_acc=0.9330 | test_acc=0.9336 | fro=1.0000 | nuc=2.8219
[Epoch 024] train_ce=0.1843 | train_nuc=2.8611 | train_total=0.4578 | train_acc=0.9327 | val_loss=0.1782 | val_acc=0.9410 | test_acc=0.9387 | fro=1.0000 | nuc=2.8009
[Epoch 025] train_ce=0.1816 | train_nuc=2.8427 | train_total=0.4533 | train_acc=0.9336 | val_loss=0.1719 | val_acc=0.9410 | test_acc=0.9393 | fro=1.0000 | nuc=2.8115
[Epoch 026] train_ce=0.1814 | train_nuc=2.8450 | train_total=0.4533 | train_acc=0.9339 | val_loss=0.1808 | val_acc=0.9400 | test_acc=0.9396 | fro=1.0000 | nuc=2.8212
Early stopping triggered at epoch 26. Best val_loss=0.169761 at epoch 16.
Done. alpha=0.09558497852172912 | best_val_loss=0.169761 | best_epoch=16

================================================================================
Training alpha=0.09558498, seed=1
================================================================================
Using device: cuda
[Experiment] model_one_layer_FC_alpha_0p09558497852172912
[Alpha] 0.09558497852172912
[Run dir] outputs/compressibility_adv_robustness/model_one_layer_FC_alpha_0p09558497852172912_seed_1
[Target Frobenius norm] 1.000000
[Early stopping patience] 10
[Epoch 001] train_ce=0.3094 | train_nuc=3.3268 | train_total=0.6274 | train_acc=0.8757 | val_loss=0.2682 | val_acc=0.8990 | test_acc=0.9012 | fro=1.0000 | nuc=2.3922
[Epoch 002] train_ce=0.2772 | train_nuc=2.3975 | train_total=0.5063 | train_acc=0.8951 | val_loss=0.2532 | val_acc=0.9063 | test_acc=0.9136 | fro=1.0000 | nuc=2.4382
[Epoch 003] train_ce=0.2272 | train_nuc=2.6212 | train_total=0.4778 | train_acc=0.9152 | val_loss=0.2803 | val_acc=0.8927 | test_acc=0.8910 | fro=1.0000 | nuc=2.6638
[Epoch 004] train_ce=0.2213 | train_nuc=2.7151 | train_total=0.4809 | train_acc=0.9179 | val_loss=0.2365 | val_acc=0.9110 | test_acc=0.9108 | fro=1.0000 | nuc=2.7134
[Epoch 005] train_ce=0.2140 | train_nuc=2.7384 | train_total=0.4758 | train_acc=0.9213 | val_loss=0.2109 | val_acc=0.9220 | test_acc=0.9274 | fro=1.0000 | nuc=2.7461
[Epoch 006] train_ce=0.2107 | train_nuc=2.7785 | train_total=0.4763 | train_acc=0.9228 | val_loss=0.2160 | val_acc=0.9223 | test_acc=0.9253 | fro=1.0000 | nuc=2.8063
[Epoch 007] train_ce=0.2084 | train_nuc=2.7869 | train_total=0.4748 | train_acc=0.9226 | val_loss=0.2142 | val_acc=0.9267 | test_acc=0.9302 | fro=1.0000 | nuc=2.8186
[Epoch 008] train_ce=0.2047 | train_nuc=2.8434 | train_total=0.4765 | train_acc=0.9258 | val_loss=0.1941 | val_acc=0.9307 | test_acc=0.9281 | fro=1.0000 | nuc=2.8898
[Epoch 009] train_ce=0.1923 | train_nuc=2.8985 | train_total=0.4694 | train_acc=0.9305 | val_loss=0.1837 | val_acc=0.9337 | test_acc=0.9372 | fro=1.0000 | nuc=2.9602
[Epoch 010] train_ce=0.1875 | train_nuc=2.9744 | train_total=0.4718 | train_acc=0.9323 | val_loss=0.1857 | val_acc=0.9303 | test_acc=0.9322 | fro=1.0000 | nuc=3.0140
[Epoch 011] train_ce=0.1840 | train_nuc=3.0013 | train_total=0.4709 | train_acc=0.9344 | val_loss=0.2004 | val_acc=0.9263 | test_acc=0.9300 | fro=1.0000 | nuc=3.0322
[Epoch 012] train_ce=0.1859 | train_nuc=3.0106 | train_total=0.4737 | train_acc=0.9323 | val_loss=0.1985 | val_acc=0.9280 | test_acc=0.9250 | fro=1.0000 | nuc=3.0192
[Epoch 013] train_ce=0.1835 | train_nuc=3.0098 | train_total=0.4712 | train_acc=0.9342 | val_loss=0.1936 | val_acc=0.9357 | test_acc=0.9353 | fro=1.0000 | nuc=3.0124
[Epoch 014] train_ce=0.1863 | train_nuc=3.0000 | train_total=0.4731 | train_acc=0.9322 | val_loss=0.1936 | val_acc=0.9303 | test_acc=0.9309 | fro=1.0000 | nuc=2.9957
[Epoch 015] train_ce=0.1770 | train_nuc=2.9663 | train_total=0.4605 | train_acc=0.9374 | val_loss=0.1812 | val_acc=0.9377 | test_acc=0.9366 | fro=1.0000 | nuc=2.9573
[Epoch 016] train_ce=0.1782 | train_nuc=2.9746 | train_total=0.4625 | train_acc=0.9351 | val_loss=0.1813 | val_acc=0.9387 | test_acc=0.9442 | fro=1.0000 | nuc=2.9611
[Epoch 017] train_ce=0.1801 | train_nuc=2.9828 | train_total=0.4652 | train_acc=0.9349 | val_loss=0.1811 | val_acc=0.9400 | test_acc=0.9373 | fro=1.0000 | nuc=2.9951
[Epoch 018] train_ce=0.1780 | train_nuc=2.9449 | train_total=0.4595 | train_acc=0.9359 | val_loss=0.1978 | val_acc=0.9310 | test_acc=0.9302 | fro=1.0000 | nuc=2.9082
[Epoch 019] train_ce=0.1771 | train_nuc=2.9239 | train_total=0.4565 | train_acc=0.9371 | val_loss=0.1845 | val_acc=0.9350 | test_acc=0.9334 | fro=1.0000 | nuc=2.9279
[Epoch 020] train_ce=0.1782 | train_nuc=2.8749 | train_total=0.4530 | train_acc=0.9367 | val_loss=0.1750 | val_acc=0.9397 | test_acc=0.9423 | fro=1.0000 | nuc=2.8307
[Epoch 021] train_ce=0.1788 | train_nuc=2.8486 | train_total=0.4511 | train_acc=0.9359 | val_loss=0.1853 | val_acc=0.9360 | test_acc=0.9372 | fro=1.0000 | nuc=2.8087
[Epoch 022] train_ce=0.1846 | train_nuc=2.8728 | train_total=0.4592 | train_acc=0.9325 | val_loss=0.1843 | val_acc=0.9347 | test_acc=0.9365 | fro=1.0000 | nuc=2.8686
[Epoch 023] train_ce=0.1781 | train_nuc=2.8388 | train_total=0.4494 | train_acc=0.9364 | val_loss=0.2000 | val_acc=0.9303 | test_acc=0.9300 | fro=1.0000 | nuc=2.8804
[Epoch 024] train_ce=0.1798 | train_nuc=2.8253 | train_total=0.4499 | train_acc=0.9361 | val_loss=0.1784 | val_acc=0.9350 | test_acc=0.9366 | fro=1.0000 | nuc=2.7615
[Epoch 025] train_ce=0.1793 | train_nuc=2.7873 | train_total=0.4457 | train_acc=0.9363 | val_loss=0.1806 | val_acc=0.9357 | test_acc=0.9359 | fro=1.0000 | nuc=2.8525
[Epoch 026] train_ce=0.1833 | train_nuc=2.8303 | train_total=0.4538 | train_acc=0.9337 | val_loss=0.1871 | val_acc=0.9310 | test_acc=0.9379 | fro=1.0000 | nuc=2.7738
[Epoch 027] train_ce=0.1774 | train_nuc=2.7869 | train_total=0.4437 | train_acc=0.9378 | val_loss=0.1820 | val_acc=0.9360 | test_acc=0.9379 | fro=1.0000 | nuc=2.7669
[Epoch 028] train_ce=0.1806 | train_nuc=2.7921 | train_total=0.4474 | train_acc=0.9352 | val_loss=0.1741 | val_acc=0.9390 | test_acc=0.9415 | fro=1.0000 | nuc=2.7653
[Epoch 029] train_ce=0.1812 | train_nuc=2.7718 | train_total=0.4462 | train_acc=0.9355 | val_loss=0.1824 | val_acc=0.9360 | test_acc=0.9336 | fro=1.0000 | nuc=2.8044
[Epoch 030] train_ce=0.1788 | train_nuc=2.7788 | train_total=0.4444 | train_acc=0.9363 | val_loss=0.1881 | val_acc=0.9313 | test_acc=0.9387 | fro=1.0000 | nuc=2.7923
[Epoch 031] train_ce=0.1785 | train_nuc=2.7415 | train_total=0.4405 | train_acc=0.9359 | val_loss=0.1792 | val_acc=0.9373 | test_acc=0.9368 | fro=1.0000 | nuc=2.7868
[Epoch 032] train_ce=0.1794 | train_nuc=2.7658 | train_total=0.4438 | train_acc=0.9348 | val_loss=0.2564 | val_acc=0.9020 | test_acc=0.9132 | fro=1.0000 | nuc=2.7102
[Epoch 033] train_ce=0.1822 | train_nuc=2.7397 | train_total=0.4440 | train_acc=0.9351 | val_loss=0.1858 | val_acc=0.9330 | test_acc=0.9365 | fro=1.0000 | nuc=2.7675
[Epoch 034] train_ce=0.1801 | train_nuc=2.7533 | train_total=0.4433 | train_acc=0.9355 | val_loss=0.1781 | val_acc=0.9390 | test_acc=0.9383 | fro=1.0000 | nuc=2.8075
[Epoch 035] train_ce=0.1765 | train_nuc=2.7345 | train_total=0.4378 | train_acc=0.9367 | val_loss=0.1991 | val_acc=0.9250 | test_acc=0.9355 | fro=1.0000 | nuc=2.6811
[Epoch 036] train_ce=0.1758 | train_nuc=2.7294 | train_total=0.4367 | train_acc=0.9375 | val_loss=0.1743 | val_acc=0.9383 | test_acc=0.9384 | fro=1.0000 | nuc=2.7513
[Epoch 037] train_ce=0.1738 | train_nuc=2.7525 | train_total=0.4369 | train_acc=0.9373 | val_loss=0.2401 | val_acc=0.9093 | test_acc=0.9225 | fro=1.0000 | nuc=2.7768
[Epoch 038] train_ce=0.1746 | train_nuc=2.7812 | train_total=0.4405 | train_acc=0.9372 | val_loss=0.1852 | val_acc=0.9340 | test_acc=0.9351 | fro=1.0000 | nuc=2.8178
Early stopping triggered at epoch 38. Best val_loss=0.174065 at epoch 28.
Done. alpha=0.09558497852172912 | best_val_loss=0.174065 | best_epoch=28

================================================================================
Training alpha=0.09558498, seed=2
================================================================================
Using device: cuda
[Experiment] model_one_layer_FC_alpha_0p09558497852172912
[Alpha] 0.09558497852172912
[Run dir] outputs/compressibility_adv_robustness/model_one_layer_FC_alpha_0p09558497852172912_seed_2
[Target Frobenius norm] 1.000000
[Early stopping patience] 10
[Epoch 001] train_ce=0.2876 | train_nuc=3.4837 | train_total=0.6206 | train_acc=0.8867 | val_loss=0.2141 | val_acc=0.9210 | test_acc=0.9235 | fro=1.0000 | nuc=2.6600
[Epoch 002] train_ce=0.2264 | train_nuc=2.6647 | train_total=0.4811 | train_acc=0.9152 | val_loss=0.2364 | val_acc=0.9083 | test_acc=0.9066 | fro=1.0000 | nuc=2.6682
[Epoch 003] train_ce=0.2224 | train_nuc=2.6789 | train_total=0.4785 | train_acc=0.9182 | val_loss=0.2187 | val_acc=0.9177 | test_acc=0.9149 | fro=1.0000 | nuc=2.6875
[Epoch 004] train_ce=0.2193 | train_nuc=2.7034 | train_total=0.4777 | train_acc=0.9183 | val_loss=0.2107 | val_acc=0.9193 | test_acc=0.9143 | fro=1.0000 | nuc=2.7059
[Epoch 005] train_ce=0.2191 | train_nuc=2.7277 | train_total=0.4798 | train_acc=0.9194 | val_loss=0.2520 | val_acc=0.8980 | test_acc=0.9017 | fro=1.0000 | nuc=2.7382
[Epoch 006] train_ce=0.2116 | train_nuc=2.7384 | train_total=0.4733 | train_acc=0.9217 | val_loss=0.1991 | val_acc=0.9227 | test_acc=0.9242 | fro=1.0000 | nuc=2.7824
[Epoch 007] train_ce=0.2093 | train_nuc=2.7547 | train_total=0.4726 | train_acc=0.9238 | val_loss=0.1892 | val_acc=0.9267 | test_acc=0.9270 | fro=1.0000 | nuc=2.8040
[Epoch 008] train_ce=0.2089 | train_nuc=2.7694 | train_total=0.4736 | train_acc=0.9231 | val_loss=0.2639 | val_acc=0.8980 | test_acc=0.8988 | fro=1.0000 | nuc=2.7468
[Epoch 009] train_ce=0.2024 | train_nuc=2.7683 | train_total=0.4670 | train_acc=0.9274 | val_loss=0.1827 | val_acc=0.9343 | test_acc=0.9322 | fro=1.0000 | nuc=2.7884
[Epoch 010] train_ce=0.2050 | train_nuc=2.8108 | train_total=0.4737 | train_acc=0.9260 | val_loss=0.1974 | val_acc=0.9303 | test_acc=0.9274 | fro=1.0000 | nuc=2.8327
[Epoch 011] train_ce=0.1974 | train_nuc=2.8493 | train_total=0.4698 | train_acc=0.9295 | val_loss=0.1831 | val_acc=0.9347 | test_acc=0.9327 | fro=1.0000 | nuc=2.8795
[Epoch 012] train_ce=0.1942 | train_nuc=2.9036 | train_total=0.4718 | train_acc=0.9302 | val_loss=0.1694 | val_acc=0.9363 | test_acc=0.9337 | fro=1.0000 | nuc=2.9249
[Epoch 013] train_ce=0.1912 | train_nuc=2.9326 | train_total=0.4715 | train_acc=0.9310 | val_loss=0.1799 | val_acc=0.9337 | test_acc=0.9317 | fro=1.0000 | nuc=2.9754
[Epoch 014] train_ce=0.1850 | train_nuc=2.9160 | train_total=0.4638 | train_acc=0.9333 | val_loss=0.1979 | val_acc=0.9223 | test_acc=0.9269 | fro=1.0000 | nuc=2.9433
[Epoch 015] train_ce=0.1836 | train_nuc=2.9203 | train_total=0.4627 | train_acc=0.9333 | val_loss=0.1673 | val_acc=0.9357 | test_acc=0.9356 | fro=1.0000 | nuc=2.8798
[Epoch 016] train_ce=0.1834 | train_nuc=2.9027 | train_total=0.4609 | train_acc=0.9340 | val_loss=0.1991 | val_acc=0.9320 | test_acc=0.9233 | fro=1.0000 | nuc=2.9097
[Epoch 017] train_ce=0.1846 | train_nuc=2.9404 | train_total=0.4657 | train_acc=0.9327 | val_loss=0.1837 | val_acc=0.9377 | test_acc=0.9350 | fro=1.0000 | nuc=2.8765
[Epoch 018] train_ce=0.1823 | train_nuc=2.9070 | train_total=0.4602 | train_acc=0.9336 | val_loss=0.2071 | val_acc=0.9183 | test_acc=0.9196 | fro=1.0000 | nuc=2.9428
[Epoch 019] train_ce=0.1866 | train_nuc=2.9389 | train_total=0.4675 | train_acc=0.9329 | val_loss=0.1675 | val_acc=0.9407 | test_acc=0.9367 | fro=1.0000 | nuc=2.9309
[Epoch 020] train_ce=0.1830 | train_nuc=2.9036 | train_total=0.4606 | train_acc=0.9338 | val_loss=0.1647 | val_acc=0.9430 | test_acc=0.9377 | fro=1.0000 | nuc=2.8875
[Epoch 021] train_ce=0.1827 | train_nuc=2.8930 | train_total=0.4592 | train_acc=0.9350 | val_loss=0.2140 | val_acc=0.9197 | test_acc=0.9221 | fro=1.0000 | nuc=2.8381
[Epoch 022] train_ce=0.1794 | train_nuc=2.8718 | train_total=0.4539 | train_acc=0.9353 | val_loss=0.2033 | val_acc=0.9243 | test_acc=0.9225 | fro=1.0000 | nuc=2.8112
[Epoch 023] train_ce=0.1803 | train_nuc=2.8826 | train_total=0.4558 | train_acc=0.9349 | val_loss=0.1636 | val_acc=0.9397 | test_acc=0.9375 | fro=1.0000 | nuc=2.8549
[Epoch 024] train_ce=0.1812 | train_nuc=2.8733 | train_total=0.4559 | train_acc=0.9336 | val_loss=0.1690 | val_acc=0.9420 | test_acc=0.9382 | fro=1.0000 | nuc=2.8852
[Epoch 025] train_ce=0.1772 | train_nuc=2.8864 | train_total=0.4531 | train_acc=0.9365 | val_loss=0.1643 | val_acc=0.9423 | test_acc=0.9388 | fro=1.0000 | nuc=2.8834
[Epoch 026] train_ce=0.1783 | train_nuc=2.8815 | train_total=0.4538 | train_acc=0.9363 | val_loss=0.1644 | val_acc=0.9390 | test_acc=0.9376 | fro=1.0000 | nuc=2.8805
[Epoch 027] train_ce=0.1761 | train_nuc=2.8619 | train_total=0.4496 | train_acc=0.9367 | val_loss=0.1623 | val_acc=0.9427 | test_acc=0.9398 | fro=1.0000 | nuc=2.8816
[Epoch 028] train_ce=0.1803 | train_nuc=2.8699 | train_total=0.4546 | train_acc=0.9348 | val_loss=0.1839 | val_acc=0.9323 | test_acc=0.9313 | fro=1.0000 | nuc=2.8995
[Epoch 029] train_ce=0.1787 | train_nuc=2.8791 | train_total=0.4539 | train_acc=0.9356 | val_loss=0.1632 | val_acc=0.9440 | test_acc=0.9397 | fro=1.0000 | nuc=2.8375
[Epoch 030] train_ce=0.1779 | train_nuc=2.8477 | train_total=0.4501 | train_acc=0.9362 | val_loss=0.1720 | val_acc=0.9343 | test_acc=0.9329 | fro=1.0000 | nuc=2.9323
[Epoch 031] train_ce=0.1784 | train_nuc=2.8606 | train_total=0.4518 | train_acc=0.9352 | val_loss=0.1742 | val_acc=0.9333 | test_acc=0.9340 | fro=1.0000 | nuc=2.8143
[Epoch 032] train_ce=0.1790 | train_nuc=2.8416 | train_total=0.4506 | train_acc=0.9365 | val_loss=0.1581 | val_acc=0.9393 | test_acc=0.9422 | fro=1.0000 | nuc=2.8661
[Epoch 033] train_ce=0.1794 | train_nuc=2.8354 | train_total=0.4504 | train_acc=0.9359 | val_loss=0.1844 | val_acc=0.9343 | test_acc=0.9286 | fro=1.0000 | nuc=2.8521
[Epoch 034] train_ce=0.1778 | train_nuc=2.8209 | train_total=0.4475 | train_acc=0.9363 | val_loss=0.1729 | val_acc=0.9377 | test_acc=0.9312 | fro=1.0000 | nuc=2.7686
[Epoch 035] train_ce=0.1789 | train_nuc=2.8149 | train_total=0.4479 | train_acc=0.9360 | val_loss=0.1725 | val_acc=0.9377 | test_acc=0.9369 | fro=1.0000 | nuc=2.8049
[Epoch 036] train_ce=0.1746 | train_nuc=2.7885 | train_total=0.4412 | train_acc=0.9375 | val_loss=0.1693 | val_acc=0.9380 | test_acc=0.9360 | fro=1.0000 | nuc=2.8231
[Epoch 037] train_ce=0.1771 | train_nuc=2.7904 | train_total=0.4438 | train_acc=0.9363 | val_loss=0.1721 | val_acc=0.9370 | test_acc=0.9364 | fro=1.0000 | nuc=2.8502
[Epoch 038] train_ce=0.1801 | train_nuc=2.8233 | train_total=0.4500 | train_acc=0.9348 | val_loss=0.1667 | val_acc=0.9397 | test_acc=0.9380 | fro=1.0000 | nuc=2.7554
[Epoch 039] train_ce=0.1753 | train_nuc=2.7605 | train_total=0.4392 | train_acc=0.9372 | val_loss=0.1728 | val_acc=0.9360 | test_acc=0.9361 | fro=1.0000 | nuc=2.7675
[Epoch 040] train_ce=0.1810 | train_nuc=2.8250 | train_total=0.4510 | train_acc=0.9345 | val_loss=0.1536 | val_acc=0.9430 | test_acc=0.9429 | fro=1.0000 | nuc=2.7677
[Epoch 041] train_ce=0.1739 | train_nuc=2.7642 | train_total=0.4381 | train_acc=0.9378 | val_loss=0.1667 | val_acc=0.9377 | test_acc=0.9367 | fro=1.0000 | nuc=2.7682
[Epoch 042] train_ce=0.1760 | train_nuc=2.7675 | train_total=0.4405 | train_acc=0.9365 | val_loss=0.1650 | val_acc=0.9380 | test_acc=0.9385 | fro=1.0000 | nuc=2.8080
[Epoch 043] train_ce=0.1747 | train_nuc=2.7787 | train_total=0.4403 | train_acc=0.9369 | val_loss=0.2069 | val_acc=0.9227 | test_acc=0.9250 | fro=1.0000 | nuc=2.7448
[Epoch 044] train_ce=0.1734 | train_nuc=2.7640 | train_total=0.4375 | train_acc=0.9380 | val_loss=0.1772 | val_acc=0.9340 | test_acc=0.9355 | fro=1.0000 | nuc=2.7564
[Epoch 045] train_ce=0.1725 | train_nuc=2.7738 | train_total=0.4376 | train_acc=0.9385 | val_loss=0.1684 | val_acc=0.9397 | test_acc=0.9385 | fro=1.0000 | nuc=2.7633
[Epoch 046] train_ce=0.1737 | train_nuc=2.7926 | train_total=0.4406 | train_acc=0.9374 | val_loss=0.1672 | val_acc=0.9360 | test_acc=0.9399 | fro=1.0000 | nuc=2.7999
[Epoch 047] train_ce=0.1734 | train_nuc=2.8299 | train_total=0.4439 | train_acc=0.9377 | val_loss=0.1551 | val_acc=0.9477 | test_acc=0.9408 | fro=1.0000 | nuc=2.7970
[Epoch 048] train_ce=0.1655 | train_nuc=2.7966 | train_total=0.4328 | train_acc=0.9407 | val_loss=0.1774 | val_acc=0.9343 | test_acc=0.9395 | fro=1.0000 | nuc=2.8085
[Epoch 049] train_ce=0.1691 | train_nuc=2.8148 | train_total=0.4382 | train_acc=0.9396 | val_loss=0.1575 | val_acc=0.9420 | test_acc=0.9420 | fro=1.0000 | nuc=2.8100
[Epoch 050] train_ce=0.1650 | train_nuc=2.8277 | train_total=0.4353 | train_acc=0.9417 | val_loss=0.1555 | val_acc=0.9410 | test_acc=0.9431 | fro=1.0000 | nuc=2.8396
Early stopping triggered at epoch 50. Best val_loss=0.153625 at epoch 40.
Done. alpha=0.09558497852172912 | best_val_loss=0.153625 | best_epoch=40

================================================================================
Training alpha=0.09558498, seed=3
================================================================================
Using device: cuda
[Experiment] model_one_layer_FC_alpha_0p09558497852172912
[Alpha] 0.09558497852172912
[Run dir] outputs/compressibility_adv_robustness/model_one_layer_FC_alpha_0p09558497852172912_seed_3
[Target Frobenius norm] 1.000000
[Early stopping patience] 10
[Epoch 001] train_ce=0.3154 | train_nuc=3.3589 | train_total=0.6365 | train_acc=0.8708 | val_loss=0.2871 | val_acc=0.8933 | test_acc=0.8966 | fro=1.0000 | nuc=2.3949
[Epoch 002] train_ce=0.2646 | train_nuc=2.4263 | train_total=0.4965 | train_acc=0.8994 | val_loss=0.2450 | val_acc=0.9067 | test_acc=0.9136 | fro=1.0000 | nuc=2.6009
[Epoch 003] train_ce=0.2206 | train_nuc=2.6671 | train_total=0.4755 | train_acc=0.9181 | val_loss=0.2200 | val_acc=0.9170 | test_acc=0.9217 | fro=1.0000 | nuc=2.6694
[Epoch 004] train_ce=0.2173 | train_nuc=2.7023 | train_total=0.4756 | train_acc=0.9206 | val_loss=0.2177 | val_acc=0.9183 | test_acc=0.9236 | fro=1.0000 | nuc=2.7350
[Epoch 005] train_ce=0.2192 | train_nuc=2.7393 | train_total=0.4810 | train_acc=0.9193 | val_loss=0.2452 | val_acc=0.9083 | test_acc=0.9078 | fro=1.0000 | nuc=2.7484
[Epoch 006] train_ce=0.2128 | train_nuc=2.7613 | train_total=0.4768 | train_acc=0.9217 | val_loss=0.2077 | val_acc=0.9273 | test_acc=0.9265 | fro=1.0000 | nuc=2.8005
[Epoch 007] train_ce=0.2100 | train_nuc=2.7543 | train_total=0.4733 | train_acc=0.9232 | val_loss=0.2450 | val_acc=0.9053 | test_acc=0.9074 | fro=1.0000 | nuc=2.7980
[Epoch 008] train_ce=0.2080 | train_nuc=2.7605 | train_total=0.4719 | train_acc=0.9228 | val_loss=0.2325 | val_acc=0.9103 | test_acc=0.9131 | fro=1.0000 | nuc=2.7438
[Epoch 009] train_ce=0.2066 | train_nuc=2.7625 | train_total=0.4706 | train_acc=0.9246 | val_loss=0.1955 | val_acc=0.9267 | test_acc=0.9336 | fro=1.0000 | nuc=2.7911
[Epoch 010] train_ce=0.2042 | train_nuc=2.7592 | train_total=0.4680 | train_acc=0.9262 | val_loss=0.2040 | val_acc=0.9290 | test_acc=0.9283 | fro=1.0000 | nuc=2.7498
[Epoch 011] train_ce=0.2037 | train_nuc=2.7783 | train_total=0.4693 | train_acc=0.9256 | val_loss=0.1983 | val_acc=0.9287 | test_acc=0.9269 | fro=1.0000 | nuc=2.7780
[Epoch 012] train_ce=0.1982 | train_nuc=2.8058 | train_total=0.4664 | train_acc=0.9288 | val_loss=0.2012 | val_acc=0.9263 | test_acc=0.9302 | fro=1.0000 | nuc=2.8288
[Epoch 013] train_ce=0.1919 | train_nuc=2.8735 | train_total=0.4665 | train_acc=0.9302 | val_loss=0.1990 | val_acc=0.9300 | test_acc=0.9301 | fro=1.0000 | nuc=2.9038
[Epoch 014] train_ce=0.1832 | train_nuc=2.9219 | train_total=0.4625 | train_acc=0.9347 | val_loss=0.2012 | val_acc=0.9267 | test_acc=0.9289 | fro=1.0000 | nuc=2.8742
[Epoch 015] train_ce=0.1871 | train_nuc=2.9352 | train_total=0.4677 | train_acc=0.9321 | val_loss=0.1982 | val_acc=0.9303 | test_acc=0.9300 | fro=1.0000 | nuc=2.9837
[Epoch 016] train_ce=0.1821 | train_nuc=2.9287 | train_total=0.4620 | train_acc=0.9348 | val_loss=0.1925 | val_acc=0.9300 | test_acc=0.9342 | fro=1.0000 | nuc=2.9088
[Epoch 017] train_ce=0.1792 | train_nuc=2.9242 | train_total=0.4587 | train_acc=0.9360 | val_loss=0.2250 | val_acc=0.9187 | test_acc=0.9223 | fro=1.0000 | nuc=2.9847
[Epoch 018] train_ce=0.1798 | train_nuc=2.9648 | train_total=0.4632 | train_acc=0.9351 | val_loss=0.1830 | val_acc=0.9333 | test_acc=0.9381 | fro=1.0000 | nuc=2.9389
[Epoch 019] train_ce=0.1775 | train_nuc=2.9417 | train_total=0.4587 | train_acc=0.9367 | val_loss=0.1674 | val_acc=0.9433 | test_acc=0.9428 | fro=1.0000 | nuc=2.9545
[Epoch 020] train_ce=0.1745 | train_nuc=2.9166 | train_total=0.4533 | train_acc=0.9373 | val_loss=0.1783 | val_acc=0.9347 | test_acc=0.9396 | fro=1.0000 | nuc=2.8968
[Epoch 021] train_ce=0.1780 | train_nuc=2.9224 | train_total=0.4573 | train_acc=0.9366 | val_loss=0.2119 | val_acc=0.9183 | test_acc=0.9244 | fro=1.0000 | nuc=2.9377
[Epoch 022] train_ce=0.1777 | train_nuc=2.9161 | train_total=0.4564 | train_acc=0.9366 | val_loss=0.1843 | val_acc=0.9330 | test_acc=0.9363 | fro=1.0000 | nuc=2.9207
[Epoch 023] train_ce=0.1753 | train_nuc=2.9268 | train_total=0.4550 | train_acc=0.9368 | val_loss=0.1769 | val_acc=0.9370 | test_acc=0.9411 | fro=1.0000 | nuc=2.8636
[Epoch 024] train_ce=0.1765 | train_nuc=2.8968 | train_total=0.4534 | train_acc=0.9364 | val_loss=0.1720 | val_acc=0.9353 | test_acc=0.9397 | fro=1.0000 | nuc=2.8871
[Epoch 025] train_ce=0.1755 | train_nuc=2.8974 | train_total=0.4525 | train_acc=0.9374 | val_loss=0.1762 | val_acc=0.9350 | test_acc=0.9378 | fro=1.0000 | nuc=2.9217
[Epoch 026] train_ce=0.1723 | train_nuc=2.8600 | train_total=0.4456 | train_acc=0.9374 | val_loss=0.1909 | val_acc=0.9307 | test_acc=0.9352 | fro=1.0000 | nuc=2.8575
[Epoch 027] train_ce=0.1737 | train_nuc=2.8554 | train_total=0.4466 | train_acc=0.9383 | val_loss=0.1901 | val_acc=0.9320 | test_acc=0.9323 | fro=1.0000 | nuc=2.9331
[Epoch 028] train_ce=0.1772 | train_nuc=2.8761 | train_total=0.4521 | train_acc=0.9370 | val_loss=0.1785 | val_acc=0.9410 | test_acc=0.9397 | fro=1.0000 | nuc=2.8416
[Epoch 029] train_ce=0.1748 | train_nuc=2.8518 | train_total=0.4474 | train_acc=0.9373 | val_loss=0.1740 | val_acc=0.9377 | test_acc=0.9386 | fro=1.0000 | nuc=2.8275
Early stopping triggered at epoch 29. Best val_loss=0.167379 at epoch 19.
Done. alpha=0.09558497852172912 | best_val_loss=0.167379 | best_epoch=19

================================================================================
Training alpha=0.09558498, seed=4
================================================================================
Using device: cuda
[Experiment] model_one_layer_FC_alpha_0p09558497852172912
[Alpha] 0.09558497852172912
[Run dir] outputs/compressibility_adv_robustness/model_one_layer_FC_alpha_0p09558497852172912_seed_4
[Target Frobenius norm] 1.000000
[Early stopping patience] 10
[Epoch 001] train_ce=0.3056 | train_nuc=3.4502 | train_total=0.6354 | train_acc=0.8783 | val_loss=0.2649 | val_acc=0.9010 | test_acc=0.9038 | fro=1.0000 | nuc=2.4071
[Epoch 002] train_ce=0.2768 | train_nuc=2.3968 | train_total=0.5059 | train_acc=0.8941 | val_loss=0.3024 | val_acc=0.8803 | test_acc=0.8787 | fro=1.0000 | nuc=2.4367
[Epoch 003] train_ce=0.2452 | train_nuc=2.5485 | train_total=0.4888 | train_acc=0.9070 | val_loss=0.2552 | val_acc=0.9053 | test_acc=0.9040 | fro=1.0000 | nuc=2.6941
[Epoch 004] train_ce=0.2285 | train_nuc=2.7099 | train_total=0.4875 | train_acc=0.9147 | val_loss=0.2520 | val_acc=0.9050 | test_acc=0.9044 | fro=1.0000 | nuc=2.7450
[Epoch 005] train_ce=0.2166 | train_nuc=2.7370 | train_total=0.4782 | train_acc=0.9203 | val_loss=0.2077 | val_acc=0.9233 | test_acc=0.9264 | fro=1.0000 | nuc=2.7462
[Epoch 006] train_ce=0.2113 | train_nuc=2.7616 | train_total=0.4752 | train_acc=0.9234 | val_loss=0.2032 | val_acc=0.9253 | test_acc=0.9215 | fro=1.0000 | nuc=2.7897
[Epoch 007] train_ce=0.2067 | train_nuc=2.8316 | train_total=0.4773 | train_acc=0.9250 | val_loss=0.1964 | val_acc=0.9280 | test_acc=0.9268 | fro=1.0000 | nuc=2.8888
[Epoch 008] train_ce=0.1972 | train_nuc=2.9297 | train_total=0.4772 | train_acc=0.9279 | val_loss=0.2100 | val_acc=0.9197 | test_acc=0.9197 | fro=1.0000 | nuc=2.9826
[Epoch 009] train_ce=0.1955 | train_nuc=2.9663 | train_total=0.4791 | train_acc=0.9290 | val_loss=0.1830 | val_acc=0.9360 | test_acc=0.9349 | fro=1.0000 | nuc=2.9998
[Epoch 010] train_ce=0.1894 | train_nuc=2.9811 | train_total=0.4744 | train_acc=0.9316 | val_loss=0.1875 | val_acc=0.9283 | test_acc=0.9344 | fro=1.0000 | nuc=2.9703
[Epoch 011] train_ce=0.1859 | train_nuc=2.9943 | train_total=0.4722 | train_acc=0.9322 | val_loss=0.1898 | val_acc=0.9347 | test_acc=0.9352 | fro=1.0000 | nuc=3.0203
[Epoch 012] train_ce=0.1820 | train_nuc=3.0155 | train_total=0.4702 | train_acc=0.9339 | val_loss=0.1813 | val_acc=0.9373 | test_acc=0.9364 | fro=1.0000 | nuc=2.9991
[Epoch 013] train_ce=0.1826 | train_nuc=3.0070 | train_total=0.4700 | train_acc=0.9338 | val_loss=0.1676 | val_acc=0.9387 | test_acc=0.9371 | fro=1.0000 | nuc=2.9837
[Epoch 014] train_ce=0.1801 | train_nuc=2.9979 | train_total=0.4666 | train_acc=0.9347 | val_loss=0.2019 | val_acc=0.9273 | test_acc=0.9302 | fro=1.0000 | nuc=3.0778
[Epoch 015] train_ce=0.1779 | train_nuc=3.0072 | train_total=0.4653 | train_acc=0.9362 | val_loss=0.1725 | val_acc=0.9413 | test_acc=0.9400 | fro=1.0000 | nuc=2.9841
[Epoch 016] train_ce=0.1765 | train_nuc=2.9913 | train_total=0.4624 | train_acc=0.9363 | val_loss=0.1820 | val_acc=0.9340 | test_acc=0.9358 | fro=1.0000 | nuc=2.9706
[Epoch 017] train_ce=0.1751 | train_nuc=2.9818 | train_total=0.4601 | train_acc=0.9388 | val_loss=0.1722 | val_acc=0.9390 | test_acc=0.9403 | fro=1.0000 | nuc=2.9730
[Epoch 018] train_ce=0.1771 | train_nuc=2.9376 | train_total=0.4579 | train_acc=0.9363 | val_loss=0.1788 | val_acc=0.9373 | test_acc=0.9355 | fro=1.0000 | nuc=2.9376
[Epoch 019] train_ce=0.1761 | train_nuc=2.9316 | train_total=0.4563 | train_acc=0.9373 | val_loss=0.1745 | val_acc=0.9347 | test_acc=0.9380 | fro=1.0000 | nuc=2.8589
[Epoch 020] train_ce=0.1775 | train_nuc=2.9272 | train_total=0.4573 | train_acc=0.9372 | val_loss=0.1855 | val_acc=0.9297 | test_acc=0.9346 | fro=1.0000 | nuc=2.9085
[Epoch 021] train_ce=0.1758 | train_nuc=2.8715 | train_total=0.4502 | train_acc=0.9379 | val_loss=0.1748 | val_acc=0.9383 | test_acc=0.9392 | fro=1.0000 | nuc=2.8699
[Epoch 022] train_ce=0.1768 | train_nuc=2.8899 | train_total=0.4530 | train_acc=0.9359 | val_loss=0.1792 | val_acc=0.9377 | test_acc=0.9337 | fro=1.0000 | nuc=2.8823
[Epoch 023] train_ce=0.1799 | train_nuc=2.8824 | train_total=0.4555 | train_acc=0.9366 | val_loss=0.1797 | val_acc=0.9360 | test_acc=0.9357 | fro=1.0000 | nuc=2.8703
Early stopping triggered at epoch 23. Best val_loss=0.167562 at epoch 13.
Done. alpha=0.09558497852172912 | best_val_loss=0.167562 | best_epoch=13

================================================================================
Training alpha=0.16933840, seed=0
================================================================================
Using device: cuda
[Experiment] model_one_layer_FC_alpha_0p16933839953335672
[Alpha] 0.16933839953335672
[Run dir] outputs/compressibility_adv_robustness/model_one_layer_FC_alpha_0p16933839953335672_seed_0
[Target Frobenius norm] 1.000000
[Early stopping patience] 10
[Epoch 001] train_ce=0.3368 | train_nuc=3.5656 | train_total=0.9406 | train_acc=0.8596 | val_loss=0.3154 | val_acc=0.8753 | test_acc=0.8726 | fro=1.0000 | nuc=2.4452
[Epoch 002] train_ce=0.2816 | train_nuc=2.3812 | train_total=0.6848 | train_acc=0.8925 | val_loss=0.2702 | val_acc=0.9003 | test_acc=0.8936 | fro=1.0000 | nuc=2.3077
[Epoch 003] train_ce=0.2837 | train_nuc=2.3256 | train_total=0.6775 | train_acc=0.8914 | val_loss=0.2667 | val_acc=0.9000 | test_acc=0.8994 | fro=1.0000 | nuc=2.2982
[Epoch 004] train_ce=0.2759 | train_nuc=2.3034 | train_total=0.6659 | train_acc=0.8942 | val_loss=0.2719 | val_acc=0.8997 | test_acc=0.9002 | fro=1.0000 | nuc=2.3202
[Epoch 005] train_ce=0.2685 | train_nuc=2.3489 | train_total=0.6662 | train_acc=0.8964 | val_loss=0.2880 | val_acc=0.8840 | test_acc=0.8943 | fro=1.0000 | nuc=2.3814
[Epoch 006] train_ce=0.2450 | train_nuc=2.4994 | train_total=0.6683 | train_acc=0.9086 | val_loss=0.2220 | val_acc=0.9183 | test_acc=0.9183 | fro=1.0000 | nuc=2.5463
[Epoch 007] train_ce=0.2297 | train_nuc=2.5331 | train_total=0.6586 | train_acc=0.9144 | val_loss=0.2179 | val_acc=0.9273 | test_acc=0.9197 | fro=1.0000 | nuc=2.5876
[Epoch 008] train_ce=0.2322 | train_nuc=2.5232 | train_total=0.6594 | train_acc=0.9128 | val_loss=0.2176 | val_acc=0.9237 | test_acc=0.9216 | fro=1.0000 | nuc=2.5015
[Epoch 009] train_ce=0.2367 | train_nuc=2.5238 | train_total=0.6640 | train_acc=0.9110 | val_loss=0.2374 | val_acc=0.9040 | test_acc=0.9126 | fro=1.0000 | nuc=2.5266
[Epoch 010] train_ce=0.2357 | train_nuc=2.5402 | train_total=0.6659 | train_acc=0.9117 | val_loss=0.2065 | val_acc=0.9260 | test_acc=0.9247 | fro=1.0000 | nuc=2.5914
[Epoch 011] train_ce=0.2364 | train_nuc=2.5436 | train_total=0.6671 | train_acc=0.9113 | val_loss=0.2198 | val_acc=0.9217 | test_acc=0.9201 | fro=1.0000 | nuc=2.4835
[Epoch 012] train_ce=0.2315 | train_nuc=2.4954 | train_total=0.6541 | train_acc=0.9139 | val_loss=0.2173 | val_acc=0.9200 | test_acc=0.9215 | fro=1.0000 | nuc=2.4935
[Epoch 013] train_ce=0.2311 | train_nuc=2.5110 | train_total=0.6563 | train_acc=0.9133 | val_loss=0.2632 | val_acc=0.8997 | test_acc=0.9023 | fro=1.0000 | nuc=2.5808
[Epoch 014] train_ce=0.2273 | train_nuc=2.5123 | train_total=0.6527 | train_acc=0.9156 | val_loss=0.2311 | val_acc=0.9180 | test_acc=0.9153 | fro=1.0000 | nuc=2.4913
[Epoch 015] train_ce=0.2213 | train_nuc=2.5085 | train_total=0.6461 | train_acc=0.9182 | val_loss=0.2072 | val_acc=0.9250 | test_acc=0.9258 | fro=1.0000 | nuc=2.4813
[Epoch 016] train_ce=0.2170 | train_nuc=2.4983 | train_total=0.6401 | train_acc=0.9201 | val_loss=0.2101 | val_acc=0.9300 | test_acc=0.9286 | fro=1.0000 | nuc=2.5013
[Epoch 017] train_ce=0.2157 | train_nuc=2.5076 | train_total=0.6404 | train_acc=0.9220 | val_loss=0.2503 | val_acc=0.9050 | test_acc=0.9082 | fro=1.0000 | nuc=2.5879
[Epoch 018] train_ce=0.2122 | train_nuc=2.5226 | train_total=0.6394 | train_acc=0.9218 | val_loss=0.2559 | val_acc=0.9003 | test_acc=0.9087 | fro=1.0000 | nuc=2.5369
[Epoch 019] train_ce=0.2103 | train_nuc=2.5154 | train_total=0.6362 | train_acc=0.9227 | val_loss=0.2196 | val_acc=0.9163 | test_acc=0.9265 | fro=1.0000 | nuc=2.4949
[Epoch 020] train_ce=0.2088 | train_nuc=2.5175 | train_total=0.6352 | train_acc=0.9241 | val_loss=0.2073 | val_acc=0.9320 | test_acc=0.9276 | fro=1.0000 | nuc=2.5246
Early stopping triggered at epoch 20. Best val_loss=0.206467 at epoch 10.
Done. alpha=0.16933839953335672 | best_val_loss=0.206467 | best_epoch=10

================================================================================
Training alpha=0.16933840, seed=1
================================================================================
Using device: cuda
[Experiment] model_one_layer_FC_alpha_0p16933839953335672
[Alpha] 0.16933839953335672
[Run dir] outputs/compressibility_adv_robustness/model_one_layer_FC_alpha_0p16933839953335672_seed_1
[Target Frobenius norm] 1.000000
[Early stopping patience] 10
[Epoch 001] train_ce=0.3356 | train_nuc=3.5378 | train_total=0.9347 | train_acc=0.8597 | val_loss=0.2664 | val_acc=0.9043 | test_acc=0.9022 | fro=1.0000 | nuc=2.4631
[Epoch 002] train_ce=0.2788 | train_nuc=2.3907 | train_total=0.6837 | train_acc=0.8930 | val_loss=0.2741 | val_acc=0.9023 | test_acc=0.9042 | fro=1.0000 | nuc=2.3195
[Epoch 003] train_ce=0.2713 | train_nuc=2.3233 | train_total=0.6647 | train_acc=0.8967 | val_loss=0.2969 | val_acc=0.8893 | test_acc=0.8898 | fro=1.0000 | nuc=2.3307
[Epoch 004] train_ce=0.2753 | train_nuc=2.3399 | train_total=0.6715 | train_acc=0.8942 | val_loss=0.2755 | val_acc=0.8983 | test_acc=0.8980 | fro=1.0000 | nuc=2.3335
[Epoch 005] train_ce=0.2728 | train_nuc=2.3532 | train_total=0.6713 | train_acc=0.8949 | val_loss=0.2624 | val_acc=0.9007 | test_acc=0.9021 | fro=1.0000 | nuc=2.3832
[Epoch 006] train_ce=0.2656 | train_nuc=2.3844 | train_total=0.6694 | train_acc=0.8988 | val_loss=0.2767 | val_acc=0.9007 | test_acc=0.8971 | fro=1.0000 | nuc=2.4123
[Epoch 007] train_ce=0.2445 | train_nuc=2.4972 | train_total=0.6674 | train_acc=0.9068 | val_loss=0.2383 | val_acc=0.9137 | test_acc=0.9216 | fro=1.0000 | nuc=2.4903
[Epoch 008] train_ce=0.2372 | train_nuc=2.5165 | train_total=0.6633 | train_acc=0.9116 | val_loss=0.2166 | val_acc=0.9197 | test_acc=0.9224 | fro=1.0000 | nuc=2.4926
[Epoch 009] train_ce=0.2445 | train_nuc=2.5299 | train_total=0.6729 | train_acc=0.9082 | val_loss=0.2260 | val_acc=0.9147 | test_acc=0.9220 | fro=1.0000 | nuc=2.6164
[Epoch 010] train_ce=0.2334 | train_nuc=2.4904 | train_total=0.6551 | train_acc=0.9130 | val_loss=0.2630 | val_acc=0.8983 | test_acc=0.8947 | fro=1.0000 | nuc=2.5696
[Epoch 011] train_ce=0.2311 | train_nuc=2.5078 | train_total=0.6558 | train_acc=0.9137 | val_loss=0.2494 | val_acc=0.9097 | test_acc=0.9121 | fro=1.0000 | nuc=2.5151
[Epoch 012] train_ce=0.2346 | train_nuc=2.5011 | train_total=0.6582 | train_acc=0.9135 | val_loss=0.2299 | val_acc=0.9140 | test_acc=0.9180 | fro=1.0000 | nuc=2.4946
[Epoch 013] train_ce=0.2318 | train_nuc=2.5022 | train_total=0.6555 | train_acc=0.9140 | val_loss=0.2449 | val_acc=0.9160 | test_acc=0.9194 | fro=1.0000 | nuc=2.5320
[Epoch 014] train_ce=0.2266 | train_nuc=2.5255 | train_total=0.6543 | train_acc=0.9165 | val_loss=0.2316 | val_acc=0.9157 | test_acc=0.9182 | fro=1.0000 | nuc=2.4708
[Epoch 015] train_ce=0.2210 | train_nuc=2.4938 | train_total=0.6433 | train_acc=0.9189 | val_loss=0.2275 | val_acc=0.9117 | test_acc=0.9209 | fro=1.0000 | nuc=2.4687
[Epoch 016] train_ce=0.2201 | train_nuc=2.5009 | train_total=0.6436 | train_acc=0.9184 | val_loss=0.2278 | val_acc=0.9183 | test_acc=0.9238 | fro=1.0000 | nuc=2.5099
[Epoch 017] train_ce=0.2206 | train_nuc=2.5095 | train_total=0.6456 | train_acc=0.9197 | val_loss=0.2182 | val_acc=0.9207 | test_acc=0.9228 | fro=1.0000 | nuc=2.5148
[Epoch 018] train_ce=0.2153 | train_nuc=2.5130 | train_total=0.6408 | train_acc=0.9208 | val_loss=0.2175 | val_acc=0.9240 | test_acc=0.9259 | fro=1.0000 | nuc=2.4796
Early stopping triggered at epoch 18. Best val_loss=0.216598 at epoch 8.
Done. alpha=0.16933839953335672 | best_val_loss=0.216598 | best_epoch=8

================================================================================
Training alpha=0.16933840, seed=2
================================================================================
Using device: cuda
[Experiment] model_one_layer_FC_alpha_0p16933839953335672
[Alpha] 0.16933839953335672
[Run dir] outputs/compressibility_adv_robustness/model_one_layer_FC_alpha_0p16933839953335672_seed_2
[Target Frobenius norm] 1.000000
[Early stopping patience] 10
[Epoch 001] train_ce=0.3734 | train_nuc=3.4433 | train_total=0.9565 | train_acc=0.8370 | val_loss=0.3246 | val_acc=0.8613 | test_acc=0.8606 | fro=1.0000 | nuc=2.3592
[Epoch 002] train_ce=0.2877 | train_nuc=2.4205 | train_total=0.6976 | train_acc=0.8889 | val_loss=0.2799 | val_acc=0.8883 | test_acc=0.8939 | fro=1.0000 | nuc=2.3654
[Epoch 003] train_ce=0.2719 | train_nuc=2.3356 | train_total=0.6674 | train_acc=0.8970 | val_loss=0.2627 | val_acc=0.9010 | test_acc=0.9021 | fro=1.0000 | nuc=2.3690
[Epoch 004] train_ce=0.2730 | train_nuc=2.3605 | train_total=0.6728 | train_acc=0.8962 | val_loss=0.2621 | val_acc=0.9017 | test_acc=0.9021 | fro=1.0000 | nuc=2.3927
[Epoch 005] train_ce=0.2462 | train_nuc=2.4631 | train_total=0.6633 | train_acc=0.9065 | val_loss=0.2131 | val_acc=0.9240 | test_acc=0.9208 | fro=1.0000 | nuc=2.5174
[Epoch 006] train_ce=0.2344 | train_nuc=2.5265 | train_total=0.6622 | train_acc=0.9138 | val_loss=0.2427 | val_acc=0.9060 | test_acc=0.9107 | fro=1.0000 | nuc=2.5370
[Epoch 007] train_ce=0.2360 | train_nuc=2.5125 | train_total=0.6614 | train_acc=0.9115 | val_loss=0.2210 | val_acc=0.9133 | test_acc=0.9191 | fro=1.0000 | nuc=2.5197
[Epoch 008] train_ce=0.2389 | train_nuc=2.5216 | train_total=0.6659 | train_acc=0.9095 | val_loss=0.2271 | val_acc=0.9150 | test_acc=0.9163 | fro=1.0000 | nuc=2.5100
[Epoch 009] train_ce=0.2401 | train_nuc=2.5379 | train_total=0.6698 | train_acc=0.9092 | val_loss=0.2355 | val_acc=0.9163 | test_acc=0.9132 | fro=1.0000 | nuc=2.4983
[Epoch 010] train_ce=0.2342 | train_nuc=2.5133 | train_total=0.6598 | train_acc=0.9124 | val_loss=0.2841 | val_acc=0.8867 | test_acc=0.8873 | fro=1.0000 | nuc=2.5064
[Epoch 011] train_ce=0.2294 | train_nuc=2.5472 | train_total=0.6608 | train_acc=0.9151 | val_loss=0.2070 | val_acc=0.9183 | test_acc=0.9294 | fro=1.0000 | nuc=2.5502
[Epoch 012] train_ce=0.2300 | train_nuc=2.5607 | train_total=0.6636 | train_acc=0.9144 | val_loss=0.2063 | val_acc=0.9260 | test_acc=0.9284 | fro=1.0000 | nuc=2.4956
[Epoch 013] train_ce=0.2260 | train_nuc=2.5414 | train_total=0.6564 | train_acc=0.9165 | val_loss=0.2182 | val_acc=0.9147 | test_acc=0.9209 | fro=1.0000 | nuc=2.5849
[Epoch 014] train_ce=0.2215 | train_nuc=2.5345 | train_total=0.6507 | train_acc=0.9190 | val_loss=0.2397 | val_acc=0.9070 | test_acc=0.9143 | fro=1.0000 | nuc=2.5948
[Epoch 015] train_ce=0.2154 | train_nuc=2.5349 | train_total=0.6447 | train_acc=0.9218 | val_loss=0.2170 | val_acc=0.9123 | test_acc=0.9219 | fro=1.0000 | nuc=2.4755
[Epoch 016] train_ce=0.2152 | train_nuc=2.5118 | train_total=0.6405 | train_acc=0.9201 | val_loss=0.2054 | val_acc=0.9300 | test_acc=0.9320 | fro=1.0000 | nuc=2.5749
[Epoch 017] train_ce=0.2117 | train_nuc=2.5351 | train_total=0.6410 | train_acc=0.9230 | val_loss=0.2095 | val_acc=0.9287 | test_acc=0.9264 | fro=1.0000 | nuc=2.5009
[Epoch 018] train_ce=0.2121 | train_nuc=2.5045 | train_total=0.6362 | train_acc=0.9229 | val_loss=0.3563 | val_acc=0.8600 | test_acc=0.8591 | fro=1.0000 | nuc=2.5844
[Epoch 019] train_ce=0.2141 | train_nuc=2.5803 | train_total=0.6510 | train_acc=0.9213 | val_loss=0.2030 | val_acc=0.9230 | test_acc=0.9287 | fro=1.0000 | nuc=2.5283
[Epoch 020] train_ce=0.2112 | train_nuc=2.5127 | train_total=0.6367 | train_acc=0.9226 | val_loss=0.2045 | val_acc=0.9243 | test_acc=0.9310 | fro=1.0000 | nuc=2.5242
[Epoch 021] train_ce=0.2133 | train_nuc=2.5259 | train_total=0.6410 | train_acc=0.9219 | val_loss=0.1979 | val_acc=0.9277 | test_acc=0.9317 | fro=1.0000 | nuc=2.5182
[Epoch 022] train_ce=0.2052 | train_nuc=2.4907 | train_total=0.6270 | train_acc=0.9252 | val_loss=0.2111 | val_acc=0.9250 | test_acc=0.9205 | fro=1.0000 | nuc=2.4816
[Epoch 023] train_ce=0.2101 | train_nuc=2.5190 | train_total=0.6367 | train_acc=0.9225 | val_loss=0.1938 | val_acc=0.9323 | test_acc=0.9247 | fro=1.0000 | nuc=2.5058
[Epoch 024] train_ce=0.2048 | train_nuc=2.4889 | train_total=0.6263 | train_acc=0.9241 | val_loss=0.2041 | val_acc=0.9247 | test_acc=0.9261 | fro=1.0000 | nuc=2.5329
[Epoch 025] train_ce=0.2088 | train_nuc=2.5221 | train_total=0.6359 | train_acc=0.9233 | val_loss=0.1958 | val_acc=0.9327 | test_acc=0.9323 | fro=1.0000 | nuc=2.5367
[Epoch 026] train_ce=0.2050 | train_nuc=2.4987 | train_total=0.6281 | train_acc=0.9255 | val_loss=0.1865 | val_acc=0.9290 | test_acc=0.9317 | fro=1.0000 | nuc=2.5366
[Epoch 027] train_ce=0.2054 | train_nuc=2.4889 | train_total=0.6269 | train_acc=0.9260 | val_loss=0.2045 | val_acc=0.9207 | test_acc=0.9260 | fro=1.0000 | nuc=2.4902
[Epoch 028] train_ce=0.2042 | train_nuc=2.4903 | train_total=0.6259 | train_acc=0.9248 | val_loss=0.2108 | val_acc=0.9173 | test_acc=0.9236 | fro=1.0000 | nuc=2.4909
[Epoch 029] train_ce=0.2022 | train_nuc=2.4893 | train_total=0.6237 | train_acc=0.9253 | val_loss=0.1900 | val_acc=0.9300 | test_acc=0.9328 | fro=1.0000 | nuc=2.4564
[Epoch 030] train_ce=0.2066 | train_nuc=2.5053 | train_total=0.6308 | train_acc=0.9249 | val_loss=0.1833 | val_acc=0.9360 | test_acc=0.9335 | fro=1.0000 | nuc=2.5335
[Epoch 031] train_ce=0.2061 | train_nuc=2.4874 | train_total=0.6274 | train_acc=0.9243 | val_loss=0.3029 | val_acc=0.8807 | test_acc=0.8883 | fro=1.0000 | nuc=2.5598
[Epoch 032] train_ce=0.2033 | train_nuc=2.4815 | train_total=0.6235 | train_acc=0.9262 | val_loss=0.1814 | val_acc=0.9337 | test_acc=0.9391 | fro=1.0000 | nuc=2.4590
[Epoch 033] train_ce=0.2060 | train_nuc=2.4756 | train_total=0.6252 | train_acc=0.9248 | val_loss=0.2075 | val_acc=0.9173 | test_acc=0.9226 | fro=1.0000 | nuc=2.4422
[Epoch 034] train_ce=0.2004 | train_nuc=2.4502 | train_total=0.6153 | train_acc=0.9280 | val_loss=0.1928 | val_acc=0.9293 | test_acc=0.9292 | fro=1.0000 | nuc=2.4626
[Epoch 035] train_ce=0.2006 | train_nuc=2.4667 | train_total=0.6183 | train_acc=0.9266 | val_loss=0.1831 | val_acc=0.9313 | test_acc=0.9363 | fro=1.0000 | nuc=2.4557
[Epoch 036] train_ce=0.2001 | train_nuc=2.4571 | train_total=0.6162 | train_acc=0.9275 | val_loss=0.2201 | val_acc=0.9220 | test_acc=0.9226 | fro=1.0000 | nuc=2.4700
[Epoch 037] train_ce=0.1989 | train_nuc=2.4462 | train_total=0.6131 | train_acc=0.9270 | val_loss=0.2086 | val_acc=0.9220 | test_acc=0.9214 | fro=1.0000 | nuc=2.4353
[Epoch 038] train_ce=0.2030 | train_nuc=2.4599 | train_total=0.6196 | train_acc=0.9262 | val_loss=0.1900 | val_acc=0.9293 | test_acc=0.9355 | fro=1.0000 | nuc=2.4814
[Epoch 039] train_ce=0.1994 | train_nuc=2.4388 | train_total=0.6124 | train_acc=0.9272 | val_loss=0.1855 | val_acc=0.9317 | test_acc=0.9310 | fro=1.0000 | nuc=2.4495
[Epoch 040] train_ce=0.2002 | train_nuc=2.4547 | train_total=0.6158 | train_acc=0.9276 | val_loss=0.1883 | val_acc=0.9283 | test_acc=0.9285 | fro=1.0000 | nuc=2.4658
[Epoch 041] train_ce=0.1964 | train_nuc=2.4321 | train_total=0.6082 | train_acc=0.9288 | val_loss=0.1806 | val_acc=0.9307 | test_acc=0.9328 | fro=1.0000 | nuc=2.4050
[Epoch 042] train_ce=0.2030 | train_nuc=2.4559 | train_total=0.6189 | train_acc=0.9259 | val_loss=0.1976 | val_acc=0.9300 | test_acc=0.9326 | fro=1.0000 | nuc=2.4423
[Epoch 043] train_ce=0.1962 | train_nuc=2.4343 | train_total=0.6084 | train_acc=0.9268 | val_loss=0.1846 | val_acc=0.9323 | test_acc=0.9311 | fro=1.0000 | nuc=2.4258
[Epoch 044] train_ce=0.1979 | train_nuc=2.4271 | train_total=0.6089 | train_acc=0.9280 | val_loss=0.2117 | val_acc=0.9233 | test_acc=0.9262 | fro=1.0000 | nuc=2.4080
[Epoch 045] train_ce=0.1961 | train_nuc=2.4260 | train_total=0.6069 | train_acc=0.9293 | val_loss=0.1840 | val_acc=0.9357 | test_acc=0.9340 | fro=1.0000 | nuc=2.4199
[Epoch 046] train_ce=0.1957 | train_nuc=2.4325 | train_total=0.6077 | train_acc=0.9292 | val_loss=0.1902 | val_acc=0.9307 | test_acc=0.9342 | fro=1.0000 | nuc=2.4279
[Epoch 047] train_ce=0.1991 | train_nuc=2.4567 | train_total=0.6151 | train_acc=0.9267 | val_loss=0.1900 | val_acc=0.9310 | test_acc=0.9299 | fro=1.0000 | nuc=2.4107
[Epoch 048] train_ce=0.1951 | train_nuc=2.4272 | train_total=0.6061 | train_acc=0.9290 | val_loss=0.2343 | val_acc=0.9093 | test_acc=0.9178 | fro=1.0000 | nuc=2.4113
[Epoch 049] train_ce=0.1994 | train_nuc=2.4397 | train_total=0.6125 | train_acc=0.9276 | val_loss=0.1927 | val_acc=0.9323 | test_acc=0.9278 | fro=1.0000 | nuc=2.4498
[Epoch 050] train_ce=0.1985 | train_nuc=2.4347 | train_total=0.6108 | train_acc=0.9274 | val_loss=0.1771 | val_acc=0.9373 | test_acc=0.9383 | fro=1.0000 | nuc=2.4149
[Epoch 051] train_ce=0.1954 | train_nuc=2.4191 | train_total=0.6051 | train_acc=0.9287 | val_loss=0.1837 | val_acc=0.9333 | test_acc=0.9347 | fro=1.0000 | nuc=2.3991
[Epoch 052] train_ce=0.1965 | train_nuc=2.4236 | train_total=0.6069 | train_acc=0.9287 | val_loss=0.1975 | val_acc=0.9313 | test_acc=0.9313 | fro=1.0000 | nuc=2.4385
[Epoch 053] train_ce=0.1975 | train_nuc=2.4430 | train_total=0.6112 | train_acc=0.9279 | val_loss=0.2268 | val_acc=0.9117 | test_acc=0.9181 | fro=1.0000 | nuc=2.4790
[Epoch 054] train_ce=0.1950 | train_nuc=2.4326 | train_total=0.6069 | train_acc=0.9291 | val_loss=0.1850 | val_acc=0.9300 | test_acc=0.9334 | fro=1.0000 | nuc=2.4327
[Epoch 055] train_ce=0.1960 | train_nuc=2.4481 | train_total=0.6106 | train_acc=0.9281 | val_loss=0.1796 | val_acc=0.9380 | test_acc=0.9384 | fro=1.0000 | nuc=2.3974
[Epoch 056] train_ce=0.1982 | train_nuc=2.4507 | train_total=0.6132 | train_acc=0.9283 | val_loss=0.1818 | val_acc=0.9330 | test_acc=0.9372 | fro=1.0000 | nuc=2.4598
[Epoch 057] train_ce=0.1930 | train_nuc=2.4194 | train_total=0.6027 | train_acc=0.9295 | val_loss=0.1776 | val_acc=0.9340 | test_acc=0.9394 | fro=1.0000 | nuc=2.4223
[Epoch 058] train_ce=0.1931 | train_nuc=2.4344 | train_total=0.6054 | train_acc=0.9299 | val_loss=0.1871 | val_acc=0.9347 | test_acc=0.9307 | fro=1.0000 | nuc=2.4306
[Epoch 059] train_ce=0.1960 | train_nuc=2.4333 | train_total=0.6080 | train_acc=0.9283 | val_loss=0.1903 | val_acc=0.9263 | test_acc=0.9315 | fro=1.0000 | nuc=2.4144
[Epoch 060] train_ce=0.1949 | train_nuc=2.4370 | train_total=0.6076 | train_acc=0.9290 | val_loss=0.1761 | val_acc=0.9360 | test_acc=0.9366 | fro=1.0000 | nuc=2.4041
[Epoch 061] train_ce=0.1965 | train_nuc=2.4038 | train_total=0.6036 | train_acc=0.9292 | val_loss=0.2173 | val_acc=0.9153 | test_acc=0.9148 | fro=1.0000 | nuc=2.4987
[Epoch 062] train_ce=0.1917 | train_nuc=2.4211 | train_total=0.6017 | train_acc=0.9311 | val_loss=0.1876 | val_acc=0.9307 | test_acc=0.9302 | fro=1.0000 | nuc=2.3687
[Epoch 063] train_ce=0.1954 | train_nuc=2.4098 | train_total=0.6035 | train_acc=0.9283 | val_loss=0.1849 | val_acc=0.9310 | test_acc=0.9332 | fro=1.0000 | nuc=2.4047
[Epoch 064] train_ce=0.1954 | train_nuc=2.4107 | train_total=0.6037 | train_acc=0.9289 | val_loss=0.1907 | val_acc=0.9320 | test_acc=0.9328 | fro=1.0000 | nuc=2.3683
[Epoch 065] train_ce=0.1941 | train_nuc=2.4060 | train_total=0.6015 | train_acc=0.9301 | val_loss=0.1862 | val_acc=0.9293 | test_acc=0.9367 | fro=1.0000 | nuc=2.3930
[Epoch 066] train_ce=0.1972 | train_nuc=2.4164 | train_total=0.6064 | train_acc=0.9282 | val_loss=0.2339 | val_acc=0.9093 | test_acc=0.9112 | fro=1.0000 | nuc=2.4722
[Epoch 067] train_ce=0.1948 | train_nuc=2.4299 | train_total=0.6062 | train_acc=0.9291 | val_loss=0.1758 | val_acc=0.9400 | test_acc=0.9359 | fro=1.0000 | nuc=2.3915
[Epoch 068] train_ce=0.1917 | train_nuc=2.3948 | train_total=0.5973 | train_acc=0.9308 | val_loss=0.1864 | val_acc=0.9327 | test_acc=0.9292 | fro=1.0000 | nuc=2.4009
[Epoch 069] train_ce=0.1922 | train_nuc=2.4123 | train_total=0.6007 | train_acc=0.9314 | val_loss=0.1790 | val_acc=0.9350 | test_acc=0.9376 | fro=1.0000 | nuc=2.4038
[Epoch 070] train_ce=0.1927 | train_nuc=2.3901 | train_total=0.5974 | train_acc=0.9301 | val_loss=0.1782 | val_acc=0.9387 | test_acc=0.9372 | fro=1.0000 | nuc=2.3724
[Epoch 071] train_ce=0.1909 | train_nuc=2.3968 | train_total=0.5967 | train_acc=0.9312 | val_loss=0.1943 | val_acc=0.9243 | test_acc=0.9277 | fro=1.0000 | nuc=2.4296
[Epoch 072] train_ce=0.1908 | train_nuc=2.3906 | train_total=0.5957 | train_acc=0.9308 | val_loss=0.1887 | val_acc=0.9310 | test_acc=0.9297 | fro=1.0000 | nuc=2.4033
[Epoch 073] train_ce=0.1922 | train_nuc=2.4192 | train_total=0.6018 | train_acc=0.9302 | val_loss=0.1866 | val_acc=0.9307 | test_acc=0.9330 | fro=1.0000 | nuc=2.4483
[Epoch 074] train_ce=0.1924 | train_nuc=2.3981 | train_total=0.5985 | train_acc=0.9303 | val_loss=0.1907 | val_acc=0.9303 | test_acc=0.9314 | fro=1.0000 | nuc=2.3331
[Epoch 075] train_ce=0.1937 | train_nuc=2.3927 | train_total=0.5989 | train_acc=0.9297 | val_loss=0.1869 | val_acc=0.9337 | test_acc=0.9304 | fro=1.0000 | nuc=2.4518
[Epoch 076] train_ce=0.1905 | train_nuc=2.3916 | train_total=0.5955 | train_acc=0.9311 | val_loss=0.1797 | val_acc=0.9343 | test_acc=0.9369 | fro=1.0000 | nuc=2.3847
[Epoch 077] train_ce=0.1921 | train_nuc=2.4015 | train_total=0.5987 | train_acc=0.9299 | val_loss=0.1743 | val_acc=0.9393 | test_acc=0.9346 | fro=1.0000 | nuc=2.3926
[Epoch 078] train_ce=0.1901 | train_nuc=2.3716 | train_total=0.5917 | train_acc=0.9317 | val_loss=0.1715 | val_acc=0.9373 | test_acc=0.9374 | fro=1.0000 | nuc=2.4014
[Epoch 079] train_ce=0.1927 | train_nuc=2.4017 | train_total=0.5994 | train_acc=0.9293 | val_loss=0.1919 | val_acc=0.9253 | test_acc=0.9252 | fro=1.0000 | nuc=2.4345
[Epoch 080] train_ce=0.1905 | train_nuc=2.3888 | train_total=0.5951 | train_acc=0.9306 | val_loss=0.1845 | val_acc=0.9337 | test_acc=0.9305 | fro=1.0000 | nuc=2.3467
[Epoch 081] train_ce=0.1930 | train_nuc=2.4100 | train_total=0.6011 | train_acc=0.9293 | val_loss=0.1968 | val_acc=0.9287 | test_acc=0.9264 | fro=1.0000 | nuc=2.4948
[Epoch 082] train_ce=0.1891 | train_nuc=2.3671 | train_total=0.5899 | train_acc=0.9320 | val_loss=0.1933 | val_acc=0.9300 | test_acc=0.9322 | fro=1.0000 | nuc=2.3790
[Epoch 083] train_ce=0.1938 | train_nuc=2.3913 | train_total=0.5988 | train_acc=0.9298 | val_loss=0.1989 | val_acc=0.9227 | test_acc=0.9337 | fro=1.0000 | nuc=2.4584
[Epoch 084] train_ce=0.1902 | train_nuc=2.3953 | train_total=0.5959 | train_acc=0.9303 | val_loss=0.2091 | val_acc=0.9217 | test_acc=0.9232 | fro=1.0000 | nuc=2.3455
[Epoch 085] train_ce=0.1895 | train_nuc=2.3829 | train_total=0.5930 | train_acc=0.9314 | val_loss=0.2347 | val_acc=0.9127 | test_acc=0.9150 | fro=1.0000 | nuc=2.3695
[Epoch 086] train_ce=0.1989 | train_nuc=2.4224 | train_total=0.6091 | train_acc=0.9277 | val_loss=0.2365 | val_acc=0.9060 | test_acc=0.9135 | fro=1.0000 | nuc=2.3576
[Epoch 087] train_ce=0.1898 | train_nuc=2.3748 | train_total=0.5920 | train_acc=0.9317 | val_loss=0.1869 | val_acc=0.9303 | test_acc=0.9295 | fro=1.0000 | nuc=2.3353
[Epoch 088] train_ce=0.1916 | train_nuc=2.3831 | train_total=0.5952 | train_acc=0.9304 | val_loss=0.1783 | val_acc=0.9333 | test_acc=0.9360 | fro=1.0000 | nuc=2.3535
Early stopping triggered at epoch 88. Best val_loss=0.171499 at epoch 78.
Done. alpha=0.16933839953335672 | best_val_loss=0.171499 | best_epoch=78

================================================================================
Training alpha=0.16933840, seed=3
================================================================================
Using device: cuda
[Experiment] model_one_layer_FC_alpha_0p16933839953335672
[Alpha] 0.16933839953335672
[Run dir] outputs/compressibility_adv_robustness/model_one_layer_FC_alpha_0p16933839953335672_seed_3
[Target Frobenius norm] 1.000000
[Early stopping patience] 10
[Epoch 001] train_ce=0.3713 | train_nuc=3.4774 | train_total=0.9601 | train_acc=0.8368 | val_loss=0.2901 | val_acc=0.8863 | test_acc=0.8970 | fro=1.0000 | nuc=2.4996
[Epoch 002] train_ce=0.2720 | train_nuc=2.4454 | train_total=0.6861 | train_acc=0.8976 | val_loss=0.2785 | val_acc=0.8903 | test_acc=0.9035 | fro=1.0000 | nuc=2.3498
[Epoch 003] train_ce=0.2714 | train_nuc=2.3490 | train_total=0.6692 | train_acc=0.8964 | val_loss=0.2709 | val_acc=0.8937 | test_acc=0.9040 | fro=1.0000 | nuc=2.3726
[Epoch 004] train_ce=0.2653 | train_nuc=2.4207 | train_total=0.6753 | train_acc=0.8976 | val_loss=0.2822 | val_acc=0.8883 | test_acc=0.8971 | fro=1.0000 | nuc=2.5051
[Epoch 005] train_ce=0.2282 | train_nuc=2.5552 | train_total=0.6609 | train_acc=0.9154 | val_loss=0.2324 | val_acc=0.9157 | test_acc=0.9149 | fro=1.0000 | nuc=2.5971
[Epoch 006] train_ce=0.2303 | train_nuc=2.6109 | train_total=0.6724 | train_acc=0.9149 | val_loss=0.2399 | val_acc=0.9150 | test_acc=0.9129 | fro=1.0000 | nuc=2.6238
[Epoch 007] train_ce=0.2293 | train_nuc=2.5881 | train_total=0.6676 | train_acc=0.9143 | val_loss=0.2481 | val_acc=0.9053 | test_acc=0.9121 | fro=1.0000 | nuc=2.5997
[Epoch 008] train_ce=0.2336 | train_nuc=2.5762 | train_total=0.6699 | train_acc=0.9118 | val_loss=0.2353 | val_acc=0.9113 | test_acc=0.9199 | fro=1.0000 | nuc=2.5590
[Epoch 009] train_ce=0.2354 | train_nuc=2.5727 | train_total=0.6710 | train_acc=0.9115 | val_loss=0.2235 | val_acc=0.9170 | test_acc=0.9239 | fro=1.0000 | nuc=2.5118
[Epoch 010] train_ce=0.2287 | train_nuc=2.5504 | train_total=0.6606 | train_acc=0.9157 | val_loss=0.2257 | val_acc=0.9157 | test_acc=0.9219 | fro=1.0000 | nuc=2.5362
[Epoch 011] train_ce=0.2283 | train_nuc=2.5822 | train_total=0.6656 | train_acc=0.9143 | val_loss=0.2172 | val_acc=0.9180 | test_acc=0.9264 | fro=1.0000 | nuc=2.5901
[Epoch 012] train_ce=0.2216 | train_nuc=2.5610 | train_total=0.6553 | train_acc=0.9180 | val_loss=0.2268 | val_acc=0.9117 | test_acc=0.9224 | fro=1.0000 | nuc=2.5319
[Epoch 013] train_ce=0.2180 | train_nuc=2.5683 | train_total=0.6529 | train_acc=0.9207 | val_loss=0.2312 | val_acc=0.9120 | test_acc=0.9219 | fro=1.0000 | nuc=2.5615
[Epoch 014] train_ce=0.2206 | train_nuc=2.5805 | train_total=0.6576 | train_acc=0.9187 | val_loss=0.2094 | val_acc=0.9167 | test_acc=0.9292 | fro=1.0000 | nuc=2.5031
[Epoch 015] train_ce=0.2175 | train_nuc=2.5553 | train_total=0.6502 | train_acc=0.9198 | val_loss=0.2226 | val_acc=0.9213 | test_acc=0.9236 | fro=1.0000 | nuc=2.5370
[Epoch 016] train_ce=0.2120 | train_nuc=2.5413 | train_total=0.6423 | train_acc=0.9230 | val_loss=0.2200 | val_acc=0.9207 | test_acc=0.9272 | fro=1.0000 | nuc=2.5251
[Epoch 017] train_ce=0.2110 | train_nuc=2.5524 | train_total=0.6432 | train_acc=0.9228 | val_loss=0.2321 | val_acc=0.9113 | test_acc=0.9215 | fro=1.0000 | nuc=2.5233
[Epoch 018] train_ce=0.2058 | train_nuc=2.5300 | train_total=0.6342 | train_acc=0.9259 | val_loss=0.2163 | val_acc=0.9233 | test_acc=0.9286 | fro=1.0000 | nuc=2.5159
[Epoch 019] train_ce=0.2113 | train_nuc=2.5633 | train_total=0.6454 | train_acc=0.9228 | val_loss=0.2057 | val_acc=0.9237 | test_acc=0.9300 | fro=1.0000 | nuc=2.5473
[Epoch 020] train_ce=0.2087 | train_nuc=2.5432 | train_total=0.6393 | train_acc=0.9236 | val_loss=0.2158 | val_acc=0.9217 | test_acc=0.9252 | fro=1.0000 | nuc=2.5973
[Epoch 021] train_ce=0.2062 | train_nuc=2.5485 | train_total=0.6377 | train_acc=0.9246 | val_loss=0.2060 | val_acc=0.9253 | test_acc=0.9344 | fro=1.0000 | nuc=2.5805
[Epoch 022] train_ce=0.2046 | train_nuc=2.5465 | train_total=0.6358 | train_acc=0.9253 | val_loss=0.1960 | val_acc=0.9290 | test_acc=0.9380 | fro=1.0000 | nuc=2.5242
[Epoch 023] train_ce=0.2013 | train_nuc=2.5194 | train_total=0.6279 | train_acc=0.9262 | val_loss=0.2013 | val_acc=0.9247 | test_acc=0.9324 | fro=1.0000 | nuc=2.4844
[Epoch 024] train_ce=0.2057 | train_nuc=2.5369 | train_total=0.6353 | train_acc=0.9235 | val_loss=0.2066 | val_acc=0.9217 | test_acc=0.9303 | fro=1.0000 | nuc=2.5667
[Epoch 025] train_ce=0.1999 | train_nuc=2.5176 | train_total=0.6262 | train_acc=0.9269 | val_loss=0.2050 | val_acc=0.9253 | test_acc=0.9338 | fro=1.0000 | nuc=2.5387
[Epoch 026] train_ce=0.1996 | train_nuc=2.5018 | train_total=0.6233 | train_acc=0.9275 | val_loss=0.2055 | val_acc=0.9263 | test_acc=0.9289 | fro=1.0000 | nuc=2.5383
[Epoch 027] train_ce=0.1998 | train_nuc=2.5012 | train_total=0.6234 | train_acc=0.9271 | val_loss=0.2096 | val_acc=0.9220 | test_acc=0.9254 | fro=1.0000 | nuc=2.6112
[Epoch 028] train_ce=0.2009 | train_nuc=2.5140 | train_total=0.6266 | train_acc=0.9265 | val_loss=0.1997 | val_acc=0.9333 | test_acc=0.9302 | fro=1.0000 | nuc=2.5422
[Epoch 029] train_ce=0.2021 | train_nuc=2.5070 | train_total=0.6266 | train_acc=0.9265 | val_loss=0.2095 | val_acc=0.9180 | test_acc=0.9225 | fro=1.0000 | nuc=2.5293
[Epoch 030] train_ce=0.1995 | train_nuc=2.5019 | train_total=0.6232 | train_acc=0.9267 | val_loss=0.2375 | val_acc=0.9080 | test_acc=0.9216 | fro=1.0000 | nuc=2.5581
[Epoch 031] train_ce=0.2004 | train_nuc=2.5124 | train_total=0.6258 | train_acc=0.9266 | val_loss=0.2272 | val_acc=0.9127 | test_acc=0.9198 | fro=1.0000 | nuc=2.4860
[Epoch 032] train_ce=0.2010 | train_nuc=2.4856 | train_total=0.6219 | train_acc=0.9268 | val_loss=0.2333 | val_acc=0.9110 | test_acc=0.9266 | fro=1.0000 | nuc=2.4777
Early stopping triggered at epoch 32. Best val_loss=0.195979 at epoch 22.
Done. alpha=0.16933839953335672 | best_val_loss=0.195979 | best_epoch=22

================================================================================
Training alpha=0.16933840, seed=4
================================================================================
Using device: cuda
[Experiment] model_one_layer_FC_alpha_0p16933839953335672
[Alpha] 0.16933839953335672
[Run dir] outputs/compressibility_adv_robustness/model_one_layer_FC_alpha_0p16933839953335672_seed_4
[Target Frobenius norm] 1.000000
[Early stopping patience] 10
[Epoch 001] train_ce=0.3364 | train_nuc=3.6709 | train_total=0.9580 | train_acc=0.8599 | val_loss=0.2793 | val_acc=0.8963 | test_acc=0.8951 | fro=1.0000 | nuc=2.4594
[Epoch 002] train_ce=0.2779 | train_nuc=2.4075 | train_total=0.6856 | train_acc=0.8933 | val_loss=0.2726 | val_acc=0.8927 | test_acc=0.8947 | fro=1.0000 | nuc=2.3969
[Epoch 003] train_ce=0.2730 | train_nuc=2.3674 | train_total=0.6739 | train_acc=0.8949 | val_loss=0.2813 | val_acc=0.8913 | test_acc=0.8957 | fro=1.0000 | nuc=2.3879
[Epoch 004] train_ce=0.2793 | train_nuc=2.3871 | train_total=0.6836 | train_acc=0.8920 | val_loss=0.2859 | val_acc=0.8847 | test_acc=0.8883 | fro=1.0000 | nuc=2.4218
[Epoch 005] train_ce=0.2478 | train_nuc=2.4704 | train_total=0.6661 | train_acc=0.9077 | val_loss=0.2189 | val_acc=0.9173 | test_acc=0.9187 | fro=1.0000 | nuc=2.5148
[Epoch 006] train_ce=0.2345 | train_nuc=2.5329 | train_total=0.6634 | train_acc=0.9127 | val_loss=0.2346 | val_acc=0.9093 | test_acc=0.9115 | fro=1.0000 | nuc=2.5280
[Epoch 007] train_ce=0.2389 | train_nuc=2.5450 | train_total=0.6699 | train_acc=0.9102 | val_loss=0.2214 | val_acc=0.9190 | test_acc=0.9202 | fro=1.0000 | nuc=2.5572
[Epoch 008] train_ce=0.2482 | train_nuc=2.5868 | train_total=0.6863 | train_acc=0.9062 | val_loss=0.2233 | val_acc=0.9123 | test_acc=0.9200 | fro=1.0000 | nuc=2.5394
[Epoch 009] train_ce=0.2346 | train_nuc=2.5712 | train_total=0.6700 | train_acc=0.9133 | val_loss=0.2301 | val_acc=0.9100 | test_acc=0.9121 | fro=1.0000 | nuc=2.5661
[Epoch 010] train_ce=0.2293 | train_nuc=2.5927 | train_total=0.6683 | train_acc=0.9144 | val_loss=0.2164 | val_acc=0.9190 | test_acc=0.9213 | fro=1.0000 | nuc=2.5887
[Epoch 011] train_ce=0.2307 | train_nuc=2.5918 | train_total=0.6696 | train_acc=0.9142 | val_loss=0.2178 | val_acc=0.9227 | test_acc=0.9261 | fro=1.0000 | nuc=2.6079
[Epoch 012] train_ce=0.2226 | train_nuc=2.5730 | train_total=0.6583 | train_acc=0.9180 | val_loss=0.2211 | val_acc=0.9207 | test_acc=0.9266 | fro=1.0000 | nuc=2.5975
[Epoch 013] train_ce=0.2210 | train_nuc=2.5863 | train_total=0.6590 | train_acc=0.9172 | val_loss=0.2016 | val_acc=0.9310 | test_acc=0.9308 | fro=1.0000 | nuc=2.5285
[Epoch 014] train_ce=0.2156 | train_nuc=2.5472 | train_total=0.6469 | train_acc=0.9214 | val_loss=0.2460 | val_acc=0.9097 | test_acc=0.9135 | fro=1.0000 | nuc=2.5767
[Epoch 015] train_ce=0.2122 | train_nuc=2.5404 | train_total=0.6424 | train_acc=0.9225 | val_loss=0.2014 | val_acc=0.9267 | test_acc=0.9265 | fro=1.0000 | nuc=2.5208
[Epoch 016] train_ce=0.2130 | train_nuc=2.5397 | train_total=0.6430 | train_acc=0.9219 | val_loss=0.2048 | val_acc=0.9233 | test_acc=0.9289 | fro=1.0000 | nuc=2.5216
[Epoch 017] train_ce=0.2094 | train_nuc=2.5254 | train_total=0.6371 | train_acc=0.9238 | val_loss=0.2142 | val_acc=0.9210 | test_acc=0.9234 | fro=1.0000 | nuc=2.5061
[Epoch 018] train_ce=0.2113 | train_nuc=2.5416 | train_total=0.6417 | train_acc=0.9222 | val_loss=0.2149 | val_acc=0.9187 | test_acc=0.9209 | fro=1.0000 | nuc=2.5292
[Epoch 019] train_ce=0.2064 | train_nuc=2.5174 | train_total=0.6327 | train_acc=0.9248 | val_loss=0.2113 | val_acc=0.9160 | test_acc=0.9222 | fro=1.0000 | nuc=2.5003
[Epoch 020] train_ce=0.2066 | train_nuc=2.5253 | train_total=0.6342 | train_acc=0.9244 | val_loss=0.2068 | val_acc=0.9240 | test_acc=0.9283 | fro=1.0000 | nuc=2.4923
[Epoch 021] train_ce=0.2059 | train_nuc=2.5152 | train_total=0.6319 | train_acc=0.9244 | val_loss=0.2156 | val_acc=0.9213 | test_acc=0.9247 | fro=1.0000 | nuc=2.5484
[Epoch 022] train_ce=0.2023 | train_nuc=2.5267 | train_total=0.6302 | train_acc=0.9256 | val_loss=0.1962 | val_acc=0.9300 | test_acc=0.9308 | fro=1.0000 | nuc=2.5022
[Epoch 023] train_ce=0.2081 | train_nuc=2.5272 | train_total=0.6360 | train_acc=0.9232 | val_loss=0.2107 | val_acc=0.9197 | test_acc=0.9261 | fro=1.0000 | nuc=2.5054
[Epoch 024] train_ce=0.2047 | train_nuc=2.5084 | train_total=0.6295 | train_acc=0.9256 | val_loss=0.2144 | val_acc=0.9210 | test_acc=0.9241 | fro=1.0000 | nuc=2.5316
[Epoch 025] train_ce=0.2019 | train_nuc=2.5039 | train_total=0.6260 | train_acc=0.9264 | val_loss=0.2383 | val_acc=0.9043 | test_acc=0.9152 | fro=1.0000 | nuc=2.4704
[Epoch 026] train_ce=0.2002 | train_nuc=2.4776 | train_total=0.6198 | train_acc=0.9268 | val_loss=0.2306 | val_acc=0.9123 | test_acc=0.9117 | fro=1.0000 | nuc=2.5205
[Epoch 027] train_ce=0.2027 | train_nuc=2.5004 | train_total=0.6262 | train_acc=0.9261 | val_loss=0.2048 | val_acc=0.9253 | test_acc=0.9304 | fro=1.0000 | nuc=2.4652
[Epoch 028] train_ce=0.2036 | train_nuc=2.5009 | train_total=0.6271 | train_acc=0.9238 | val_loss=0.2081 | val_acc=0.9200 | test_acc=0.9310 | fro=1.0000 | nuc=2.4706
[Epoch 029] train_ce=0.2018 | train_nuc=2.4894 | train_total=0.6233 | train_acc=0.9264 | val_loss=0.1891 | val_acc=0.9327 | test_acc=0.9342 | fro=1.0000 | nuc=2.5140
[Epoch 030] train_ce=0.2021 | train_nuc=2.4803 | train_total=0.6221 | train_acc=0.9268 | val_loss=0.2092 | val_acc=0.9273 | test_acc=0.9282 | fro=1.0000 | nuc=2.5054
[Epoch 031] train_ce=0.1993 | train_nuc=2.4590 | train_total=0.6157 | train_acc=0.9271 | val_loss=0.1932 | val_acc=0.9263 | test_acc=0.9302 | fro=1.0000 | nuc=2.4793
[Epoch 032] train_ce=0.2001 | train_nuc=2.4730 | train_total=0.6189 | train_acc=0.9267 | val_loss=0.2284 | val_acc=0.9170 | test_acc=0.9199 | fro=1.0000 | nuc=2.4837
[Epoch 033] train_ce=0.1982 | train_nuc=2.4647 | train_total=0.6156 | train_acc=0.9274 | val_loss=0.1961 | val_acc=0.9273 | test_acc=0.9320 | fro=1.0000 | nuc=2.4226
[Epoch 034] train_ce=0.1964 | train_nuc=2.4636 | train_total=0.6136 | train_acc=0.9281 | val_loss=0.2061 | val_acc=0.9253 | test_acc=0.9247 | fro=1.0000 | nuc=2.4495
[Epoch 035] train_ce=0.1949 | train_nuc=2.4339 | train_total=0.6071 | train_acc=0.9295 | val_loss=0.2049 | val_acc=0.9283 | test_acc=0.9290 | fro=1.0000 | nuc=2.4154
[Epoch 036] train_ce=0.1994 | train_nuc=2.4563 | train_total=0.6154 | train_acc=0.9279 | val_loss=0.2124 | val_acc=0.9223 | test_acc=0.9250 | fro=1.0000 | nuc=2.4304
[Epoch 037] train_ce=0.1998 | train_nuc=2.4646 | train_total=0.6171 | train_acc=0.9271 | val_loss=0.2078 | val_acc=0.9223 | test_acc=0.9284 | fro=1.0000 | nuc=2.4949
[Epoch 038] train_ce=0.1977 | train_nuc=2.4676 | train_total=0.6156 | train_acc=0.9275 | val_loss=0.1849 | val_acc=0.9350 | test_acc=0.9364 | fro=1.0000 | nuc=2.4387
[Epoch 039] train_ce=0.1972 | train_nuc=2.4504 | train_total=0.6121 | train_acc=0.9284 | val_loss=0.2377 | val_acc=0.9103 | test_acc=0.9164 | fro=1.0000 | nuc=2.4480
[Epoch 040] train_ce=0.1967 | train_nuc=2.4579 | train_total=0.6130 | train_acc=0.9281 | val_loss=0.2098 | val_acc=0.9183 | test_acc=0.9230 | fro=1.0000 | nuc=2.4293
[Epoch 041] train_ce=0.1970 | train_nuc=2.4350 | train_total=0.6093 | train_acc=0.9288 | val_loss=0.2291 | val_acc=0.9170 | test_acc=0.9212 | fro=1.0000 | nuc=2.5024
[Epoch 042] train_ce=0.1962 | train_nuc=2.4530 | train_total=0.6116 | train_acc=0.9284 | val_loss=0.2087 | val_acc=0.9237 | test_acc=0.9308 | fro=1.0000 | nuc=2.4132
[Epoch 043] train_ce=0.1947 | train_nuc=2.4047 | train_total=0.6019 | train_acc=0.9290 | val_loss=0.1905 | val_acc=0.9360 | test_acc=0.9320 | fro=1.0000 | nuc=2.4766
[Epoch 044] train_ce=0.1956 | train_nuc=2.4344 | train_total=0.6078 | train_acc=0.9295 | val_loss=0.2026 | val_acc=0.9223 | test_acc=0.9337 | fro=1.0000 | nuc=2.3925
[Epoch 045] train_ce=0.1944 | train_nuc=2.4413 | train_total=0.6078 | train_acc=0.9288 | val_loss=0.1977 | val_acc=0.9253 | test_acc=0.9284 | fro=1.0000 | nuc=2.3972
[Epoch 046] train_ce=0.1930 | train_nuc=2.4175 | train_total=0.6023 | train_acc=0.9297 | val_loss=0.2364 | val_acc=0.9093 | test_acc=0.9180 | fro=1.0000 | nuc=2.4145
[Epoch 047] train_ce=0.1952 | train_nuc=2.4343 | train_total=0.6074 | train_acc=0.9289 | val_loss=0.1985 | val_acc=0.9240 | test_acc=0.9308 | fro=1.0000 | nuc=2.4103
[Epoch 048] train_ce=0.1959 | train_nuc=2.4367 | train_total=0.6086 | train_acc=0.9290 | val_loss=0.2194 | val_acc=0.9123 | test_acc=0.9233 | fro=1.0000 | nuc=2.4333
Early stopping triggered at epoch 48. Best val_loss=0.184896 at epoch 38.
Done. alpha=0.16933839953335672 | best_val_loss=0.184896 | best_epoch=38

================================================================================
Training alpha=0.30000000, seed=0
================================================================================
Using device: cuda
[Experiment] model_one_layer_FC_alpha_0p3
[Alpha] 0.3
[Run dir] outputs/compressibility_adv_robustness/model_one_layer_FC_alpha_0p3_seed_0
[Target Frobenius norm] 1.000000
[Early stopping patience] 10
[Epoch 001] train_ce=0.3894 | train_nuc=3.7551 | train_total=1.5159 | train_acc=0.8328 | val_loss=0.3661 | val_acc=0.8517 | test_acc=0.8532 | fro=1.0000 | nuc=2.2457
[Epoch 002] train_ce=0.3598 | train_nuc=2.2335 | train_total=1.0298 | train_acc=0.8491 | val_loss=0.3578 | val_acc=0.8490 | test_acc=0.8607 | fro=1.0000 | nuc=2.2203
[Epoch 003] train_ce=0.3614 | train_nuc=2.1820 | train_total=1.0160 | train_acc=0.8482 | val_loss=0.3547 | val_acc=0.8557 | test_acc=0.8559 | fro=1.0000 | nuc=2.1617
[Epoch 004] train_ce=0.3589 | train_nuc=2.1570 | train_total=1.0060 | train_acc=0.8468 | val_loss=0.3659 | val_acc=0.8427 | test_acc=0.8514 | fro=1.0000 | nuc=2.1675
[Epoch 005] train_ce=0.3582 | train_nuc=2.1709 | train_total=1.0094 | train_acc=0.8486 | val_loss=0.3219 | val_acc=0.8687 | test_acc=0.8817 | fro=1.0000 | nuc=2.2482
[Epoch 006] train_ce=0.3040 | train_nuc=2.2631 | train_total=0.9829 | train_acc=0.8821 | val_loss=0.2865 | val_acc=0.8953 | test_acc=0.8973 | fro=1.0000 | nuc=2.2692
[Epoch 007] train_ce=0.2695 | train_nuc=2.2902 | train_total=0.9566 | train_acc=0.8983 | val_loss=0.2579 | val_acc=0.9057 | test_acc=0.9028 | fro=1.0000 | nuc=2.3146
[Epoch 008] train_ce=0.2564 | train_nuc=2.3011 | train_total=0.9467 | train_acc=0.9052 | val_loss=0.2370 | val_acc=0.9223 | test_acc=0.9104 | fro=1.0000 | nuc=2.3026
[Epoch 009] train_ce=0.2534 | train_nuc=2.3065 | train_total=0.9453 | train_acc=0.9053 | val_loss=0.2501 | val_acc=0.9067 | test_acc=0.9064 | fro=1.0000 | nuc=2.2897
[Epoch 010] train_ce=0.2535 | train_nuc=2.3402 | train_total=0.9555 | train_acc=0.9042 | val_loss=0.2446 | val_acc=0.9093 | test_acc=0.9075 | fro=1.0000 | nuc=2.2988
[Epoch 011] train_ce=0.2536 | train_nuc=2.3522 | train_total=0.9592 | train_acc=0.9051 | val_loss=0.2227 | val_acc=0.9243 | test_acc=0.9207 | fro=1.0000 | nuc=2.3266
[Epoch 012] train_ce=0.2445 | train_nuc=2.3143 | train_total=0.9388 | train_acc=0.9102 | val_loss=0.2230 | val_acc=0.9243 | test_acc=0.9157 | fro=1.0000 | nuc=2.3411
[Epoch 013] train_ce=0.2384 | train_nuc=2.3011 | train_total=0.9287 | train_acc=0.9128 | val_loss=0.2743 | val_acc=0.8920 | test_acc=0.8848 | fro=1.0000 | nuc=2.3412
[Epoch 014] train_ce=0.2430 | train_nuc=2.3306 | train_total=0.9422 | train_acc=0.9099 | val_loss=0.2259 | val_acc=0.9200 | test_acc=0.9141 | fro=1.0000 | nuc=2.3501
[Epoch 015] train_ce=0.2401 | train_nuc=2.3150 | train_total=0.9346 | train_acc=0.9111 | val_loss=0.2344 | val_acc=0.9153 | test_acc=0.9118 | fro=1.0000 | nuc=2.2578
[Epoch 016] train_ce=0.2345 | train_nuc=2.2910 | train_total=0.9218 | train_acc=0.9142 | val_loss=0.2115 | val_acc=0.9290 | test_acc=0.9228 | fro=1.0000 | nuc=2.2820
[Epoch 017] train_ce=0.2355 | train_nuc=2.2968 | train_total=0.9246 | train_acc=0.9124 | val_loss=0.2286 | val_acc=0.9170 | test_acc=0.9127 | fro=1.0000 | nuc=2.2976
[Epoch 018] train_ce=0.2327 | train_nuc=2.2842 | train_total=0.9179 | train_acc=0.9149 | val_loss=0.2652 | val_acc=0.9020 | test_acc=0.9000 | fro=1.0000 | nuc=2.3132
[Epoch 019] train_ce=0.2346 | train_nuc=2.3042 | train_total=0.9259 | train_acc=0.9131 | val_loss=0.2197 | val_acc=0.9200 | test_acc=0.9236 | fro=1.0000 | nuc=2.3511
[Epoch 020] train_ce=0.2345 | train_nuc=2.3317 | train_total=0.9340 | train_acc=0.9135 | val_loss=0.2092 | val_acc=0.9310 | test_acc=0.9238 | fro=1.0000 | nuc=2.2741
[Epoch 021] train_ce=0.2358 | train_nuc=2.2953 | train_total=0.9244 | train_acc=0.9136 | val_loss=0.2472 | val_acc=0.9043 | test_acc=0.9127 | fro=1.0000 | nuc=2.2581
[Epoch 022] train_ce=0.2268 | train_nuc=2.2683 | train_total=0.9072 | train_acc=0.9175 | val_loss=0.2503 | val_acc=0.9077 | test_acc=0.9016 | fro=1.0000 | nuc=2.2623
[Epoch 023] train_ce=0.2253 | train_nuc=2.2710 | train_total=0.9066 | train_acc=0.9172 | val_loss=0.2192 | val_acc=0.9207 | test_acc=0.9201 | fro=1.0000 | nuc=2.2635
[Epoch 024] train_ce=0.2306 | train_nuc=2.2898 | train_total=0.9175 | train_acc=0.9150 | val_loss=0.2346 | val_acc=0.9267 | test_acc=0.9170 | fro=1.0000 | nuc=2.2383
[Epoch 025] train_ce=0.2292 | train_nuc=2.2800 | train_total=0.9132 | train_acc=0.9157 | val_loss=0.2198 | val_acc=0.9240 | test_acc=0.9204 | fro=1.0000 | nuc=2.2597
[Epoch 026] train_ce=0.2299 | train_nuc=2.2897 | train_total=0.9168 | train_acc=0.9145 | val_loss=0.2470 | val_acc=0.9167 | test_acc=0.9075 | fro=1.0000 | nuc=2.2951
[Epoch 027] train_ce=0.2270 | train_nuc=2.2786 | train_total=0.9106 | train_acc=0.9172 | val_loss=0.2134 | val_acc=0.9227 | test_acc=0.9219 | fro=1.0000 | nuc=2.3289
[Epoch 028] train_ce=0.2259 | train_nuc=2.2831 | train_total=0.9108 | train_acc=0.9160 | val_loss=0.2740 | val_acc=0.8943 | test_acc=0.8978 | fro=1.0000 | nuc=2.2950
[Epoch 029] train_ce=0.2258 | train_nuc=2.2846 | train_total=0.9112 | train_acc=0.9180 | val_loss=0.2622 | val_acc=0.9053 | test_acc=0.8972 | fro=1.0000 | nuc=2.2752
[Epoch 030] train_ce=0.2256 | train_nuc=2.2712 | train_total=0.9069 | train_acc=0.9171 | val_loss=0.2045 | val_acc=0.9237 | test_acc=0.9209 | fro=1.0000 | nuc=2.2536
[Epoch 031] train_ce=0.2205 | train_nuc=2.2643 | train_total=0.8998 | train_acc=0.9199 | val_loss=0.2023 | val_acc=0.9303 | test_acc=0.9263 | fro=1.0000 | nuc=2.2524
[Epoch 032] train_ce=0.2255 | train_nuc=2.2637 | train_total=0.9046 | train_acc=0.9168 | val_loss=0.2519 | val_acc=0.9040 | test_acc=0.9054 | fro=1.0000 | nuc=2.2632
[Epoch 033] train_ce=0.2264 | train_nuc=2.2745 | train_total=0.9088 | train_acc=0.9163 | val_loss=0.2115 | val_acc=0.9257 | test_acc=0.9177 | fro=1.0000 | nuc=2.2714
[Epoch 034] train_ce=0.2208 | train_nuc=2.2616 | train_total=0.8993 | train_acc=0.9194 | val_loss=0.2050 | val_acc=0.9313 | test_acc=0.9248 | fro=1.0000 | nuc=2.2527
[Epoch 035] train_ce=0.2187 | train_nuc=2.2428 | train_total=0.8915 | train_acc=0.9209 | val_loss=0.2130 | val_acc=0.9257 | test_acc=0.9254 | fro=1.0000 | nuc=2.2369
[Epoch 036] train_ce=0.2239 | train_nuc=2.2541 | train_total=0.9001 | train_acc=0.9181 | val_loss=0.2236 | val_acc=0.9210 | test_acc=0.9216 | fro=1.0000 | nuc=2.2847
[Epoch 037] train_ce=0.2195 | train_nuc=2.2376 | train_total=0.8908 | train_acc=0.9208 | val_loss=0.2244 | val_acc=0.9167 | test_acc=0.9141 | fro=1.0000 | nuc=2.2437
[Epoch 038] train_ce=0.2206 | train_nuc=2.2398 | train_total=0.8925 | train_acc=0.9187 | val_loss=0.2005 | val_acc=0.9320 | test_acc=0.9250 | fro=1.0000 | nuc=2.2737
[Epoch 039] train_ce=0.2202 | train_nuc=2.2486 | train_total=0.8948 | train_acc=0.9203 | val_loss=0.2113 | val_acc=0.9220 | test_acc=0.9251 | fro=1.0000 | nuc=2.2256
[Epoch 040] train_ce=0.2210 | train_nuc=2.2400 | train_total=0.8930 | train_acc=0.9193 | val_loss=0.2031 | val_acc=0.9267 | test_acc=0.9220 | fro=1.0000 | nuc=2.2666
[Epoch 041] train_ce=0.2191 | train_nuc=2.2505 | train_total=0.8943 | train_acc=0.9202 | val_loss=0.1960 | val_acc=0.9343 | test_acc=0.9285 | fro=1.0000 | nuc=2.2199
[Epoch 042] train_ce=0.2205 | train_nuc=2.2481 | train_total=0.8950 | train_acc=0.9197 | val_loss=0.2158 | val_acc=0.9243 | test_acc=0.9196 | fro=1.0000 | nuc=2.2166
[Epoch 043] train_ce=0.2153 | train_nuc=2.2306 | train_total=0.8845 | train_acc=0.9221 | val_loss=0.2054 | val_acc=0.9240 | test_acc=0.9245 | fro=1.0000 | nuc=2.2353
[Epoch 044] train_ce=0.2191 | train_nuc=2.2406 | train_total=0.8913 | train_acc=0.9202 | val_loss=0.1980 | val_acc=0.9340 | test_acc=0.9311 | fro=1.0000 | nuc=2.2192
[Epoch 045] train_ce=0.2175 | train_nuc=2.2291 | train_total=0.8862 | train_acc=0.9209 | val_loss=0.1981 | val_acc=0.9323 | test_acc=0.9272 | fro=1.0000 | nuc=2.1948
[Epoch 046] train_ce=0.2187 | train_nuc=2.2307 | train_total=0.8879 | train_acc=0.9200 | val_loss=0.2371 | val_acc=0.9137 | test_acc=0.9097 | fro=1.0000 | nuc=2.2259
[Epoch 047] train_ce=0.2174 | train_nuc=2.2362 | train_total=0.8883 | train_acc=0.9204 | val_loss=0.2225 | val_acc=0.9170 | test_acc=0.9140 | fro=1.0000 | nuc=2.2074
[Epoch 048] train_ce=0.2173 | train_nuc=2.2254 | train_total=0.8849 | train_acc=0.9203 | val_loss=0.2486 | val_acc=0.9050 | test_acc=0.9088 | fro=1.0000 | nuc=2.2329
[Epoch 049] train_ce=0.2137 | train_nuc=2.2158 | train_total=0.8785 | train_acc=0.9222 | val_loss=0.2058 | val_acc=0.9277 | test_acc=0.9210 | fro=1.0000 | nuc=2.2530
[Epoch 050] train_ce=0.2116 | train_nuc=2.2156 | train_total=0.8762 | train_acc=0.9234 | val_loss=0.1898 | val_acc=0.9360 | test_acc=0.9284 | fro=1.0000 | nuc=2.2324
[Epoch 051] train_ce=0.2150 | train_nuc=2.2347 | train_total=0.8854 | train_acc=0.9218 | val_loss=0.2177 | val_acc=0.9263 | test_acc=0.9227 | fro=1.0000 | nuc=2.2505
[Epoch 052] train_ce=0.2171 | train_nuc=2.2241 | train_total=0.8843 | train_acc=0.9217 | val_loss=0.2348 | val_acc=0.9177 | test_acc=0.9086 | fro=1.0000 | nuc=2.1992
[Epoch 053] train_ce=0.2176 | train_nuc=2.2278 | train_total=0.8860 | train_acc=0.9210 | val_loss=0.2161 | val_acc=0.9267 | test_acc=0.9212 | fro=1.0000 | nuc=2.1916
[Epoch 054] train_ce=0.2159 | train_nuc=2.2395 | train_total=0.8878 | train_acc=0.9210 | val_loss=0.2103 | val_acc=0.9247 | test_acc=0.9233 | fro=1.0000 | nuc=2.2040
[Epoch 055] train_ce=0.2169 | train_nuc=2.2164 | train_total=0.8818 | train_acc=0.9212 | val_loss=0.2046 | val_acc=0.9303 | test_acc=0.9230 | fro=1.0000 | nuc=2.2005
[Epoch 056] train_ce=0.2199 | train_nuc=2.2371 | train_total=0.8910 | train_acc=0.9197 | val_loss=0.1912 | val_acc=0.9347 | test_acc=0.9262 | fro=1.0000 | nuc=2.2561
[Epoch 057] train_ce=0.2175 | train_nuc=2.2328 | train_total=0.8874 | train_acc=0.9216 | val_loss=0.2090 | val_acc=0.9270 | test_acc=0.9235 | fro=1.0000 | nuc=2.1838
[Epoch 058] train_ce=0.2169 | train_nuc=2.2130 | train_total=0.8808 | train_acc=0.9221 | val_loss=0.1938 | val_acc=0.9373 | test_acc=0.9311 | fro=1.0000 | nuc=2.1977
[Epoch 059] train_ce=0.2112 | train_nuc=2.2092 | train_total=0.8739 | train_acc=0.9237 | val_loss=0.1987 | val_acc=0.9307 | test_acc=0.9263 | fro=1.0000 | nuc=2.2380
[Epoch 060] train_ce=0.2099 | train_nuc=2.2078 | train_total=0.8722 | train_acc=0.9239 | val_loss=0.1947 | val_acc=0.9380 | test_acc=0.9289 | fro=1.0000 | nuc=2.1984
Early stopping triggered at epoch 60. Best val_loss=0.189765 at epoch 50.
Done. alpha=0.3 | best_val_loss=0.189765 | best_epoch=50

================================================================================
Training alpha=0.30000000, seed=1
================================================================================
Using device: cuda
[Experiment] model_one_layer_FC_alpha_0p3
[Alpha] 0.3
[Run dir] outputs/compressibility_adv_robustness/model_one_layer_FC_alpha_0p3_seed_1
[Target Frobenius norm] 1.000000
[Early stopping patience] 10
[Epoch 001] train_ce=0.3906 | train_nuc=3.6969 | train_total=1.4997 | train_acc=0.8311 | val_loss=0.3650 | val_acc=0.8430 | test_acc=0.8557 | fro=1.0000 | nuc=2.2488
[Epoch 002] train_ce=0.3620 | train_nuc=2.2404 | train_total=1.0341 | train_acc=0.8490 | val_loss=0.3712 | val_acc=0.8497 | test_acc=0.8636 | fro=1.0000 | nuc=2.2335
[Epoch 003] train_ce=0.3591 | train_nuc=2.1822 | train_total=1.0137 | train_acc=0.8494 | val_loss=0.3678 | val_acc=0.8450 | test_acc=0.8548 | fro=1.0000 | nuc=2.1784
[Epoch 004] train_ce=0.3600 | train_nuc=2.1616 | train_total=1.0085 | train_acc=0.8480 | val_loss=0.3677 | val_acc=0.8463 | test_acc=0.8436 | fro=1.0000 | nuc=2.1582
[Epoch 005] train_ce=0.3627 | train_nuc=2.1462 | train_total=1.0066 | train_acc=0.8465 | val_loss=0.3616 | val_acc=0.8493 | test_acc=0.8548 | fro=1.0000 | nuc=2.1511
[Epoch 006] train_ce=0.3630 | train_nuc=2.1469 | train_total=1.0071 | train_acc=0.8454 | val_loss=0.3735 | val_acc=0.8373 | test_acc=0.8453 | fro=1.0000 | nuc=2.1693
[Epoch 007] train_ce=0.3483 | train_nuc=2.1975 | train_total=1.0076 | train_acc=0.8546 | val_loss=0.2917 | val_acc=0.8947 | test_acc=0.8985 | fro=1.0000 | nuc=2.2673
[Epoch 008] train_ce=0.2795 | train_nuc=2.3113 | train_total=0.9729 | train_acc=0.8937 | val_loss=0.2570 | val_acc=0.9060 | test_acc=0.9008 | fro=1.0000 | nuc=2.3080
[Epoch 009] train_ce=0.2622 | train_nuc=2.3423 | train_total=0.9649 | train_acc=0.8998 | val_loss=0.2498 | val_acc=0.9097 | test_acc=0.9103 | fro=1.0000 | nuc=2.3473
[Epoch 010] train_ce=0.2582 | train_nuc=2.3188 | train_total=0.9538 | train_acc=0.9025 | val_loss=0.2941 | val_acc=0.8827 | test_acc=0.8861 | fro=1.0000 | nuc=2.5271
[Epoch 011] train_ce=0.2517 | train_nuc=2.3134 | train_total=0.9458 | train_acc=0.9046 | val_loss=0.2888 | val_acc=0.8910 | test_acc=0.8930 | fro=1.0000 | nuc=2.3375
[Epoch 012] train_ce=0.2530 | train_nuc=2.3227 | train_total=0.9499 | train_acc=0.9052 | val_loss=0.2520 | val_acc=0.9040 | test_acc=0.9046 | fro=1.0000 | nuc=2.3257
[Epoch 013] train_ce=0.2508 | train_nuc=2.3409 | train_total=0.9530 | train_acc=0.9062 | val_loss=0.2572 | val_acc=0.9117 | test_acc=0.9049 | fro=1.0000 | nuc=2.3268
[Epoch 014] train_ce=0.2442 | train_nuc=2.3155 | train_total=0.9389 | train_acc=0.9100 | val_loss=0.2479 | val_acc=0.9083 | test_acc=0.9089 | fro=1.0000 | nuc=2.3063
[Epoch 015] train_ce=0.2432 | train_nuc=2.3324 | train_total=0.9429 | train_acc=0.9084 | val_loss=0.2729 | val_acc=0.9017 | test_acc=0.9001 | fro=1.0000 | nuc=2.2883
[Epoch 016] train_ce=0.2459 | train_nuc=2.3596 | train_total=0.9538 | train_acc=0.9076 | val_loss=0.2302 | val_acc=0.9167 | test_acc=0.9180 | fro=1.0000 | nuc=2.3255
[Epoch 017] train_ce=0.2443 | train_nuc=2.3297 | train_total=0.9432 | train_acc=0.9087 | val_loss=0.2298 | val_acc=0.9223 | test_acc=0.9169 | fro=1.0000 | nuc=2.3042
[Epoch 018] train_ce=0.2458 | train_nuc=2.3422 | train_total=0.9485 | train_acc=0.9083 | val_loss=0.2309 | val_acc=0.9190 | test_acc=0.9181 | fro=1.0000 | nuc=2.2873
[Epoch 019] train_ce=0.2386 | train_nuc=2.3105 | train_total=0.9318 | train_acc=0.9123 | val_loss=0.2429 | val_acc=0.9137 | test_acc=0.9088 | fro=1.0000 | nuc=2.2762
[Epoch 020] train_ce=0.2380 | train_nuc=2.3031 | train_total=0.9290 | train_acc=0.9116 | val_loss=0.2366 | val_acc=0.9167 | test_acc=0.9129 | fro=1.0000 | nuc=2.2669
[Epoch 021] train_ce=0.2351 | train_nuc=2.2930 | train_total=0.9230 | train_acc=0.9131 | val_loss=0.2301 | val_acc=0.9167 | test_acc=0.9192 | fro=1.0000 | nuc=2.2717
[Epoch 022] train_ce=0.2345 | train_nuc=2.3152 | train_total=0.9291 | train_acc=0.9132 | val_loss=0.2691 | val_acc=0.8980 | test_acc=0.9034 | fro=1.0000 | nuc=2.3169
[Epoch 023] train_ce=0.2290 | train_nuc=2.3443 | train_total=0.9323 | train_acc=0.9157 | val_loss=0.2209 | val_acc=0.9227 | test_acc=0.9288 | fro=1.0000 | nuc=2.3243
[Epoch 024] train_ce=0.2230 | train_nuc=2.3257 | train_total=0.9207 | train_acc=0.9199 | val_loss=0.2378 | val_acc=0.9097 | test_acc=0.9143 | fro=1.0000 | nuc=2.3101
[Epoch 025] train_ce=0.2208 | train_nuc=2.3395 | train_total=0.9227 | train_acc=0.9203 | val_loss=0.2189 | val_acc=0.9153 | test_acc=0.9196 | fro=1.0000 | nuc=2.3641
[Epoch 026] train_ce=0.2208 | train_nuc=2.3469 | train_total=0.9249 | train_acc=0.9191 | val_loss=0.2523 | val_acc=0.9097 | test_acc=0.9105 | fro=1.0000 | nuc=2.3012
[Epoch 027] train_ce=0.2195 | train_nuc=2.3439 | train_total=0.9227 | train_acc=0.9211 | val_loss=0.2034 | val_acc=0.9303 | test_acc=0.9315 | fro=1.0000 | nuc=2.3293
[Epoch 028] train_ce=0.2150 | train_nuc=2.3251 | train_total=0.9125 | train_acc=0.9224 | val_loss=0.2439 | val_acc=0.9080 | test_acc=0.9087 | fro=1.0000 | nuc=2.2924
[Epoch 029] train_ce=0.2217 | train_nuc=2.3571 | train_total=0.9289 | train_acc=0.9199 | val_loss=0.2269 | val_acc=0.9127 | test_acc=0.9195 | fro=1.0000 | nuc=2.3421
[Epoch 030] train_ce=0.2148 | train_nuc=2.3237 | train_total=0.9119 | train_acc=0.9228 | val_loss=0.2127 | val_acc=0.9230 | test_acc=0.9256 | fro=1.0000 | nuc=2.3086
[Epoch 031] train_ce=0.2140 | train_nuc=2.3196 | train_total=0.9099 | train_acc=0.9225 | val_loss=0.2262 | val_acc=0.9163 | test_acc=0.9170 | fro=1.0000 | nuc=2.3683
[Epoch 032] train_ce=0.2127 | train_nuc=2.3327 | train_total=0.9125 | train_acc=0.9228 | val_loss=0.2091 | val_acc=0.9230 | test_acc=0.9270 | fro=1.0000 | nuc=2.3317
[Epoch 033] train_ce=0.2148 | train_nuc=2.3345 | train_total=0.9152 | train_acc=0.9221 | val_loss=0.2417 | val_acc=0.9137 | test_acc=0.9178 | fro=1.0000 | nuc=2.3717
[Epoch 034] train_ce=0.2071 | train_nuc=2.3011 | train_total=0.8974 | train_acc=0.9260 | val_loss=0.2012 | val_acc=0.9310 | test_acc=0.9313 | fro=1.0000 | nuc=2.2952
[Epoch 035] train_ce=0.2195 | train_nuc=2.3442 | train_total=0.9227 | train_acc=0.9195 | val_loss=0.2111 | val_acc=0.9233 | test_acc=0.9313 | fro=1.0000 | nuc=2.3002
[Epoch 036] train_ce=0.2117 | train_nuc=2.3055 | train_total=0.9033 | train_acc=0.9241 | val_loss=0.2285 | val_acc=0.9127 | test_acc=0.9162 | fro=1.0000 | nuc=2.3323
[Epoch 037] train_ce=0.2060 | train_nuc=2.2985 | train_total=0.8956 | train_acc=0.9259 | val_loss=0.2105 | val_acc=0.9220 | test_acc=0.9230 | fro=1.0000 | nuc=2.3271
[Epoch 038] train_ce=0.2114 | train_nuc=2.3161 | train_total=0.9062 | train_acc=0.9248 | val_loss=0.2369 | val_acc=0.9197 | test_acc=0.9208 | fro=1.0000 | nuc=2.3567
[Epoch 039] train_ce=0.2099 | train_nuc=2.3177 | train_total=0.9052 | train_acc=0.9243 | val_loss=0.2397 | val_acc=0.9133 | test_acc=0.9163 | fro=1.0000 | nuc=2.3069
[Epoch 040] train_ce=0.2110 | train_nuc=2.3177 | train_total=0.9063 | train_acc=0.9227 | val_loss=0.1997 | val_acc=0.9260 | test_acc=0.9316 | fro=1.0000 | nuc=2.3208
[Epoch 041] train_ce=0.2077 | train_nuc=2.3052 | train_total=0.8993 | train_acc=0.9250 | val_loss=0.2119 | val_acc=0.9243 | test_acc=0.9294 | fro=1.0000 | nuc=2.3123
[Epoch 042] train_ce=0.2043 | train_nuc=2.2881 | train_total=0.8908 | train_acc=0.9264 | val_loss=0.1989 | val_acc=0.9323 | test_acc=0.9321 | fro=1.0000 | nuc=2.2798
[Epoch 043] train_ce=0.2030 | train_nuc=2.3000 | train_total=0.8930 | train_acc=0.9277 | val_loss=0.2205 | val_acc=0.9293 | test_acc=0.9276 | fro=1.0000 | nuc=2.2714
[Epoch 044] train_ce=0.2084 | train_nuc=2.3020 | train_total=0.8990 | train_acc=0.9245 | val_loss=0.2049 | val_acc=0.9263 | test_acc=0.9316 | fro=1.0000 | nuc=2.2912
[Epoch 045] train_ce=0.2055 | train_nuc=2.3001 | train_total=0.8955 | train_acc=0.9273 | val_loss=0.2019 | val_acc=0.9327 | test_acc=0.9342 | fro=1.0000 | nuc=2.2693
[Epoch 046] train_ce=0.2013 | train_nuc=2.2679 | train_total=0.8817 | train_acc=0.9285 | val_loss=0.2096 | val_acc=0.9227 | test_acc=0.9268 | fro=1.0000 | nuc=2.2800
[Epoch 047] train_ce=0.2070 | train_nuc=2.3009 | train_total=0.8972 | train_acc=0.9244 | val_loss=0.2023 | val_acc=0.9273 | test_acc=0.9286 | fro=1.0000 | nuc=2.3250
[Epoch 048] train_ce=0.2019 | train_nuc=2.3001 | train_total=0.8919 | train_acc=0.9282 | val_loss=0.2053 | val_acc=0.9273 | test_acc=0.9310 | fro=1.0000 | nuc=2.2760
[Epoch 049] train_ce=0.2061 | train_nuc=2.2882 | train_total=0.8925 | train_acc=0.9260 | val_loss=0.1987 | val_acc=0.9307 | test_acc=0.9340 | fro=1.0000 | nuc=2.3035
[Epoch 050] train_ce=0.2083 | train_nuc=2.3099 | train_total=0.9012 | train_acc=0.9239 | val_loss=0.2098 | val_acc=0.9290 | test_acc=0.9244 | fro=1.0000 | nuc=2.2868
[Epoch 051] train_ce=0.2053 | train_nuc=2.2976 | train_total=0.8945 | train_acc=0.9259 | val_loss=0.2288 | val_acc=0.9193 | test_acc=0.9263 | fro=1.0000 | nuc=2.2878
[Epoch 052] train_ce=0.2020 | train_nuc=2.2708 | train_total=0.8833 | train_acc=0.9266 | val_loss=0.2459 | val_acc=0.9123 | test_acc=0.9167 | fro=1.0000 | nuc=2.3208
[Epoch 053] train_ce=0.2027 | train_nuc=2.2768 | train_total=0.8857 | train_acc=0.9267 | val_loss=0.2426 | val_acc=0.9107 | test_acc=0.9123 | fro=1.0000 | nuc=2.3573
[Epoch 054] train_ce=0.2041 | train_nuc=2.2903 | train_total=0.8912 | train_acc=0.9253 | val_loss=0.2238 | val_acc=0.9210 | test_acc=0.9246 | fro=1.0000 | nuc=2.3032
[Epoch 055] train_ce=0.2041 | train_nuc=2.2847 | train_total=0.8896 | train_acc=0.9260 | val_loss=0.1978 | val_acc=0.9350 | test_acc=0.9354 | fro=1.0000 | nuc=2.2515
[Epoch 056] train_ce=0.2018 | train_nuc=2.2780 | train_total=0.8852 | train_acc=0.9278 | val_loss=0.2031 | val_acc=0.9297 | test_acc=0.9310 | fro=1.0000 | nuc=2.2584
[Epoch 057] train_ce=0.1975 | train_nuc=2.2588 | train_total=0.8751 | train_acc=0.9291 | val_loss=0.1979 | val_acc=0.9317 | test_acc=0.9342 | fro=1.0000 | nuc=2.2105
[Epoch 058] train_ce=0.2002 | train_nuc=2.2676 | train_total=0.8805 | train_acc=0.9292 | val_loss=0.2196 | val_acc=0.9230 | test_acc=0.9305 | fro=1.0000 | nuc=2.2200
[Epoch 059] train_ce=0.2002 | train_nuc=2.2531 | train_total=0.8761 | train_acc=0.9285 | val_loss=0.1975 | val_acc=0.9333 | test_acc=0.9334 | fro=1.0000 | nuc=2.2696
[Epoch 060] train_ce=0.2010 | train_nuc=2.2821 | train_total=0.8856 | train_acc=0.9288 | val_loss=0.2344 | val_acc=0.9120 | test_acc=0.9146 | fro=1.0000 | nuc=2.3039
[Epoch 061] train_ce=0.2047 | train_nuc=2.2916 | train_total=0.8922 | train_acc=0.9255 | val_loss=0.2106 | val_acc=0.9210 | test_acc=0.9236 | fro=1.0000 | nuc=2.2849
[Epoch 062] train_ce=0.2006 | train_nuc=2.2738 | train_total=0.8827 | train_acc=0.9283 | val_loss=0.1952 | val_acc=0.9320 | test_acc=0.9324 | fro=1.0000 | nuc=2.2513
[Epoch 063] train_ce=0.1995 | train_nuc=2.2744 | train_total=0.8819 | train_acc=0.9280 | val_loss=0.2192 | val_acc=0.9240 | test_acc=0.9272 | fro=1.0000 | nuc=2.2577
[Epoch 064] train_ce=0.2008 | train_nuc=2.2673 | train_total=0.8810 | train_acc=0.9280 | val_loss=0.2050 | val_acc=0.9283 | test_acc=0.9312 | fro=1.0000 | nuc=2.2355
[Epoch 065] train_ce=0.2025 | train_nuc=2.2751 | train_total=0.8850 | train_acc=0.9268 | val_loss=0.2183 | val_acc=0.9147 | test_acc=0.9178 | fro=1.0000 | nuc=2.2505
[Epoch 066] train_ce=0.1990 | train_nuc=2.2638 | train_total=0.8782 | train_acc=0.9285 | val_loss=0.1998 | val_acc=0.9280 | test_acc=0.9330 | fro=1.0000 | nuc=2.2710
[Epoch 067] train_ce=0.1975 | train_nuc=2.2585 | train_total=0.8750 | train_acc=0.9288 | val_loss=0.1957 | val_acc=0.9280 | test_acc=0.9324 | fro=1.0000 | nuc=2.2410
[Epoch 068] train_ce=0.1947 | train_nuc=2.2436 | train_total=0.8678 | train_acc=0.9307 | val_loss=0.1948 | val_acc=0.9327 | test_acc=0.9311 | fro=1.0000 | nuc=2.2522
[Epoch 069] train_ce=0.1973 | train_nuc=2.2568 | train_total=0.8743 | train_acc=0.9295 | val_loss=0.1992 | val_acc=0.9303 | test_acc=0.9299 | fro=1.0000 | nuc=2.2749
[Epoch 070] train_ce=0.2001 | train_nuc=2.2631 | train_total=0.8790 | train_acc=0.9276 | val_loss=0.2123 | val_acc=0.9273 | test_acc=0.9216 | fro=1.0000 | nuc=2.2681
[Epoch 071] train_ce=0.1998 | train_nuc=2.2663 | train_total=0.8797 | train_acc=0.9285 | val_loss=0.1941 | val_acc=0.9347 | test_acc=0.9344 | fro=1.0000 | nuc=2.2406
[Epoch 072] train_ce=0.1961 | train_nuc=2.2609 | train_total=0.8743 | train_acc=0.9313 | val_loss=0.2004 | val_acc=0.9303 | test_acc=0.9313 | fro=1.0000 | nuc=2.2151
[Epoch 073] train_ce=0.1957 | train_nuc=2.2682 | train_total=0.8762 | train_acc=0.9299 | val_loss=0.2063 | val_acc=0.9277 | test_acc=0.9280 | fro=1.0000 | nuc=2.2455
[Epoch 074] train_ce=0.1952 | train_nuc=2.2495 | train_total=0.8701 | train_acc=0.9297 | val_loss=0.2061 | val_acc=0.9263 | test_acc=0.9292 | fro=1.0000 | nuc=2.3072
[Epoch 075] train_ce=0.1966 | train_nuc=2.2689 | train_total=0.8773 | train_acc=0.9298 | val_loss=0.2032 | val_acc=0.9250 | test_acc=0.9288 | fro=1.0000 | nuc=2.2492
[Epoch 076] train_ce=0.1997 | train_nuc=2.2748 | train_total=0.8822 | train_acc=0.9292 | val_loss=0.2025 | val_acc=0.9323 | test_acc=0.9284 | fro=1.0000 | nuc=2.2297
[Epoch 077] train_ce=0.1965 | train_nuc=2.2526 | train_total=0.8723 | train_acc=0.9293 | val_loss=0.2040 | val_acc=0.9280 | test_acc=0.9314 | fro=1.0000 | nuc=2.2264
[Epoch 078] train_ce=0.1957 | train_nuc=2.2469 | train_total=0.8698 | train_acc=0.9300 | val_loss=0.2013 | val_acc=0.9293 | test_acc=0.9324 | fro=1.0000 | nuc=2.2432
[Epoch 079] train_ce=0.1966 | train_nuc=2.2610 | train_total=0.8749 | train_acc=0.9300 | val_loss=0.2024 | val_acc=0.9230 | test_acc=0.9313 | fro=1.0000 | nuc=2.2339
[Epoch 080] train_ce=0.1962 | train_nuc=2.2493 | train_total=0.8710 | train_acc=0.9292 | val_loss=0.1944 | val_acc=0.9290 | test_acc=0.9337 | fro=1.0000 | nuc=2.2081
[Epoch 081] train_ce=0.1954 | train_nuc=2.2628 | train_total=0.8742 | train_acc=0.9298 | val_loss=0.2224 | val_acc=0.9163 | test_acc=0.9226 | fro=1.0000 | nuc=2.2177
Early stopping triggered at epoch 81. Best val_loss=0.194125 at epoch 71.
Done. alpha=0.3 | best_val_loss=0.194125 | best_epoch=71

================================================================================
Training alpha=0.30000000, seed=2
================================================================================
Using device: cuda
[Experiment] model_one_layer_FC_alpha_0p3
[Alpha] 0.3
[Run dir] outputs/compressibility_adv_robustness/model_one_layer_FC_alpha_0p3_seed_2
[Target Frobenius norm] 1.000000
[Early stopping patience] 10
[Epoch 001] train_ce=0.3915 | train_nuc=3.7387 | train_total=1.5131 | train_acc=0.8339 | val_loss=0.3557 | val_acc=0.8463 | test_acc=0.8505 | fro=1.0000 | nuc=2.2320
[Epoch 002] train_ce=0.3593 | train_nuc=2.2237 | train_total=1.0264 | train_acc=0.8483 | val_loss=0.3640 | val_acc=0.8500 | test_acc=0.8520 | fro=1.0000 | nuc=2.2153
[Epoch 003] train_ce=0.3611 | train_nuc=2.1933 | train_total=1.0191 | train_acc=0.8478 | val_loss=0.3569 | val_acc=0.8527 | test_acc=0.8571 | fro=1.0000 | nuc=2.1568
[Epoch 004] train_ce=0.3643 | train_nuc=2.1505 | train_total=1.0094 | train_acc=0.8458 | val_loss=0.3547 | val_acc=0.8463 | test_acc=0.8516 | fro=1.0000 | nuc=2.1657
[Epoch 005] train_ce=0.3647 | train_nuc=2.1567 | train_total=1.0117 | train_acc=0.8435 | val_loss=0.3660 | val_acc=0.8433 | test_acc=0.8443 | fro=1.0000 | nuc=2.1562
[Epoch 006] train_ce=0.3454 | train_nuc=2.2250 | train_total=1.0129 | train_acc=0.8555 | val_loss=0.3394 | val_acc=0.8637 | test_acc=0.8734 | fro=1.0000 | nuc=2.3512
[Epoch 007] train_ce=0.3105 | train_nuc=2.2975 | train_total=0.9998 | train_acc=0.8773 | val_loss=0.2869 | val_acc=0.8877 | test_acc=0.8899 | fro=1.0000 | nuc=2.2127
[Epoch 008] train_ce=0.3046 | train_nuc=2.2625 | train_total=0.9834 | train_acc=0.8801 | val_loss=0.3109 | val_acc=0.8780 | test_acc=0.8845 | fro=1.0000 | nuc=2.2942
[Epoch 009] train_ce=0.3010 | train_nuc=2.2654 | train_total=0.9807 | train_acc=0.8827 | val_loss=0.3181 | val_acc=0.8700 | test_acc=0.8774 | fro=1.0000 | nuc=2.3057
[Epoch 010] train_ce=0.2649 | train_nuc=2.3298 | train_total=0.9639 | train_acc=0.9005 | val_loss=0.3002 | val_acc=0.8787 | test_acc=0.8739 | fro=1.0000 | nuc=2.3600
[Epoch 011] train_ce=0.2609 | train_nuc=2.3799 | train_total=0.9749 | train_acc=0.9003 | val_loss=0.2535 | val_acc=0.8963 | test_acc=0.9107 | fro=1.0000 | nuc=2.3013
[Epoch 012] train_ce=0.2591 | train_nuc=2.3719 | train_total=0.9707 | train_acc=0.9016 | val_loss=0.2366 | val_acc=0.9080 | test_acc=0.9106 | fro=1.0000 | nuc=2.3449
[Epoch 013] train_ce=0.2563 | train_nuc=2.3719 | train_total=0.9678 | train_acc=0.9024 | val_loss=0.2142 | val_acc=0.9200 | test_acc=0.9200 | fro=1.0000 | nuc=2.3931
[Epoch 014] train_ce=0.2508 | train_nuc=2.3824 | train_total=0.9655 | train_acc=0.9055 | val_loss=0.2290 | val_acc=0.9133 | test_acc=0.9102 | fro=1.0000 | nuc=2.4100
[Epoch 015] train_ce=0.2496 | train_nuc=2.3728 | train_total=0.9614 | train_acc=0.9075 | val_loss=0.2813 | val_acc=0.8860 | test_acc=0.8846 | fro=1.0000 | nuc=2.3588
[Epoch 016] train_ce=0.2488 | train_nuc=2.3659 | train_total=0.9586 | train_acc=0.9056 | val_loss=0.2430 | val_acc=0.9070 | test_acc=0.9138 | fro=1.0000 | nuc=2.3649
[Epoch 017] train_ce=0.2484 | train_nuc=2.3868 | train_total=0.9644 | train_acc=0.9069 | val_loss=0.2305 | val_acc=0.9150 | test_acc=0.9135 | fro=1.0000 | nuc=2.3285
[Epoch 018] train_ce=0.2418 | train_nuc=2.3550 | train_total=0.9483 | train_acc=0.9092 | val_loss=0.3251 | val_acc=0.8667 | test_acc=0.8617 | fro=1.0000 | nuc=2.3655
[Epoch 019] train_ce=0.2453 | train_nuc=2.3894 | train_total=0.9621 | train_acc=0.9071 | val_loss=0.2245 | val_acc=0.9150 | test_acc=0.9135 | fro=1.0000 | nuc=2.3715
[Epoch 020] train_ce=0.2440 | train_nuc=2.3895 | train_total=0.9609 | train_acc=0.9092 | val_loss=0.2387 | val_acc=0.9033 | test_acc=0.9094 | fro=1.0000 | nuc=2.3442
[Epoch 021] train_ce=0.2444 | train_nuc=2.3893 | train_total=0.9612 | train_acc=0.9076 | val_loss=0.2134 | val_acc=0.9230 | test_acc=0.9202 | fro=1.0000 | nuc=2.3848
[Epoch 022] train_ce=0.2404 | train_nuc=2.3602 | train_total=0.9485 | train_acc=0.9116 | val_loss=0.2208 | val_acc=0.9130 | test_acc=0.9143 | fro=1.0000 | nuc=2.3618
[Epoch 023] train_ce=0.2413 | train_nuc=2.3660 | train_total=0.9511 | train_acc=0.9106 | val_loss=0.2988 | val_acc=0.8603 | test_acc=0.8657 | fro=1.0000 | nuc=2.3913
[Epoch 024] train_ce=0.2378 | train_nuc=2.3503 | train_total=0.9429 | train_acc=0.9116 | val_loss=0.2218 | val_acc=0.9137 | test_acc=0.9161 | fro=1.0000 | nuc=2.3464
[Epoch 025] train_ce=0.2423 | train_nuc=2.3729 | train_total=0.9542 | train_acc=0.9090 | val_loss=0.2392 | val_acc=0.9043 | test_acc=0.9083 | fro=1.0000 | nuc=2.3895
[Epoch 026] train_ce=0.2377 | train_nuc=2.3593 | train_total=0.9455 | train_acc=0.9127 | val_loss=0.2087 | val_acc=0.9247 | test_acc=0.9173 | fro=1.0000 | nuc=2.3846
[Epoch 027] train_ce=0.2375 | train_nuc=2.3522 | train_total=0.9432 | train_acc=0.9132 | val_loss=0.2081 | val_acc=0.9270 | test_acc=0.9236 | fro=1.0000 | nuc=2.3730
[Epoch 028] train_ce=0.2377 | train_nuc=2.3714 | train_total=0.9492 | train_acc=0.9124 | val_loss=0.2100 | val_acc=0.9230 | test_acc=0.9178 | fro=1.0000 | nuc=2.3829
[Epoch 029] train_ce=0.2337 | train_nuc=2.3565 | train_total=0.9406 | train_acc=0.9132 | val_loss=0.2162 | val_acc=0.9237 | test_acc=0.9248 | fro=1.0000 | nuc=2.3428
[Epoch 030] train_ce=0.2378 | train_nuc=2.3907 | train_total=0.9551 | train_acc=0.9119 | val_loss=0.2391 | val_acc=0.9103 | test_acc=0.9068 | fro=1.0000 | nuc=2.4099
[Epoch 031] train_ce=0.2322 | train_nuc=2.3783 | train_total=0.9457 | train_acc=0.9136 | val_loss=0.2266 | val_acc=0.9130 | test_acc=0.9146 | fro=1.0000 | nuc=2.3507
[Epoch 032] train_ce=0.2347 | train_nuc=2.3685 | train_total=0.9453 | train_acc=0.9129 | val_loss=0.2502 | val_acc=0.8967 | test_acc=0.9011 | fro=1.0000 | nuc=2.3537
[Epoch 033] train_ce=0.2338 | train_nuc=2.3602 | train_total=0.9419 | train_acc=0.9138 | val_loss=0.2138 | val_acc=0.9197 | test_acc=0.9172 | fro=1.0000 | nuc=2.3569
[Epoch 034] train_ce=0.2321 | train_nuc=2.3558 | train_total=0.9388 | train_acc=0.9155 | val_loss=0.2134 | val_acc=0.9183 | test_acc=0.9157 | fro=1.0000 | nuc=2.3074
[Epoch 035] train_ce=0.2304 | train_nuc=2.3563 | train_total=0.9373 | train_acc=0.9151 | val_loss=0.2481 | val_acc=0.8980 | test_acc=0.9060 | fro=1.0000 | nuc=2.3422
[Epoch 036] train_ce=0.2279 | train_nuc=2.3615 | train_total=0.9364 | train_acc=0.9170 | val_loss=0.2155 | val_acc=0.9230 | test_acc=0.9215 | fro=1.0000 | nuc=2.3354
[Epoch 037] train_ce=0.2261 | train_nuc=2.3397 | train_total=0.9281 | train_acc=0.9176 | val_loss=0.2436 | val_acc=0.9033 | test_acc=0.9058 | fro=1.0000 | nuc=2.3402
Early stopping triggered at epoch 37. Best val_loss=0.208117 at epoch 27.
Done. alpha=0.3 | best_val_loss=0.208117 | best_epoch=27

================================================================================
Training alpha=0.30000000, seed=3
================================================================================
Using device: cuda
[Experiment] model_one_layer_FC_alpha_0p3
[Alpha] 0.3
[Run dir] outputs/compressibility_adv_robustness/model_one_layer_FC_alpha_0p3_seed_3
[Target Frobenius norm] 1.000000
[Early stopping patience] 10
[Epoch 001] train_ce=0.3902 | train_nuc=3.7080 | train_total=1.5026 | train_acc=0.8321 | val_loss=0.3605 | val_acc=0.8443 | test_acc=0.8523 | fro=1.0000 | nuc=2.2606
[Epoch 002] train_ce=0.3603 | train_nuc=2.2282 | train_total=1.0288 | train_acc=0.8487 | val_loss=0.3461 | val_acc=0.8517 | test_acc=0.8598 | fro=1.0000 | nuc=2.2163
[Epoch 003] train_ce=0.3592 | train_nuc=2.1792 | train_total=1.0130 | train_acc=0.8503 | val_loss=0.3746 | val_acc=0.8300 | test_acc=0.8434 | fro=1.0000 | nuc=2.1624
[Epoch 004] train_ce=0.3619 | train_nuc=2.1610 | train_total=1.0102 | train_acc=0.8474 | val_loss=0.3704 | val_acc=0.8410 | test_acc=0.8518 | fro=1.0000 | nuc=2.1438
[Epoch 005] train_ce=0.3658 | train_nuc=2.1534 | train_total=1.0118 | train_acc=0.8443 | val_loss=0.3682 | val_acc=0.8410 | test_acc=0.8520 | fro=1.0000 | nuc=2.1492
[Epoch 006] train_ce=0.3564 | train_nuc=2.1911 | train_total=1.0138 | train_acc=0.8478 | val_loss=0.3121 | val_acc=0.8823 | test_acc=0.8808 | fro=1.0000 | nuc=2.2942
[Epoch 007] train_ce=0.3037 | train_nuc=2.3667 | train_total=1.0137 | train_acc=0.8813 | val_loss=0.2892 | val_acc=0.8927 | test_acc=0.8912 | fro=1.0000 | nuc=2.3856
[Epoch 008] train_ce=0.2702 | train_nuc=2.3882 | train_total=0.9867 | train_acc=0.8975 | val_loss=0.2369 | val_acc=0.9120 | test_acc=0.9163 | fro=1.0000 | nuc=2.3994
[Epoch 009] train_ce=0.2654 | train_nuc=2.4099 | train_total=0.9883 | train_acc=0.8984 | val_loss=0.2520 | val_acc=0.9093 | test_acc=0.9070 | fro=1.0000 | nuc=2.3729
[Epoch 010] train_ce=0.2594 | train_nuc=2.4147 | train_total=0.9838 | train_acc=0.9008 | val_loss=0.2329 | val_acc=0.9167 | test_acc=0.9165 | fro=1.0000 | nuc=2.4541
[Epoch 011] train_ce=0.2567 | train_nuc=2.4323 | train_total=0.9864 | train_acc=0.9002 | val_loss=0.2431 | val_acc=0.9077 | test_acc=0.9152 | fro=1.0000 | nuc=2.4065
[Epoch 012] train_ce=0.2511 | train_nuc=2.3985 | train_total=0.9706 | train_acc=0.9057 | val_loss=0.2653 | val_acc=0.8973 | test_acc=0.9046 | fro=1.0000 | nuc=2.4316
[Epoch 013] train_ce=0.2494 | train_nuc=2.4147 | train_total=0.9738 | train_acc=0.9057 | val_loss=0.2501 | val_acc=0.9050 | test_acc=0.9039 | fro=1.0000 | nuc=2.4098
[Epoch 014] train_ce=0.2505 | train_nuc=2.4428 | train_total=0.9833 | train_acc=0.9047 | val_loss=0.2455 | val_acc=0.9097 | test_acc=0.9103 | fro=1.0000 | nuc=2.3959
[Epoch 015] train_ce=0.2449 | train_nuc=2.4165 | train_total=0.9699 | train_acc=0.9079 | val_loss=0.2272 | val_acc=0.9183 | test_acc=0.9237 | fro=1.0000 | nuc=2.3825
[Epoch 016] train_ce=0.2404 | train_nuc=2.3995 | train_total=0.9602 | train_acc=0.9118 | val_loss=0.2583 | val_acc=0.9020 | test_acc=0.9065 | fro=1.0000 | nuc=2.4118
[Epoch 017] train_ce=0.2373 | train_nuc=2.3883 | train_total=0.9538 | train_acc=0.9122 | val_loss=0.2418 | val_acc=0.9080 | test_acc=0.9192 | fro=1.0000 | nuc=2.3945
[Epoch 018] train_ce=0.2324 | train_nuc=2.3754 | train_total=0.9450 | train_acc=0.9141 | val_loss=0.2185 | val_acc=0.9297 | test_acc=0.9272 | fro=1.0000 | nuc=2.3583
[Epoch 019] train_ce=0.2359 | train_nuc=2.4062 | train_total=0.9577 | train_acc=0.9121 | val_loss=0.2153 | val_acc=0.9160 | test_acc=0.9228 | fro=1.0000 | nuc=2.3857
[Epoch 020] train_ce=0.2320 | train_nuc=2.3744 | train_total=0.9443 | train_acc=0.9142 | val_loss=0.2404 | val_acc=0.9073 | test_acc=0.9160 | fro=1.0000 | nuc=2.4480
[Epoch 021] train_ce=0.2269 | train_nuc=2.3673 | train_total=0.9371 | train_acc=0.9163 | val_loss=0.2376 | val_acc=0.9043 | test_acc=0.9146 | fro=1.0000 | nuc=2.4074
[Epoch 022] train_ce=0.2298 | train_nuc=2.3750 | train_total=0.9423 | train_acc=0.9145 | val_loss=0.2444 | val_acc=0.9157 | test_acc=0.9117 | fro=1.0000 | nuc=2.3804
[Epoch 023] train_ce=0.2236 | train_nuc=2.3546 | train_total=0.9300 | train_acc=0.9175 | val_loss=0.2350 | val_acc=0.9160 | test_acc=0.9217 | fro=1.0000 | nuc=2.3288
[Epoch 024] train_ce=0.2278 | train_nuc=2.3813 | train_total=0.9422 | train_acc=0.9168 | val_loss=0.2189 | val_acc=0.9203 | test_acc=0.9235 | fro=1.0000 | nuc=2.3959
[Epoch 025] train_ce=0.2219 | train_nuc=2.3693 | train_total=0.9327 | train_acc=0.9195 | val_loss=0.2166 | val_acc=0.9240 | test_acc=0.9241 | fro=1.0000 | nuc=2.3269
[Epoch 026] train_ce=0.2238 | train_nuc=2.3516 | train_total=0.9293 | train_acc=0.9174 | val_loss=0.2115 | val_acc=0.9243 | test_acc=0.9273 | fro=1.0000 | nuc=2.3703
[Epoch 027] train_ce=0.2230 | train_nuc=2.3564 | train_total=0.9300 | train_acc=0.9182 | val_loss=0.2360 | val_acc=0.9073 | test_acc=0.9101 | fro=1.0000 | nuc=2.4704
[Epoch 028] train_ce=0.2224 | train_nuc=2.3668 | train_total=0.9324 | train_acc=0.9179 | val_loss=0.2137 | val_acc=0.9260 | test_acc=0.9291 | fro=1.0000 | nuc=2.4254
[Epoch 029] train_ce=0.2237 | train_nuc=2.3636 | train_total=0.9328 | train_acc=0.9178 | val_loss=0.2118 | val_acc=0.9227 | test_acc=0.9204 | fro=1.0000 | nuc=2.4081
[Epoch 030] train_ce=0.2188 | train_nuc=2.3415 | train_total=0.9213 | train_acc=0.9194 | val_loss=0.2296 | val_acc=0.9100 | test_acc=0.9181 | fro=1.0000 | nuc=2.3166
[Epoch 031] train_ce=0.2190 | train_nuc=2.3430 | train_total=0.9219 | train_acc=0.9197 | val_loss=0.2330 | val_acc=0.9123 | test_acc=0.9147 | fro=1.0000 | nuc=2.3133
[Epoch 032] train_ce=0.2224 | train_nuc=2.3614 | train_total=0.9309 | train_acc=0.9179 | val_loss=0.2366 | val_acc=0.9147 | test_acc=0.9170 | fro=1.0000 | nuc=2.3779
[Epoch 033] train_ce=0.2183 | train_nuc=2.3380 | train_total=0.9197 | train_acc=0.9202 | val_loss=0.2175 | val_acc=0.9190 | test_acc=0.9223 | fro=1.0000 | nuc=2.3670
[Epoch 034] train_ce=0.2153 | train_nuc=2.3449 | train_total=0.9187 | train_acc=0.9215 | val_loss=0.2192 | val_acc=0.9197 | test_acc=0.9268 | fro=1.0000 | nuc=2.3264
[Epoch 035] train_ce=0.2195 | train_nuc=2.3458 | train_total=0.9233 | train_acc=0.9203 | val_loss=0.2094 | val_acc=0.9247 | test_acc=0.9270 | fro=1.0000 | nuc=2.3140
[Epoch 036] train_ce=0.2161 | train_nuc=2.3339 | train_total=0.9163 | train_acc=0.9217 | val_loss=0.2140 | val_acc=0.9283 | test_acc=0.9269 | fro=1.0000 | nuc=2.3420
[Epoch 037] train_ce=0.2159 | train_nuc=2.3289 | train_total=0.9145 | train_acc=0.9213 | val_loss=0.2135 | val_acc=0.9233 | test_acc=0.9249 | fro=1.0000 | nuc=2.3175
[Epoch 038] train_ce=0.2147 | train_nuc=2.3158 | train_total=0.9094 | train_acc=0.9214 | val_loss=0.2234 | val_acc=0.9197 | test_acc=0.9192 | fro=1.0000 | nuc=2.3204
[Epoch 039] train_ce=0.2165 | train_nuc=2.3300 | train_total=0.9155 | train_acc=0.9214 | val_loss=0.2030 | val_acc=0.9273 | test_acc=0.9273 | fro=1.0000 | nuc=2.3242
[Epoch 040] train_ce=0.2127 | train_nuc=2.3221 | train_total=0.9093 | train_acc=0.9227 | val_loss=0.2516 | val_acc=0.9040 | test_acc=0.9120 | fro=1.0000 | nuc=2.3156
[Epoch 041] train_ce=0.2212 | train_nuc=2.3499 | train_total=0.9262 | train_acc=0.9188 | val_loss=0.2062 | val_acc=0.9273 | test_acc=0.9288 | fro=1.0000 | nuc=2.3486
[Epoch 042] train_ce=0.2170 | train_nuc=2.3457 | train_total=0.9207 | train_acc=0.9208 | val_loss=0.1948 | val_acc=0.9320 | test_acc=0.9320 | fro=1.0000 | nuc=2.4701
[Epoch 043] train_ce=0.2095 | train_nuc=2.3335 | train_total=0.9095 | train_acc=0.9242 | val_loss=0.2183 | val_acc=0.9200 | test_acc=0.9222 | fro=1.0000 | nuc=2.3298
[Epoch 044] train_ce=0.2121 | train_nuc=2.3208 | train_total=0.9083 | train_acc=0.9220 | val_loss=0.2055 | val_acc=0.9277 | test_acc=0.9333 | fro=1.0000 | nuc=2.2665
[Epoch 045] train_ce=0.2102 | train_nuc=2.3113 | train_total=0.9036 | train_acc=0.9229 | val_loss=0.2041 | val_acc=0.9273 | test_acc=0.9292 | fro=1.0000 | nuc=2.3141
[Epoch 046] train_ce=0.2111 | train_nuc=2.3161 | train_total=0.9059 | train_acc=0.9225 | val_loss=0.2114 | val_acc=0.9230 | test_acc=0.9223 | fro=1.0000 | nuc=2.2865
[Epoch 047] train_ce=0.2120 | train_nuc=2.3236 | train_total=0.9091 | train_acc=0.9221 | val_loss=0.2215 | val_acc=0.9180 | test_acc=0.9231 | fro=1.0000 | nuc=2.3146
[Epoch 048] train_ce=0.2118 | train_nuc=2.3212 | train_total=0.9081 | train_acc=0.9218 | val_loss=0.2801 | val_acc=0.8950 | test_acc=0.9001 | fro=1.0000 | nuc=2.3130
[Epoch 049] train_ce=0.2122 | train_nuc=2.3372 | train_total=0.9133 | train_acc=0.9219 | val_loss=0.2149 | val_acc=0.9227 | test_acc=0.9235 | fro=1.0000 | nuc=2.3022
[Epoch 050] train_ce=0.2115 | train_nuc=2.3084 | train_total=0.9040 | train_acc=0.9225 | val_loss=0.1996 | val_acc=0.9297 | test_acc=0.9319 | fro=1.0000 | nuc=2.3269
[Epoch 051] train_ce=0.2104 | train_nuc=2.3028 | train_total=0.9012 | train_acc=0.9228 | val_loss=0.1960 | val_acc=0.9323 | test_acc=0.9347 | fro=1.0000 | nuc=2.3156
[Epoch 052] train_ce=0.2098 | train_nuc=2.3037 | train_total=0.9009 | train_acc=0.9235 | val_loss=0.2183 | val_acc=0.9203 | test_acc=0.9252 | fro=1.0000 | nuc=2.2757
Early stopping triggered at epoch 52. Best val_loss=0.194832 at epoch 42.
Done. alpha=0.3 | best_val_loss=0.194832 | best_epoch=42

================================================================================
Training alpha=0.30000000, seed=4
================================================================================
Using device: cuda
[Experiment] model_one_layer_FC_alpha_0p3
[Alpha] 0.3
[Run dir] outputs/compressibility_adv_robustness/model_one_layer_FC_alpha_0p3_seed_4
[Target Frobenius norm] 1.000000
[Early stopping patience] 10
[Epoch 001] train_ce=0.3908 | train_nuc=3.8574 | train_total=1.5480 | train_acc=0.8313 | val_loss=0.3526 | val_acc=0.8550 | test_acc=0.8555 | fro=1.0000 | nuc=2.2454
[Epoch 002] train_ce=0.3594 | train_nuc=2.2569 | train_total=1.0365 | train_acc=0.8478 | val_loss=0.3477 | val_acc=0.8573 | test_acc=0.8632 | fro=1.0000 | nuc=2.2204
[Epoch 003] train_ce=0.3594 | train_nuc=2.2015 | train_total=1.0199 | train_acc=0.8475 | val_loss=0.3641 | val_acc=0.8440 | test_acc=0.8578 | fro=1.0000 | nuc=2.1822
[Epoch 004] train_ce=0.3668 | train_nuc=2.1709 | train_total=1.0181 | train_acc=0.8436 | val_loss=0.3547 | val_acc=0.8517 | test_acc=0.8476 | fro=1.0000 | nuc=2.1400
[Epoch 005] train_ce=0.3365 | train_nuc=2.2296 | train_total=1.0054 | train_acc=0.8603 | val_loss=0.2783 | val_acc=0.8987 | test_acc=0.8971 | fro=1.0000 | nuc=2.2517
[Epoch 006] train_ce=0.3049 | train_nuc=2.2599 | train_total=0.9829 | train_acc=0.8797 | val_loss=0.2898 | val_acc=0.8927 | test_acc=0.8934 | fro=1.0000 | nuc=2.2180
[Epoch 007] train_ce=0.2964 | train_nuc=2.2216 | train_total=0.9628 | train_acc=0.8843 | val_loss=0.2889 | val_acc=0.8863 | test_acc=0.8846 | fro=1.0000 | nuc=2.1931
[Epoch 008] train_ce=0.3015 | train_nuc=2.2540 | train_total=0.9777 | train_acc=0.8817 | val_loss=0.2868 | val_acc=0.8913 | test_acc=0.8940 | fro=1.0000 | nuc=2.2254
[Epoch 009] train_ce=0.2886 | train_nuc=2.2071 | train_total=0.9508 | train_acc=0.8872 | val_loss=0.2725 | val_acc=0.8947 | test_acc=0.8973 | fro=1.0000 | nuc=2.2098
[Epoch 010] train_ce=0.2870 | train_nuc=2.2250 | train_total=0.9545 | train_acc=0.8885 | val_loss=0.2983 | val_acc=0.8893 | test_acc=0.8935 | fro=1.0000 | nuc=2.1810
[Epoch 011] train_ce=0.2859 | train_nuc=2.2197 | train_total=0.9518 | train_acc=0.8888 | val_loss=0.2838 | val_acc=0.8937 | test_acc=0.8906 | fro=1.0000 | nuc=2.1946
[Epoch 012] train_ce=0.2603 | train_nuc=2.2789 | train_total=0.9439 | train_acc=0.9018 | val_loss=0.2376 | val_acc=0.9120 | test_acc=0.9171 | fro=1.0000 | nuc=2.3064
[Epoch 013] train_ce=0.2421 | train_nuc=2.2914 | train_total=0.9295 | train_acc=0.9103 | val_loss=0.2213 | val_acc=0.9203 | test_acc=0.9153 | fro=1.0000 | nuc=2.3159
[Epoch 014] train_ce=0.2435 | train_nuc=2.3259 | train_total=0.9412 | train_acc=0.9081 | val_loss=0.3469 | val_acc=0.8763 | test_acc=0.8698 | fro=1.0000 | nuc=2.3630
[Epoch 015] train_ce=0.2409 | train_nuc=2.3405 | train_total=0.9430 | train_acc=0.9099 | val_loss=0.2285 | val_acc=0.9167 | test_acc=0.9183 | fro=1.0000 | nuc=2.3007
[Epoch 016] train_ce=0.2392 | train_nuc=2.3362 | train_total=0.9400 | train_acc=0.9094 | val_loss=0.2240 | val_acc=0.9180 | test_acc=0.9167 | fro=1.0000 | nuc=2.3164
[Epoch 017] train_ce=0.2343 | train_nuc=2.3151 | train_total=0.9289 | train_acc=0.9131 | val_loss=0.2188 | val_acc=0.9210 | test_acc=0.9167 | fro=1.0000 | nuc=2.3174
[Epoch 018] train_ce=0.2353 | train_nuc=2.3461 | train_total=0.9391 | train_acc=0.9121 | val_loss=0.2582 | val_acc=0.8963 | test_acc=0.8952 | fro=1.0000 | nuc=2.3083
[Epoch 019] train_ce=0.2321 | train_nuc=2.3253 | train_total=0.9297 | train_acc=0.9138 | val_loss=0.2388 | val_acc=0.9080 | test_acc=0.9096 | fro=1.0000 | nuc=2.3389
[Epoch 020] train_ce=0.2376 | train_nuc=2.3535 | train_total=0.9437 | train_acc=0.9105 | val_loss=0.2154 | val_acc=0.9247 | test_acc=0.9239 | fro=1.0000 | nuc=2.3183
[Epoch 021] train_ce=0.2293 | train_nuc=2.3137 | train_total=0.9234 | train_acc=0.9143 | val_loss=0.2296 | val_acc=0.9187 | test_acc=0.9149 | fro=1.0000 | nuc=2.3319
[Epoch 022] train_ce=0.2302 | train_nuc=2.3302 | train_total=0.9292 | train_acc=0.9144 | val_loss=0.2198 | val_acc=0.9167 | test_acc=0.9168 | fro=1.0000 | nuc=2.3281
[Epoch 023] train_ce=0.2320 | train_nuc=2.3342 | train_total=0.9323 | train_acc=0.9123 | val_loss=0.2386 | val_acc=0.9070 | test_acc=0.9098 | fro=1.0000 | nuc=2.3632
[Epoch 024] train_ce=0.2301 | train_nuc=2.3204 | train_total=0.9263 | train_acc=0.9143 | val_loss=0.2395 | val_acc=0.9120 | test_acc=0.9096 | fro=1.0000 | nuc=2.2994
[Epoch 025] train_ce=0.2308 | train_nuc=2.3181 | train_total=0.9263 | train_acc=0.9146 | val_loss=0.2356 | val_acc=0.9043 | test_acc=0.9116 | fro=1.0000 | nuc=2.2839
[Epoch 026] train_ce=0.2257 | train_nuc=2.2993 | train_total=0.9155 | train_acc=0.9162 | val_loss=0.2297 | val_acc=0.9173 | test_acc=0.9113 | fro=1.0000 | nuc=2.2966
[Epoch 027] train_ce=0.2276 | train_nuc=2.3074 | train_total=0.9198 | train_acc=0.9158 | val_loss=0.2219 | val_acc=0.9227 | test_acc=0.9189 | fro=1.0000 | nuc=2.2662
[Epoch 028] train_ce=0.2261 | train_nuc=2.2947 | train_total=0.9145 | train_acc=0.9163 | val_loss=0.2042 | val_acc=0.9273 | test_acc=0.9241 | fro=1.0000 | nuc=2.3003
[Epoch 029] train_ce=0.2263 | train_nuc=2.2992 | train_total=0.9160 | train_acc=0.9167 | val_loss=0.2114 | val_acc=0.9250 | test_acc=0.9266 | fro=1.0000 | nuc=2.2922
[Epoch 030] train_ce=0.2280 | train_nuc=2.3060 | train_total=0.9197 | train_acc=0.9153 | val_loss=0.2389 | val_acc=0.9157 | test_acc=0.9144 | fro=1.0000 | nuc=2.2870
[Epoch 031] train_ce=0.2240 | train_nuc=2.2873 | train_total=0.9102 | train_acc=0.9175 | val_loss=0.2094 | val_acc=0.9260 | test_acc=0.9233 | fro=1.0000 | nuc=2.2753
[Epoch 032] train_ce=0.2271 | train_nuc=2.2919 | train_total=0.9147 | train_acc=0.9160 | val_loss=0.2107 | val_acc=0.9267 | test_acc=0.9264 | fro=1.0000 | nuc=2.3068
[Epoch 033] train_ce=0.2195 | train_nuc=2.2839 | train_total=0.9047 | train_acc=0.9187 | val_loss=0.2161 | val_acc=0.9190 | test_acc=0.9227 | fro=1.0000 | nuc=2.2837
[Epoch 034] train_ce=0.2225 | train_nuc=2.2983 | train_total=0.9119 | train_acc=0.9176 | val_loss=0.2315 | val_acc=0.9200 | test_acc=0.9184 | fro=1.0000 | nuc=2.2384
[Epoch 035] train_ce=0.2223 | train_nuc=2.2764 | train_total=0.9052 | train_acc=0.9183 | val_loss=0.2244 | val_acc=0.9157 | test_acc=0.9142 | fro=1.0000 | nuc=2.2457
[Epoch 036] train_ce=0.2281 | train_nuc=2.2917 | train_total=0.9156 | train_acc=0.9150 | val_loss=0.2163 | val_acc=0.9223 | test_acc=0.9235 | fro=1.0000 | nuc=2.3181
[Epoch 037] train_ce=0.2213 | train_nuc=2.2977 | train_total=0.9106 | train_acc=0.9188 | val_loss=0.2289 | val_acc=0.9123 | test_acc=0.9189 | fro=1.0000 | nuc=2.2515
[Epoch 038] train_ce=0.2207 | train_nuc=2.2889 | train_total=0.9073 | train_acc=0.9202 | val_loss=0.2244 | val_acc=0.9193 | test_acc=0.9181 | fro=1.0000 | nuc=2.2701
Early stopping triggered at epoch 38. Best val_loss=0.204237 at epoch 28.
Done. alpha=0.3 | best_val_loss=0.204237 | best_epoch=28

Evaluating alpha=0.00010000, seed=0
Checkpoint: outputs/compressibility_adv_robustness/model_one_layer_FC_alpha_0p0001_seed_0/checkpoints/best.pt
clean_acc=0.9585 | robust_acc=0.9447 | repr_shift_ratio=0.0109

Evaluating alpha=0.00010000, seed=1
Checkpoint: outputs/compressibility_adv_robustness/model_one_layer_FC_alpha_0p0001_seed_1/checkpoints/best.pt
clean_acc=0.9584 | robust_acc=0.9432 | repr_shift_ratio=0.0106

Evaluating alpha=0.00010000, seed=2
Checkpoint: outputs/compressibility_adv_robustness/model_one_layer_FC_alpha_0p0001_seed_2/checkpoints/best.pt
clean_acc=0.9514 | robust_acc=0.9373 | repr_shift_ratio=0.0123

Evaluating alpha=0.00010000, seed=3
Checkpoint: outputs/compressibility_adv_robustness/model_one_layer_FC_alpha_0p0001_seed_3/checkpoints/best.pt
clean_acc=0.9554 | robust_acc=0.9418 | repr_shift_ratio=0.0128

Evaluating alpha=0.00010000, seed=4
Checkpoint: outputs/compressibility_adv_robustness/model_one_layer_FC_alpha_0p0001_seed_4/checkpoints/best.pt
clean_acc=0.9564 | robust_acc=0.9434 | repr_shift_ratio=0.0124

Evaluating alpha=0.00017716, seed=0
Checkpoint: outputs/compressibility_adv_robustness/model_one_layer_FC_alpha_0p00017716005396691217_seed_0/checkpoints/best.pt
clean_acc=0.9568 | robust_acc=0.9434 | repr_shift_ratio=0.0117

Evaluating alpha=0.00017716, seed=1
Checkpoint: outputs/compressibility_adv_robustness/model_one_layer_FC_alpha_0p00017716005396691217_seed_1/checkpoints/best.pt
clean_acc=0.9620 | robust_acc=0.9481 | repr_shift_ratio=0.0120

Evaluating alpha=0.00017716, seed=2
Checkpoint: outputs/compressibility_adv_robustness/model_one_layer_FC_alpha_0p00017716005396691217_seed_2/checkpoints/best.pt
clean_acc=0.9543 | robust_acc=0.9374 | repr_shift_ratio=0.0115

Evaluating alpha=0.00017716, seed=3
Checkpoint: outputs/compressibility_adv_robustness/model_one_layer_FC_alpha_0p00017716005396691217_seed_3/checkpoints/best.pt
clean_acc=0.9586 | robust_acc=0.9452 | repr_shift_ratio=0.0120

Evaluating alpha=0.00017716, seed=4
Checkpoint: outputs/compressibility_adv_robustness/model_one_layer_FC_alpha_0p00017716005396691217_seed_4/checkpoints/best.pt
clean_acc=0.9523 | robust_acc=0.9390 | repr_shift_ratio=0.0112

Evaluating alpha=0.00031386, seed=0
Checkpoint: outputs/compressibility_adv_robustness/model_one_layer_FC_alpha_0p000313856847215592_seed_0/checkpoints/best.pt
clean_acc=0.9598 | robust_acc=0.9453 | repr_shift_ratio=0.0116

Evaluating alpha=0.00031386, seed=1
Checkpoint: outputs/compressibility_adv_robustness/model_one_layer_FC_alpha_0p000313856847215592_seed_1/checkpoints/best.pt
clean_acc=0.9636 | robust_acc=0.9488 | repr_shift_ratio=0.0118

Evaluating alpha=0.00031386, seed=2
Checkpoint: outputs/compressibility_adv_robustness/model_one_layer_FC_alpha_0p000313856847215592_seed_2/checkpoints/best.pt
clean_acc=0.9558 | robust_acc=0.9424 | repr_shift_ratio=0.0120

Evaluating alpha=0.00031386, seed=3
Checkpoint: outputs/compressibility_adv_robustness/model_one_layer_FC_alpha_0p000313856847215592_seed_3/checkpoints/best.pt
clean_acc=0.9574 | robust_acc=0.9448 | repr_shift_ratio=0.0121

Evaluating alpha=0.00031386, seed=4
Checkpoint: outputs/compressibility_adv_robustness/model_one_layer_FC_alpha_0p000313856847215592_seed_4/checkpoints/best.pt
clean_acc=0.9563 | robust_acc=0.9454 | repr_shift_ratio=0.0130

Evaluating alpha=0.00055603, seed=0
Checkpoint: outputs/compressibility_adv_robustness/model_one_layer_FC_alpha_0p0005560289599059919_seed_0/checkpoints/best.pt
clean_acc=0.9595 | robust_acc=0.9461 | repr_shift_ratio=0.0122

Evaluating alpha=0.00055603, seed=1
Checkpoint: outputs/compressibility_adv_robustness/model_one_layer_FC_alpha_0p0005560289599059919_seed_1/checkpoints/best.pt
clean_acc=0.9623 | robust_acc=0.9464 | repr_shift_ratio=0.0115

Evaluating alpha=0.00055603, seed=2
Checkpoint: outputs/compressibility_adv_robustness/model_one_layer_FC_alpha_0p0005560289599059919_seed_2/checkpoints/best.pt
clean_acc=0.9548 | robust_acc=0.9408 | repr_shift_ratio=0.0117

Evaluating alpha=0.00055603, seed=3
Checkpoint: outputs/compressibility_adv_robustness/model_one_layer_FC_alpha_0p0005560289599059919_seed_3/checkpoints/best.pt
clean_acc=0.9599 | robust_acc=0.9472 | repr_shift_ratio=0.0113

Evaluating alpha=0.00055603, seed=4
Checkpoint: outputs/compressibility_adv_robustness/model_one_layer_FC_alpha_0p0005560289599059919_seed_4/checkpoints/best.pt
clean_acc=0.9534 | robust_acc=0.9387 | repr_shift_ratio=0.0117

Evaluating alpha=0.00098506, seed=0
Checkpoint: outputs/compressibility_adv_robustness/model_one_layer_FC_alpha_0p0009850612054411157_seed_0/checkpoints/best.pt
clean_acc=0.9624 | robust_acc=0.9468 | repr_shift_ratio=0.0108

Evaluating alpha=0.00098506, seed=1
Checkpoint: outputs/compressibility_adv_robustness/model_one_layer_FC_alpha_0p0009850612054411157_seed_1/checkpoints/best.pt
clean_acc=0.9548 | robust_acc=0.9407 | repr_shift_ratio=0.0114

Evaluating alpha=0.00098506, seed=2
Checkpoint: outputs/compressibility_adv_robustness/model_one_layer_FC_alpha_0p0009850612054411157_seed_2/checkpoints/best.pt
clean_acc=0.9610 | robust_acc=0.9455 | repr_shift_ratio=0.0110

Evaluating alpha=0.00098506, seed=3
Checkpoint: outputs/compressibility_adv_robustness/model_one_layer_FC_alpha_0p0009850612054411157_seed_3/checkpoints/best.pt
clean_acc=0.9554 | robust_acc=0.9392 | repr_shift_ratio=0.0133

Evaluating alpha=0.00098506, seed=4
Checkpoint: outputs/compressibility_adv_robustness/model_one_layer_FC_alpha_0p0009850612054411157_seed_4/checkpoints/best.pt
clean_acc=0.9612 | robust_acc=0.9456 | repr_shift_ratio=0.0113

Evaluating alpha=0.00174513, seed=0
Checkpoint: outputs/compressibility_adv_robustness/model_one_layer_FC_alpha_0p0017451349631665944_seed_0/checkpoints/best.pt
clean_acc=0.9652 | robust_acc=0.9521 | repr_shift_ratio=0.0102

Evaluating alpha=0.00174513, seed=1
Checkpoint: outputs/compressibility_adv_robustness/model_one_layer_FC_alpha_0p0017451349631665944_seed_1/checkpoints/best.pt
clean_acc=0.9647 | robust_acc=0.9524 | repr_shift_ratio=0.0108

Evaluating alpha=0.00174513, seed=2
Checkpoint: outputs/compressibility_adv_robustness/model_one_layer_FC_alpha_0p0017451349631665944_seed_2/checkpoints/best.pt
clean_acc=0.9580 | robust_acc=0.9440 | repr_shift_ratio=0.0131

Evaluating alpha=0.00174513, seed=3
Checkpoint: outputs/compressibility_adv_robustness/model_one_layer_FC_alpha_0p0017451349631665944_seed_3/checkpoints/best.pt
clean_acc=0.9576 | robust_acc=0.9436 | repr_shift_ratio=0.0123

Evaluating alpha=0.00174513, seed=4
Checkpoint: outputs/compressibility_adv_robustness/model_one_layer_FC_alpha_0p0017451349631665944_seed_4/checkpoints/best.pt
clean_acc=0.9568 | robust_acc=0.9436 | repr_shift_ratio=0.0114

Evaluating alpha=0.00309168, seed=0
Checkpoint: outputs/compressibility_adv_robustness/model_one_layer_FC_alpha_0p0030916820425413915_seed_0/checkpoints/best.pt
clean_acc=0.9668 | robust_acc=0.9533 | repr_shift_ratio=0.0116

Evaluating alpha=0.00309168, seed=1
Checkpoint: outputs/compressibility_adv_robustness/model_one_layer_FC_alpha_0p0030916820425413915_seed_1/checkpoints/best.pt
clean_acc=0.9642 | robust_acc=0.9528 | repr_shift_ratio=0.0106

Evaluating alpha=0.00309168, seed=2
Checkpoint: outputs/compressibility_adv_robustness/model_one_layer_FC_alpha_0p0030916820425413915_seed_2/checkpoints/best.pt
clean_acc=0.9644 | robust_acc=0.9510 | repr_shift_ratio=0.0111

Evaluating alpha=0.00309168, seed=3
Checkpoint: outputs/compressibility_adv_robustness/model_one_layer_FC_alpha_0p0030916820425413915_seed_3/checkpoints/best.pt
clean_acc=0.9624 | robust_acc=0.9492 | repr_shift_ratio=0.0123

Evaluating alpha=0.00309168, seed=4
Checkpoint: outputs/compressibility_adv_robustness/model_one_layer_FC_alpha_0p0030916820425413915_seed_4/checkpoints/best.pt
clean_acc=0.9573 | robust_acc=0.9443 | repr_shift_ratio=0.0115

Evaluating alpha=0.00547723, seed=0
Checkpoint: outputs/compressibility_adv_robustness/model_one_layer_FC_alpha_0p005477225575051662_seed_0/checkpoints/best.pt
clean_acc=0.9656 | robust_acc=0.9544 | repr_shift_ratio=0.0096

Evaluating alpha=0.00547723, seed=1
Checkpoint: outputs/compressibility_adv_robustness/model_one_layer_FC_alpha_0p005477225575051662_seed_1/checkpoints/best.pt
clean_acc=0.9657 | robust_acc=0.9531 | repr_shift_ratio=0.0098

Evaluating alpha=0.00547723, seed=2
Checkpoint: outputs/compressibility_adv_robustness/model_one_layer_FC_alpha_0p005477225575051662_seed_2/checkpoints/best.pt
clean_acc=0.9620 | robust_acc=0.9495 | repr_shift_ratio=0.0112

Evaluating alpha=0.00547723, seed=3
Checkpoint: outputs/compressibility_adv_robustness/model_one_layer_FC_alpha_0p005477225575051662_seed_3/checkpoints/best.pt
clean_acc=0.9549 | robust_acc=0.9412 | repr_shift_ratio=0.0118

Evaluating alpha=0.00547723, seed=4
Checkpoint: outputs/compressibility_adv_robustness/model_one_layer_FC_alpha_0p005477225575051662_seed_4/checkpoints/best.pt
clean_acc=0.9576 | robust_acc=0.9448 | repr_shift_ratio=0.0110

Evaluating alpha=0.00970346, seed=0
Checkpoint: outputs/compressibility_adv_robustness/model_one_layer_FC_alpha_0p00970345578465104_seed_0/checkpoints/best.pt
clean_acc=0.9709 | robust_acc=0.9592 | repr_shift_ratio=0.0092

Evaluating alpha=0.00970346, seed=1
Checkpoint: outputs/compressibility_adv_robustness/model_one_layer_FC_alpha_0p00970345578465104_seed_1/checkpoints/best.pt
clean_acc=0.9702 | robust_acc=0.9582 | repr_shift_ratio=0.0104

Evaluating alpha=0.00970346, seed=2
Checkpoint: outputs/compressibility_adv_robustness/model_one_layer_FC_alpha_0p00970345578465104_seed_2/checkpoints/best.pt
clean_acc=0.9697 | robust_acc=0.9579 | repr_shift_ratio=0.0104

Evaluating alpha=0.00970346, seed=3
Checkpoint: outputs/compressibility_adv_robustness/model_one_layer_FC_alpha_0p00970345578465104_seed_3/checkpoints/best.pt
clean_acc=0.9709 | robust_acc=0.9595 | repr_shift_ratio=0.0091

Evaluating alpha=0.00970346, seed=4
Checkpoint: outputs/compressibility_adv_robustness/model_one_layer_FC_alpha_0p00970345578465104_seed_4/checkpoints/best.pt
clean_acc=0.9626 | robust_acc=0.9500 | repr_shift_ratio=0.0112

Evaluating alpha=0.01719065, seed=0
Checkpoint: outputs/compressibility_adv_robustness/model_one_layer_FC_alpha_0p017190647504743226_seed_0/checkpoints/best.pt
clean_acc=0.9634 | robust_acc=0.9492 | repr_shift_ratio=0.0096

Evaluating alpha=0.01719065, seed=1
Checkpoint: outputs/compressibility_adv_robustness/model_one_layer_FC_alpha_0p017190647504743226_seed_1/checkpoints/best.pt
clean_acc=0.9703 | robust_acc=0.9576 | repr_shift_ratio=0.0099

Evaluating alpha=0.01719065, seed=2
Checkpoint: outputs/compressibility_adv_robustness/model_one_layer_FC_alpha_0p017190647504743226_seed_2/checkpoints/best.pt
clean_acc=0.9614 | robust_acc=0.9476 | repr_shift_ratio=0.0096

Evaluating alpha=0.01719065, seed=3
Checkpoint: outputs/compressibility_adv_robustness/model_one_layer_FC_alpha_0p017190647504743226_seed_3/checkpoints/best.pt
clean_acc=0.9682 | robust_acc=0.9572 | repr_shift_ratio=0.0099

Evaluating alpha=0.01719065, seed=4
Checkpoint: outputs/compressibility_adv_robustness/model_one_layer_FC_alpha_0p017190647504743226_seed_4/checkpoints/best.pt
clean_acc=0.9670 | robust_acc=0.9547 | repr_shift_ratio=0.0091

Evaluating alpha=0.03045496, seed=0
Checkpoint: outputs/compressibility_adv_robustness/model_one_layer_FC_alpha_0p030454960396664742_seed_0/checkpoints/best.pt
clean_acc=0.9658 | robust_acc=0.9517 | repr_shift_ratio=0.0090

Evaluating alpha=0.03045496, seed=1
Checkpoint: outputs/compressibility_adv_robustness/model_one_layer_FC_alpha_0p030454960396664742_seed_1/checkpoints/best.pt
clean_acc=0.9611 | robust_acc=0.9476 | repr_shift_ratio=0.0095

Evaluating alpha=0.03045496, seed=2
Checkpoint: outputs/compressibility_adv_robustness/model_one_layer_FC_alpha_0p030454960396664742_seed_2/checkpoints/best.pt
clean_acc=0.9643 | robust_acc=0.9515 | repr_shift_ratio=0.0107

Evaluating alpha=0.03045496, seed=3
Checkpoint: outputs/compressibility_adv_robustness/model_one_layer_FC_alpha_0p030454960396664742_seed_3/checkpoints/best.pt
clean_acc=0.9656 | robust_acc=0.9518 | repr_shift_ratio=0.0086

Evaluating alpha=0.03045496, seed=4
Checkpoint: outputs/compressibility_adv_robustness/model_one_layer_FC_alpha_0p030454960396664742_seed_4/checkpoints/best.pt
clean_acc=0.9642 | robust_acc=0.9504 | repr_shift_ratio=0.0087

Evaluating alpha=0.05395402, seed=0
Checkpoint: outputs/compressibility_adv_robustness/model_one_layer_FC_alpha_0p05395402427433299_seed_0/checkpoints/best.pt
clean_acc=0.9535 | robust_acc=0.9355 | repr_shift_ratio=0.0094

Evaluating alpha=0.05395402, seed=1
Checkpoint: outputs/compressibility_adv_robustness/model_one_layer_FC_alpha_0p05395402427433299_seed_1/checkpoints/best.pt
clean_acc=0.9553 | robust_acc=0.9366 | repr_shift_ratio=0.0091

Evaluating alpha=0.05395402, seed=2
Checkpoint: outputs/compressibility_adv_robustness/model_one_layer_FC_alpha_0p05395402427433299_seed_2/checkpoints/best.pt
clean_acc=0.9521 | robust_acc=0.9329 | repr_shift_ratio=0.0085

Evaluating alpha=0.05395402, seed=3
Checkpoint: outputs/compressibility_adv_robustness/model_one_layer_FC_alpha_0p05395402427433299_seed_3/checkpoints/best.pt
clean_acc=0.9559 | robust_acc=0.9398 | repr_shift_ratio=0.0086

Evaluating alpha=0.05395402, seed=4
Checkpoint: outputs/compressibility_adv_robustness/model_one_layer_FC_alpha_0p05395402427433299_seed_4/checkpoints/best.pt
clean_acc=0.9568 | robust_acc=0.9364 | repr_shift_ratio=0.0085

Evaluating alpha=0.09558498, seed=0
Checkpoint: outputs/compressibility_adv_robustness/model_one_layer_FC_alpha_0p09558497852172912_seed_0/checkpoints/best.pt
clean_acc=0.9395 | robust_acc=0.9182 | repr_shift_ratio=0.0104

Evaluating alpha=0.09558498, seed=1
Checkpoint: outputs/compressibility_adv_robustness/model_one_layer_FC_alpha_0p09558497852172912_seed_1/checkpoints/best.pt
clean_acc=0.9415 | robust_acc=0.9138 | repr_shift_ratio=0.0123

Evaluating alpha=0.09558498, seed=2
Checkpoint: outputs/compressibility_adv_robustness/model_one_layer_FC_alpha_0p09558497852172912_seed_2/checkpoints/best.pt
clean_acc=0.9429 | robust_acc=0.9189 | repr_shift_ratio=0.0102

Evaluating alpha=0.09558498, seed=3
Checkpoint: outputs/compressibility_adv_robustness/model_one_layer_FC_alpha_0p09558497852172912_seed_3/checkpoints/best.pt
clean_acc=0.9428 | robust_acc=0.9222 | repr_shift_ratio=0.0102

Evaluating alpha=0.09558498, seed=4
Checkpoint: outputs/compressibility_adv_robustness/model_one_layer_FC_alpha_0p09558497852172912_seed_4/checkpoints/best.pt
clean_acc=0.9371 | robust_acc=0.9164 | repr_shift_ratio=0.0112

Evaluating alpha=0.16933840, seed=0
Checkpoint: outputs/compressibility_adv_robustness/model_one_layer_FC_alpha_0p16933839953335672_seed_0/checkpoints/best.pt
clean_acc=0.9247 | robust_acc=0.8942 | repr_shift_ratio=0.0101

Evaluating alpha=0.16933840, seed=1
Checkpoint: outputs/compressibility_adv_robustness/model_one_layer_FC_alpha_0p16933839953335672_seed_1/checkpoints/best.pt
clean_acc=0.9224 | robust_acc=0.8937 | repr_shift_ratio=0.0099

Evaluating alpha=0.16933840, seed=2
Checkpoint: outputs/compressibility_adv_robustness/model_one_layer_FC_alpha_0p16933839953335672_seed_2/checkpoints/best.pt
clean_acc=0.9374 | robust_acc=0.9095 | repr_shift_ratio=0.0120

Evaluating alpha=0.16933840, seed=3
Checkpoint: outputs/compressibility_adv_robustness/model_one_layer_FC_alpha_0p16933839953335672_seed_3/checkpoints/best.pt
clean_acc=0.9380 | robust_acc=0.9041 | repr_shift_ratio=0.0132

Evaluating alpha=0.16933840, seed=4
Checkpoint: outputs/compressibility_adv_robustness/model_one_layer_FC_alpha_0p16933839953335672_seed_4/checkpoints/best.pt
clean_acc=0.9364 | robust_acc=0.9077 | repr_shift_ratio=0.0136

Evaluating alpha=0.30000000, seed=0
Checkpoint: outputs/compressibility_adv_robustness/model_one_layer_FC_alpha_0p3_seed_0/checkpoints/best.pt
clean_acc=0.9284 | robust_acc=0.8641 | repr_shift_ratio=0.0220

Evaluating alpha=0.30000000, seed=1
Checkpoint: outputs/compressibility_adv_robustness/model_one_layer_FC_alpha_0p3_seed_1/checkpoints/best.pt
clean_acc=0.9344 | robust_acc=0.8780 | repr_shift_ratio=0.0217

Evaluating alpha=0.30000000, seed=2
Checkpoint: outputs/compressibility_adv_robustness/model_one_layer_FC_alpha_0p3_seed_2/checkpoints/best.pt
clean_acc=0.9236 | robust_acc=0.8867 | repr_shift_ratio=0.0178

Evaluating alpha=0.30000000, seed=3
Checkpoint: outputs/compressibility_adv_robustness/model_one_layer_FC_alpha_0p3_seed_3/checkpoints/best.pt
clean_acc=0.9320 | robust_acc=0.9046 | repr_shift_ratio=0.0116

Evaluating alpha=0.30000000, seed=4
Checkpoint: outputs/compressibility_adv_robustness/model_one_layer_FC_alpha_0p3_seed_4/checkpoints/best.pt
clean_acc=0.9241 | robust_acc=0.8792 | repr_shift_ratio=0.0255

Saved raw results to: outputs/compressibility_adv_robustness/robustness_alpha_sweep/raw_results.json
Saved aggregated results to: outputs/compressibility_adv_robustness/robustness_alpha_sweep/aggregated_results.json
Saved figure to: outputs/compressibility_adv_robustness/robustness_alpha_sweep/std_and_robust_test_accuracy_vs_alpha.png
Saved figure to: outputs/compressibility_adv_robustness/robustness_alpha_sweep/repr_shift_ratio_vs_alpha.png
End time: Thu Mar 12 08:03:59 AM CET 2026
Job finished
