Start time: Sat Mar 14 12:49:08 PM CET 2026
Host: albatros.polytechnique.fr
Sat Mar 14 12:49:08 2026       
+-----------------------------------------------------------------------------------------+
| NVIDIA-SMI 580.126.18             Driver Version: 580.126.18     CUDA Version: 13.0     |
+-----------------------------------------+------------------------+----------------------+
| GPU  Name                 Persistence-M | Bus-Id          Disp.A | Volatile Uncorr. ECC |
| Fan  Temp   Perf          Pwr:Usage/Cap |           Memory-Usage | GPU-Util  Compute M. |
|                                         |                        |               MIG M. |
|=========================================+========================+======================|
|   0  NVIDIA RTX A5000               Off |   00000000:01:00.0 Off |                  Off |
| 42%   59C    P8             33W /  230W |     138MiB /  24564MiB |      0%      Default |
|                                         |                        |                  N/A |
+-----------------------------------------+------------------------+----------------------+

+-----------------------------------------------------------------------------------------+
| Processes:                                                                              |
|  GPU   GI   CI              PID   Type   Process name                        GPU Memory |
|        ID   ID                                                               Usage      |
|=========================================================================================|
|    0   N/A  N/A         1639117      G   /usr/libexec/Xorg                        94MiB |
|    0   N/A  N/A         1639144      G   /usr/bin/gnome-shell                      8MiB |
+-----------------------------------------------------------------------------------------+
cuda available: True
device count: 1
device name: NVIDIA RTX A5000
Using device: cuda
Files already downloaded and verified
Files already downloaded and verified
Files already downloaded and verified

====================================================================================================
Training model for label-noise alpha = 1.000
====================================================================================================
[Epoch 001/200] loss=2.3423 | train_acc(noisy-online)=0.0996 | lr=0.09999
[Epoch 002/200] loss=2.3119 | train_acc(noisy-online)=0.1012 | lr=0.09998
[Epoch 003/200] loss=2.3068 | train_acc(noisy-online)=0.1036 | lr=0.09994
[Epoch 004/200] loss=2.3045 | train_acc(noisy-online)=0.1024 | lr=0.09990
[Epoch 005/200] loss=2.3034 | train_acc(noisy-online)=0.1026 | lr=0.09985
[Epoch 006/200] loss=2.3025 | train_acc(noisy-online)=0.1069 | lr=0.09978
[Epoch 007/200] loss=2.3017 | train_acc(noisy-online)=0.1086 | lr=0.09970
[Epoch 008/200] loss=2.3004 | train_acc(noisy-online)=0.1113 | lr=0.09961
[Epoch 009/200] loss=2.2993 | train_acc(noisy-online)=0.1120 | lr=0.09950
[Epoch 010/200] loss=2.2978 | train_acc(noisy-online)=0.1159 | lr=0.09938
[Epoch 011/200] loss=2.2962 | train_acc(noisy-online)=0.1182 | lr=0.09926
[Epoch 012/200] loss=2.2935 | train_acc(noisy-online)=0.1235 | lr=0.09911
[Epoch 013/200] loss=2.2909 | train_acc(noisy-online)=0.1277 | lr=0.09896
[Epoch 014/200] loss=2.2863 | train_acc(noisy-online)=0.1328 | lr=0.09880
[Epoch 015/200] loss=2.2801 | train_acc(noisy-online)=0.1359 | lr=0.09862
[Epoch 016/200] loss=2.2720 | train_acc(noisy-online)=0.1451 | lr=0.09843
[Epoch 017/200] loss=2.2622 | train_acc(noisy-online)=0.1520 | lr=0.09823
[Epoch 018/200] loss=2.2463 | train_acc(noisy-online)=0.1669 | lr=0.09801
[Epoch 019/200] loss=2.2286 | train_acc(noisy-online)=0.1789 | lr=0.09779
[Epoch 020/200] loss=2.2037 | train_acc(noisy-online)=0.1902 | lr=0.09755
[Epoch 021/200] loss=2.1705 | train_acc(noisy-online)=0.2088 | lr=0.09730
[Epoch 022/200] loss=2.1311 | train_acc(noisy-online)=0.2309 | lr=0.09704
[Epoch 023/200] loss=2.0834 | train_acc(noisy-online)=0.2506 | lr=0.09677
[Epoch 024/200] loss=2.0269 | train_acc(noisy-online)=0.2767 | lr=0.09649
[Epoch 025/200] loss=1.9554 | train_acc(noisy-online)=0.3087 | lr=0.09619
[Epoch 026/200] loss=1.8815 | train_acc(noisy-online)=0.3338 | lr=0.09589
[Epoch 027/200] loss=1.8017 | train_acc(noisy-online)=0.3678 | lr=0.09557
[Epoch 028/200] loss=1.7003 | train_acc(noisy-online)=0.4084 | lr=0.09524
[Epoch 029/200] loss=1.6051 | train_acc(noisy-online)=0.4411 | lr=0.09490
[Epoch 030/200] loss=1.5010 | train_acc(noisy-online)=0.4804 | lr=0.09455
[Epoch 031/200] loss=1.4020 | train_acc(noisy-online)=0.5155 | lr=0.09419
[Epoch 032/200] loss=1.2884 | train_acc(noisy-online)=0.5576 | lr=0.09382
[Epoch 033/200] loss=1.1891 | train_acc(noisy-online)=0.5916 | lr=0.09343
[Epoch 034/200] loss=1.0926 | train_acc(noisy-online)=0.6247 | lr=0.09304
[Epoch 035/200] loss=1.0035 | train_acc(noisy-online)=0.6564 | lr=0.09263
[Epoch 036/200] loss=0.9256 | train_acc(noisy-online)=0.6845 | lr=0.09222
[Epoch 037/200] loss=0.8316 | train_acc(noisy-online)=0.7154 | lr=0.09179
[Epoch 038/200] loss=0.7722 | train_acc(noisy-online)=0.7377 | lr=0.09135
[Epoch 039/200] loss=0.6762 | train_acc(noisy-online)=0.7688 | lr=0.09091
[Epoch 040/200] loss=0.6344 | train_acc(noisy-online)=0.7846 | lr=0.09045
[Epoch 041/200] loss=0.5535 | train_acc(noisy-online)=0.8109 | lr=0.08998
[Epoch 042/200] loss=0.5262 | train_acc(noisy-online)=0.8209 | lr=0.08951
[Epoch 043/200] loss=0.4705 | train_acc(noisy-online)=0.8401 | lr=0.08902
[Epoch 044/200] loss=0.4398 | train_acc(noisy-online)=0.8508 | lr=0.08853
[Epoch 045/200] loss=0.4068 | train_acc(noisy-online)=0.8608 | lr=0.08802
[Epoch 046/200] loss=0.3622 | train_acc(noisy-online)=0.8771 | lr=0.08751
[Epoch 047/200] loss=0.3293 | train_acc(noisy-online)=0.8891 | lr=0.08698
[Epoch 048/200] loss=0.3050 | train_acc(noisy-online)=0.8964 | lr=0.08645
[Epoch 049/200] loss=0.2887 | train_acc(noisy-online)=0.9027 | lr=0.08591
[Epoch 050/200] loss=0.2573 | train_acc(noisy-online)=0.9136 | lr=0.08536
[Epoch 051/200] loss=0.2416 | train_acc(noisy-online)=0.9202 | lr=0.08480
[Epoch 052/200] loss=0.2210 | train_acc(noisy-online)=0.9267 | lr=0.08423
[Epoch 053/200] loss=0.2167 | train_acc(noisy-online)=0.9272 | lr=0.08365
[Epoch 054/200] loss=0.1984 | train_acc(noisy-online)=0.9353 | lr=0.08307
[Epoch 055/200] loss=0.1585 | train_acc(noisy-online)=0.9470 | lr=0.08247
[Epoch 056/200] loss=0.1455 | train_acc(noisy-online)=0.9514 | lr=0.08187
[Epoch 057/200] loss=0.1461 | train_acc(noisy-online)=0.9515 | lr=0.08126
[Epoch 058/200] loss=0.1310 | train_acc(noisy-online)=0.9569 | lr=0.08065
[Epoch 059/200] loss=0.1229 | train_acc(noisy-online)=0.9603 | lr=0.08002
[Epoch 060/200] loss=0.1173 | train_acc(noisy-online)=0.9614 | lr=0.07939
[Epoch 061/200] loss=0.0806 | train_acc(noisy-online)=0.9750 | lr=0.07875
[Epoch 062/200] loss=0.0629 | train_acc(noisy-online)=0.9809 | lr=0.07810
[Epoch 063/200] loss=0.0659 | train_acc(noisy-online)=0.9799 | lr=0.07745
[Epoch 064/200] loss=0.0613 | train_acc(noisy-online)=0.9809 | lr=0.07679
[Epoch 065/200] loss=0.0678 | train_acc(noisy-online)=0.9787 | lr=0.07612
[Epoch 066/200] loss=0.0813 | train_acc(noisy-online)=0.9743 | lr=0.07545
[Epoch 067/200] loss=0.0730 | train_acc(noisy-online)=0.9770 | lr=0.07477
[Epoch 068/200] loss=0.0691 | train_acc(noisy-online)=0.9778 | lr=0.07409
[Epoch 069/200] loss=0.0636 | train_acc(noisy-online)=0.9797 | lr=0.07340
[Epoch 070/200] loss=0.0447 | train_acc(noisy-online)=0.9865 | lr=0.07270
[Epoch 071/200] loss=0.0362 | train_acc(noisy-online)=0.9895 | lr=0.07200
[Epoch 072/200] loss=0.0229 | train_acc(noisy-online)=0.9938 | lr=0.07129
[Epoch 073/200] loss=0.0102 | train_acc(noisy-online)=0.9978 | lr=0.07058
[Epoch 074/200] loss=0.0044 | train_acc(noisy-online)=0.9994 | lr=0.06986
[Epoch 075/200] loss=0.0019 | train_acc(noisy-online)=0.9999 | lr=0.06913
[Epoch 076/200] loss=0.0013 | train_acc(noisy-online)=1.0000 | lr=0.06841
[Epoch 077/200] loss=0.0009 | train_acc(noisy-online)=1.0000 | lr=0.06767
[Epoch 078/200] loss=0.0006 | train_acc(noisy-online)=1.0000 | lr=0.06694
[Epoch 079/200] loss=0.0005 | train_acc(noisy-online)=1.0000 | lr=0.06620
[Epoch 080/200] loss=0.0006 | train_acc(noisy-online)=1.0000 | lr=0.06545
[Epoch 081/200] loss=0.0006 | train_acc(noisy-online)=1.0000 | lr=0.06470
[Epoch 082/200] loss=0.0004 | train_acc(noisy-online)=1.0000 | lr=0.06395
[Epoch 083/200] loss=0.0004 | train_acc(noisy-online)=1.0000 | lr=0.06319
[Epoch 084/200] loss=0.0004 | train_acc(noisy-online)=1.0000 | lr=0.06243
[Epoch 085/200] loss=0.0003 | train_acc(noisy-online)=1.0000 | lr=0.06167
[Epoch 086/200] loss=0.0003 | train_acc(noisy-online)=1.0000 | lr=0.06091
[Epoch 087/200] loss=0.0003 | train_acc(noisy-online)=1.0000 | lr=0.06014
[Epoch 088/200] loss=0.0002 | train_acc(noisy-online)=1.0000 | lr=0.05937
[Epoch 089/200] loss=0.0002 | train_acc(noisy-online)=1.0000 | lr=0.05860
[Epoch 090/200] loss=0.0003 | train_acc(noisy-online)=1.0000 | lr=0.05782
[Epoch 091/200] loss=0.0002 | train_acc(noisy-online)=1.0000 | lr=0.05705
[Epoch 092/200] loss=0.0002 | train_acc(noisy-online)=1.0000 | lr=0.05627
[Epoch 093/200] loss=0.0002 | train_acc(noisy-online)=1.0000 | lr=0.05549
[Epoch 094/200] loss=0.0002 | train_acc(noisy-online)=1.0000 | lr=0.05471
[Epoch 095/200] loss=0.0002 | train_acc(noisy-online)=1.0000 | lr=0.05392
[Epoch 096/200] loss=0.0003 | train_acc(noisy-online)=1.0000 | lr=0.05314
[Epoch 097/200] loss=0.0002 | train_acc(noisy-online)=1.0000 | lr=0.05236
[Epoch 098/200] loss=0.0002 | train_acc(noisy-online)=1.0000 | lr=0.05157
[Epoch 099/200] loss=0.0002 | train_acc(noisy-online)=1.0000 | lr=0.05079
[Epoch 100/200] loss=0.0002 | train_acc(noisy-online)=1.0000 | lr=0.05000
[Epoch 101/200] loss=0.0002 | train_acc(noisy-online)=1.0000 | lr=0.04921
[Epoch 102/200] loss=0.0002 | train_acc(noisy-online)=1.0000 | lr=0.04843
[Epoch 103/200] loss=0.0001 | train_acc(noisy-online)=1.0000 | lr=0.04764
[Epoch 104/200] loss=0.0001 | train_acc(noisy-online)=1.0000 | lr=0.04686
[Epoch 105/200] loss=0.0002 | train_acc(noisy-online)=1.0000 | lr=0.04608
[Epoch 106/200] loss=0.0002 | train_acc(noisy-online)=1.0000 | lr=0.04529
[Epoch 107/200] loss=0.0001 | train_acc(noisy-online)=1.0000 | lr=0.04451
[Epoch 108/200] loss=0.0001 | train_acc(noisy-online)=1.0000 | lr=0.04373
[Epoch 109/200] loss=0.0002 | train_acc(noisy-online)=1.0000 | lr=0.04295
[Epoch 110/200] loss=0.0001 | train_acc(noisy-online)=1.0000 | lr=0.04218
[Epoch 111/200] loss=0.0001 | train_acc(noisy-online)=1.0000 | lr=0.04140
[Epoch 112/200] loss=0.0001 | train_acc(noisy-online)=1.0000 | lr=0.04063
[Epoch 113/200] loss=0.0001 | train_acc(noisy-online)=1.0000 | lr=0.03986
[Epoch 114/200] loss=0.0001 | train_acc(noisy-online)=1.0000 | lr=0.03909
[Epoch 115/200] loss=0.0001 | train_acc(noisy-online)=1.0000 | lr=0.03833
[Epoch 116/200] loss=0.0001 | train_acc(noisy-online)=1.0000 | lr=0.03757
[Epoch 117/200] loss=0.0001 | train_acc(noisy-online)=1.0000 | lr=0.03681
[Epoch 118/200] loss=0.0001 | train_acc(noisy-online)=1.0000 | lr=0.03605
[Epoch 119/200] loss=0.0002 | train_acc(noisy-online)=1.0000 | lr=0.03530
[Epoch 120/200] loss=0.0001 | train_acc(noisy-online)=1.0000 | lr=0.03455
[Epoch 121/200] loss=0.0002 | train_acc(noisy-online)=1.0000 | lr=0.03380
[Epoch 122/200] loss=0.0001 | train_acc(noisy-online)=1.0000 | lr=0.03306
[Epoch 123/200] loss=0.0001 | train_acc(noisy-online)=1.0000 | lr=0.03233
[Epoch 124/200] loss=0.0001 | train_acc(noisy-online)=1.0000 | lr=0.03159
[Epoch 125/200] loss=0.0001 | train_acc(noisy-online)=1.0000 | lr=0.03087
[Epoch 126/200] loss=0.0001 | train_acc(noisy-online)=1.0000 | lr=0.03014
[Epoch 127/200] loss=0.0001 | train_acc(noisy-online)=1.0000 | lr=0.02942
[Epoch 128/200] loss=0.0001 | train_acc(noisy-online)=1.0000 | lr=0.02871
[Epoch 129/200] loss=0.0001 | train_acc(noisy-online)=1.0000 | lr=0.02800
[Epoch 130/200] loss=0.0001 | train_acc(noisy-online)=1.0000 | lr=0.02730
[Epoch 131/200] loss=0.0001 | train_acc(noisy-online)=1.0000 | lr=0.02660
[Epoch 132/200] loss=0.0001 | train_acc(noisy-online)=1.0000 | lr=0.02591
[Epoch 133/200] loss=0.0001 | train_acc(noisy-online)=1.0000 | lr=0.02523
[Epoch 134/200] loss=0.0002 | train_acc(noisy-online)=1.0000 | lr=0.02455
[Epoch 135/200] loss=0.0001 | train_acc(noisy-online)=1.0000 | lr=0.02388
[Epoch 136/200] loss=0.0001 | train_acc(noisy-online)=1.0000 | lr=0.02321
[Epoch 137/200] loss=0.0001 | train_acc(noisy-online)=1.0000 | lr=0.02255
[Epoch 138/200] loss=0.0001 | train_acc(noisy-online)=1.0000 | lr=0.02190
[Epoch 139/200] loss=0.0001 | train_acc(noisy-online)=1.0000 | lr=0.02125
[Epoch 140/200] loss=0.0001 | train_acc(noisy-online)=1.0000 | lr=0.02061
[Epoch 141/200] loss=0.0001 | train_acc(noisy-online)=1.0000 | lr=0.01998
[Epoch 142/200] loss=0.0001 | train_acc(noisy-online)=1.0000 | lr=0.01935
[Epoch 143/200] loss=0.0002 | train_acc(noisy-online)=1.0000 | lr=0.01874
[Epoch 144/200] loss=0.0001 | train_acc(noisy-online)=1.0000 | lr=0.01813
[Epoch 145/200] loss=0.0001 | train_acc(noisy-online)=1.0000 | lr=0.01753
[Epoch 146/200] loss=0.0001 | train_acc(noisy-online)=1.0000 | lr=0.01693
[Epoch 147/200] loss=0.0001 | train_acc(noisy-online)=1.0000 | lr=0.01635
[Epoch 148/200] loss=0.0001 | train_acc(noisy-online)=1.0000 | lr=0.01577
[Epoch 149/200] loss=0.0001 | train_acc(noisy-online)=1.0000 | lr=0.01520
[Epoch 150/200] loss=0.0001 | train_acc(noisy-online)=1.0000 | lr=0.01464
[Epoch 151/200] loss=0.0001 | train_acc(noisy-online)=1.0000 | lr=0.01409
[Epoch 152/200] loss=0.0001 | train_acc(noisy-online)=1.0000 | lr=0.01355
[Epoch 153/200] loss=0.0001 | train_acc(noisy-online)=1.0000 | lr=0.01302
[Epoch 154/200] loss=0.0001 | train_acc(noisy-online)=1.0000 | lr=0.01249
[Epoch 155/200] loss=0.0001 | train_acc(noisy-online)=1.0000 | lr=0.01198
[Epoch 156/200] loss=0.0001 | train_acc(noisy-online)=1.0000 | lr=0.01147
[Epoch 157/200] loss=0.0001 | train_acc(noisy-online)=1.0000 | lr=0.01098
[Epoch 158/200] loss=0.0001 | train_acc(noisy-online)=1.0000 | lr=0.01049
[Epoch 159/200] loss=0.0001 | train_acc(noisy-online)=1.0000 | lr=0.01002
[Epoch 160/200] loss=0.0001 | train_acc(noisy-online)=1.0000 | lr=0.00955
[Epoch 161/200] loss=0.0001 | train_acc(noisy-online)=1.0000 | lr=0.00909
[Epoch 162/200] loss=0.0001 | train_acc(noisy-online)=1.0000 | lr=0.00865
[Epoch 163/200] loss=0.0001 | train_acc(noisy-online)=1.0000 | lr=0.00821
[Epoch 164/200] loss=0.0001 | train_acc(noisy-online)=1.0000 | lr=0.00778
[Epoch 165/200] loss=0.0001 | train_acc(noisy-online)=1.0000 | lr=0.00737
[Epoch 166/200] loss=0.0001 | train_acc(noisy-online)=1.0000 | lr=0.00696
[Epoch 167/200] loss=0.0001 | train_acc(noisy-online)=1.0000 | lr=0.00657
[Epoch 168/200] loss=0.0001 | train_acc(noisy-online)=1.0000 | lr=0.00618
[Epoch 169/200] loss=0.0001 | train_acc(noisy-online)=1.0000 | lr=0.00581
[Epoch 170/200] loss=0.0001 | train_acc(noisy-online)=1.0000 | lr=0.00545
[Epoch 171/200] loss=0.0001 | train_acc(noisy-online)=1.0000 | lr=0.00510
[Epoch 172/200] loss=0.0001 | train_acc(noisy-online)=1.0000 | lr=0.00476
[Epoch 173/200] loss=0.0001 | train_acc(noisy-online)=1.0000 | lr=0.00443
[Epoch 174/200] loss=0.0001 | train_acc(noisy-online)=1.0000 | lr=0.00411
[Epoch 175/200] loss=0.0001 | train_acc(noisy-online)=1.0000 | lr=0.00381
[Epoch 176/200] loss=0.0001 | train_acc(noisy-online)=1.0000 | lr=0.00351
[Epoch 177/200] loss=0.0001 | train_acc(noisy-online)=1.0000 | lr=0.00323
[Epoch 178/200] loss=0.0001 | train_acc(noisy-online)=1.0000 | lr=0.00296
[Epoch 179/200] loss=0.0001 | train_acc(noisy-online)=1.0000 | lr=0.00270
[Epoch 180/200] loss=0.0001 | train_acc(noisy-online)=1.0000 | lr=0.00245
[Epoch 181/200] loss=0.0001 | train_acc(noisy-online)=1.0000 | lr=0.00221
[Epoch 182/200] loss=0.0001 | train_acc(noisy-online)=1.0000 | lr=0.00199
[Epoch 183/200] loss=0.0001 | train_acc(noisy-online)=1.0000 | lr=0.00177
[Epoch 184/200] loss=0.0001 | train_acc(noisy-online)=1.0000 | lr=0.00157
[Epoch 185/200] loss=0.0001 | train_acc(noisy-online)=1.0000 | lr=0.00138
[Epoch 186/200] loss=0.0001 | train_acc(noisy-online)=1.0000 | lr=0.00120
[Epoch 187/200] loss=0.0001 | train_acc(noisy-online)=1.0000 | lr=0.00104
[Epoch 188/200] loss=0.0001 | train_acc(noisy-online)=1.0000 | lr=0.00089
[Epoch 189/200] loss=0.0001 | train_acc(noisy-online)=1.0000 | lr=0.00074
[Epoch 190/200] loss=0.0001 | train_acc(noisy-online)=1.0000 | lr=0.00062
[Epoch 191/200] loss=0.0001 | train_acc(noisy-online)=1.0000 | lr=0.00050
[Epoch 192/200] loss=0.0001 | train_acc(noisy-online)=1.0000 | lr=0.00039
[Epoch 193/200] loss=0.0001 | train_acc(noisy-online)=1.0000 | lr=0.00030
[Epoch 194/200] loss=0.0001 | train_acc(noisy-online)=1.0000 | lr=0.00022
[Epoch 195/200] loss=0.0001 | train_acc(noisy-online)=1.0000 | lr=0.00015
[Epoch 196/200] loss=0.0001 | train_acc(noisy-online)=1.0000 | lr=0.00010
[Epoch 197/200] loss=0.0001 | train_acc(noisy-online)=1.0000 | lr=0.00006
[Epoch 198/200] loss=0.0001 | train_acc(noisy-online)=1.0000 | lr=0.00002
[Epoch 199/200] loss=0.0001 | train_acc(noisy-online)=1.0000 | lr=0.00001
[Epoch 200/200] loss=0.0001 | train_acc(noisy-online)=1.0000 | lr=0.00000
[alpha=1.000] train_acc=1.0000 | test_acc=0.1029 | overfit_rate=0.8971
    pruning_ratio=0.000 | train_acc_pruned=1.0000 | retained_train_acc=1.0000
    pruning_ratio=0.100 | train_acc_pruned=1.0000 | retained_train_acc=1.0000
    pruning_ratio=0.200 | train_acc_pruned=1.0000 | retained_train_acc=1.0000
    pruning_ratio=0.300 | train_acc_pruned=0.9974 | retained_train_acc=0.9974
    pruning_ratio=0.400 | train_acc_pruned=0.9062 | retained_train_acc=0.9062
    pruning_ratio=0.500 | train_acc_pruned=0.7173 | retained_train_acc=0.7173
    pruning_ratio=0.600 | train_acc_pruned=0.4219 | retained_train_acc=0.4219
    pruning_ratio=0.700 | train_acc_pruned=0.1699 | retained_train_acc=0.1699
    pruning_ratio=0.750 | train_acc_pruned=0.1291 | retained_train_acc=0.1291
    pruning_ratio=0.800 | train_acc_pruned=0.1071 | retained_train_acc=0.1071
    pruning_ratio=0.850 | train_acc_pruned=0.1039 | retained_train_acc=0.1039
    pruning_ratio=0.900 | train_acc_pruned=0.1009 | retained_train_acc=0.1009
    pruning_ratio=0.950 | train_acc_pruned=0.0998 | retained_train_acc=0.0998
    pruning_ratio=0.980 | train_acc_pruned=0.0996 | retained_train_acc=0.0996
    pruning_ratio=0.990 | train_acc_pruned=0.1000 | retained_train_acc=0.1000

====================================================================================================
Training model for label-noise alpha = 0.800
====================================================================================================
[Epoch 001/200] loss=2.3222 | train_acc(noisy-online)=0.1244 | lr=0.09999
[Epoch 002/200] loss=2.2906 | train_acc(noisy-online)=0.1418 | lr=0.09998
[Epoch 003/200] loss=2.2822 | train_acc(noisy-online)=0.1485 | lr=0.09994
[Epoch 004/200] loss=2.2770 | train_acc(noisy-online)=0.1580 | lr=0.09990
[Epoch 005/200] loss=2.2714 | train_acc(noisy-online)=0.1652 | lr=0.09985
[Epoch 006/200] loss=2.2664 | train_acc(noisy-online)=0.1716 | lr=0.09978
[Epoch 007/200] loss=2.2599 | train_acc(noisy-online)=0.1784 | lr=0.09970
[Epoch 008/200] loss=2.2531 | train_acc(noisy-online)=0.1846 | lr=0.09961
[Epoch 009/200] loss=2.2456 | train_acc(noisy-online)=0.1880 | lr=0.09950
[Epoch 010/200] loss=2.2349 | train_acc(noisy-online)=0.1977 | lr=0.09938
[Epoch 011/200] loss=2.2231 | train_acc(noisy-online)=0.2017 | lr=0.09926
[Epoch 012/200] loss=2.2076 | train_acc(noisy-online)=0.2104 | lr=0.09911
[Epoch 013/200] loss=2.1910 | train_acc(noisy-online)=0.2168 | lr=0.09896
[Epoch 014/200] loss=2.1658 | train_acc(noisy-online)=0.2300 | lr=0.09880
[Epoch 015/200] loss=2.1399 | train_acc(noisy-online)=0.2420 | lr=0.09862
[Epoch 016/200] loss=2.1038 | train_acc(noisy-online)=0.2559 | lr=0.09843
[Epoch 017/200] loss=2.0625 | train_acc(noisy-online)=0.2743 | lr=0.09823
[Epoch 018/200] loss=2.0151 | train_acc(noisy-online)=0.2918 | lr=0.09801
[Epoch 019/200] loss=1.9576 | train_acc(noisy-online)=0.3157 | lr=0.09779
[Epoch 020/200] loss=1.8880 | train_acc(noisy-online)=0.3456 | lr=0.09755
[Epoch 021/200] loss=1.8137 | train_acc(noisy-online)=0.3711 | lr=0.09730
[Epoch 022/200] loss=1.7407 | train_acc(noisy-online)=0.3957 | lr=0.09704
[Epoch 023/200] loss=1.6450 | train_acc(noisy-online)=0.4333 | lr=0.09677
[Epoch 024/200] loss=1.5515 | train_acc(noisy-online)=0.4663 | lr=0.09649
[Epoch 025/200] loss=1.4553 | train_acc(noisy-online)=0.4991 | lr=0.09619
[Epoch 026/200] loss=1.3505 | train_acc(noisy-online)=0.5349 | lr=0.09589
[Epoch 027/200] loss=1.2587 | train_acc(noisy-online)=0.5673 | lr=0.09557
[Epoch 028/200] loss=1.1545 | train_acc(noisy-online)=0.6042 | lr=0.09524
[Epoch 029/200] loss=1.0732 | train_acc(noisy-online)=0.6315 | lr=0.09490
[Epoch 030/200] loss=0.9771 | train_acc(noisy-online)=0.6691 | lr=0.09455
[Epoch 031/200] loss=0.8823 | train_acc(noisy-online)=0.6998 | lr=0.09419
[Epoch 032/200] loss=0.8161 | train_acc(noisy-online)=0.7236 | lr=0.09382
[Epoch 033/200] loss=0.7359 | train_acc(noisy-online)=0.7495 | lr=0.09343
[Epoch 034/200] loss=0.6715 | train_acc(noisy-online)=0.7705 | lr=0.09304
[Epoch 035/200] loss=0.6313 | train_acc(noisy-online)=0.7842 | lr=0.09263
[Epoch 036/200] loss=0.5563 | train_acc(noisy-online)=0.8115 | lr=0.09222
[Epoch 037/200] loss=0.5261 | train_acc(noisy-online)=0.8199 | lr=0.09179
[Epoch 038/200] loss=0.4734 | train_acc(noisy-online)=0.8392 | lr=0.09135
[Epoch 039/200] loss=0.4201 | train_acc(noisy-online)=0.8576 | lr=0.09091
[Epoch 040/200] loss=0.3990 | train_acc(noisy-online)=0.8638 | lr=0.09045
[Epoch 041/200] loss=0.3589 | train_acc(noisy-online)=0.8779 | lr=0.08998
[Epoch 042/200] loss=0.3368 | train_acc(noisy-online)=0.8860 | lr=0.08951
[Epoch 043/200] loss=0.3110 | train_acc(noisy-online)=0.8939 | lr=0.08902
[Epoch 044/200] loss=0.2740 | train_acc(noisy-online)=0.9086 | lr=0.08853
[Epoch 045/200] loss=0.2603 | train_acc(noisy-online)=0.9115 | lr=0.08802
[Epoch 046/200] loss=0.2484 | train_acc(noisy-online)=0.9167 | lr=0.08751
[Epoch 047/200] loss=0.2280 | train_acc(noisy-online)=0.9225 | lr=0.08698
[Epoch 048/200] loss=0.2078 | train_acc(noisy-online)=0.9313 | lr=0.08645
[Epoch 049/200] loss=0.2082 | train_acc(noisy-online)=0.9298 | lr=0.08591
[Epoch 050/200] loss=0.1742 | train_acc(noisy-online)=0.9423 | lr=0.08536
[Epoch 051/200] loss=0.1453 | train_acc(noisy-online)=0.9520 | lr=0.08480
[Epoch 052/200] loss=0.1383 | train_acc(noisy-online)=0.9532 | lr=0.08423
[Epoch 053/200] loss=0.1522 | train_acc(noisy-online)=0.9491 | lr=0.08365
[Epoch 054/200] loss=0.1504 | train_acc(noisy-online)=0.9494 | lr=0.08307
[Epoch 055/200] loss=0.1322 | train_acc(noisy-online)=0.9567 | lr=0.08247
[Epoch 056/200] loss=0.1060 | train_acc(noisy-online)=0.9649 | lr=0.08187
[Epoch 057/200] loss=0.0951 | train_acc(noisy-online)=0.9684 | lr=0.08126
[Epoch 058/200] loss=0.0813 | train_acc(noisy-online)=0.9733 | lr=0.08065
[Epoch 059/200] loss=0.0877 | train_acc(noisy-online)=0.9724 | lr=0.08002
[Epoch 060/200] loss=0.0893 | train_acc(noisy-online)=0.9703 | lr=0.07939
[Epoch 061/200] loss=0.0820 | train_acc(noisy-online)=0.9733 | lr=0.07875
[Epoch 062/200] loss=0.0734 | train_acc(noisy-online)=0.9773 | lr=0.07810
[Epoch 063/200] loss=0.0690 | train_acc(noisy-online)=0.9777 | lr=0.07745
[Epoch 064/200] loss=0.0593 | train_acc(noisy-online)=0.9810 | lr=0.07679
[Epoch 065/200] loss=0.0475 | train_acc(noisy-online)=0.9850 | lr=0.07612
[Epoch 066/200] loss=0.0387 | train_acc(noisy-online)=0.9884 | lr=0.07545
[Epoch 067/200] loss=0.0245 | train_acc(noisy-online)=0.9930 | lr=0.07477
[Epoch 068/200] loss=0.0152 | train_acc(noisy-online)=0.9961 | lr=0.07409
[Epoch 069/200] loss=0.0061 | train_acc(noisy-online)=0.9987 | lr=0.07340
[Epoch 070/200] loss=0.0021 | train_acc(noisy-online)=0.9998 | lr=0.07270
[Epoch 071/200] loss=0.0010 | train_acc(noisy-online)=1.0000 | lr=0.07200
[Epoch 072/200] loss=0.0007 | train_acc(noisy-online)=1.0000 | lr=0.07129
[Epoch 073/200] loss=0.0005 | train_acc(noisy-online)=1.0000 | lr=0.07058
[Epoch 074/200] loss=0.0004 | train_acc(noisy-online)=1.0000 | lr=0.06986
[Epoch 075/200] loss=0.0003 | train_acc(noisy-online)=1.0000 | lr=0.06913
[Epoch 076/200] loss=0.0003 | train_acc(noisy-online)=1.0000 | lr=0.06841
[Epoch 077/200] loss=0.0003 | train_acc(noisy-online)=1.0000 | lr=0.06767
[Epoch 078/200] loss=0.0002 | train_acc(noisy-online)=1.0000 | lr=0.06694
[Epoch 079/200] loss=0.0002 | train_acc(noisy-online)=1.0000 | lr=0.06620
[Epoch 080/200] loss=0.0002 | train_acc(noisy-online)=1.0000 | lr=0.06545
[Epoch 081/200] loss=0.0002 | train_acc(noisy-online)=1.0000 | lr=0.06470
[Epoch 082/200] loss=0.0002 | train_acc(noisy-online)=1.0000 | lr=0.06395
[Epoch 083/200] loss=0.0002 | train_acc(noisy-online)=1.0000 | lr=0.06319
[Epoch 084/200] loss=0.0002 | train_acc(noisy-online)=1.0000 | lr=0.06243
[Epoch 085/200] loss=0.0002 | train_acc(noisy-online)=1.0000 | lr=0.06167
[Epoch 086/200] loss=0.0002 | train_acc(noisy-online)=1.0000 | lr=0.06091
[Epoch 087/200] loss=0.0002 | train_acc(noisy-online)=1.0000 | lr=0.06014
[Epoch 088/200] loss=0.0001 | train_acc(noisy-online)=1.0000 | lr=0.05937
[Epoch 089/200] loss=0.0001 | train_acc(noisy-online)=1.0000 | lr=0.05860
[Epoch 090/200] loss=0.0001 | train_acc(noisy-online)=1.0000 | lr=0.05782
[Epoch 091/200] loss=0.0001 | train_acc(noisy-online)=1.0000 | lr=0.05705
[Epoch 092/200] loss=0.0001 | train_acc(noisy-online)=1.0000 | lr=0.05627
[Epoch 093/200] loss=0.0001 | train_acc(noisy-online)=1.0000 | lr=0.05549
[Epoch 094/200] loss=0.0001 | train_acc(noisy-online)=1.0000 | lr=0.05471
[Epoch 095/200] loss=0.0001 | train_acc(noisy-online)=1.0000 | lr=0.05392
[Epoch 096/200] loss=0.0001 | train_acc(noisy-online)=1.0000 | lr=0.05314
[Epoch 097/200] loss=0.0001 | train_acc(noisy-online)=1.0000 | lr=0.05236
[Epoch 098/200] loss=0.0001 | train_acc(noisy-online)=1.0000 | lr=0.05157
[Epoch 099/200] loss=0.0001 | train_acc(noisy-online)=1.0000 | lr=0.05079
[Epoch 100/200] loss=0.0001 | train_acc(noisy-online)=1.0000 | lr=0.05000
[Epoch 101/200] loss=0.0001 | train_acc(noisy-online)=1.0000 | lr=0.04921
[Epoch 102/200] loss=0.0001 | train_acc(noisy-online)=1.0000 | lr=0.04843
[Epoch 103/200] loss=0.0001 | train_acc(noisy-online)=1.0000 | lr=0.04764
[Epoch 104/200] loss=0.0001 | train_acc(noisy-online)=1.0000 | lr=0.04686
[Epoch 105/200] loss=0.0001 | train_acc(noisy-online)=1.0000 | lr=0.04608
[Epoch 106/200] loss=0.0001 | train_acc(noisy-online)=1.0000 | lr=0.04529
[Epoch 107/200] loss=0.0001 | train_acc(noisy-online)=1.0000 | lr=0.04451
[Epoch 108/200] loss=0.0001 | train_acc(noisy-online)=1.0000 | lr=0.04373
[Epoch 109/200] loss=0.0001 | train_acc(noisy-online)=1.0000 | lr=0.04295
[Epoch 110/200] loss=0.0001 | train_acc(noisy-online)=1.0000 | lr=0.04218
[Epoch 111/200] loss=0.0001 | train_acc(noisy-online)=1.0000 | lr=0.04140
[Epoch 112/200] loss=0.0001 | train_acc(noisy-online)=1.0000 | lr=0.04063
[Epoch 113/200] loss=0.0001 | train_acc(noisy-online)=1.0000 | lr=0.03986
[Epoch 114/200] loss=0.0001 | train_acc(noisy-online)=1.0000 | lr=0.03909
[Epoch 115/200] loss=0.0001 | train_acc(noisy-online)=1.0000 | lr=0.03833
[Epoch 116/200] loss=0.0001 | train_acc(noisy-online)=1.0000 | lr=0.03757
[Epoch 117/200] loss=0.0001 | train_acc(noisy-online)=1.0000 | lr=0.03681
[Epoch 118/200] loss=0.0001 | train_acc(noisy-online)=1.0000 | lr=0.03605
[Epoch 119/200] loss=0.0001 | train_acc(noisy-online)=1.0000 | lr=0.03530
[Epoch 120/200] loss=0.0001 | train_acc(noisy-online)=1.0000 | lr=0.03455
[Epoch 121/200] loss=0.0001 | train_acc(noisy-online)=1.0000 | lr=0.03380
[Epoch 122/200] loss=0.0001 | train_acc(noisy-online)=1.0000 | lr=0.03306
[Epoch 123/200] loss=0.0001 | train_acc(noisy-online)=1.0000 | lr=0.03233
[Epoch 124/200] loss=0.0001 | train_acc(noisy-online)=1.0000 | lr=0.03159
[Epoch 125/200] loss=0.0001 | train_acc(noisy-online)=1.0000 | lr=0.03087
[Epoch 126/200] loss=0.0001 | train_acc(noisy-online)=1.0000 | lr=0.03014
[Epoch 127/200] loss=0.0001 | train_acc(noisy-online)=1.0000 | lr=0.02942
[Epoch 128/200] loss=0.0001 | train_acc(noisy-online)=1.0000 | lr=0.02871
[Epoch 129/200] loss=0.0001 | train_acc(noisy-online)=1.0000 | lr=0.02800
[Epoch 130/200] loss=0.0001 | train_acc(noisy-online)=1.0000 | lr=0.02730
[Epoch 131/200] loss=0.0001 | train_acc(noisy-online)=1.0000 | lr=0.02660
[Epoch 132/200] loss=0.0001 | train_acc(noisy-online)=1.0000 | lr=0.02591
[Epoch 133/200] loss=0.0001 | train_acc(noisy-online)=1.0000 | lr=0.02523
[Epoch 134/200] loss=0.0001 | train_acc(noisy-online)=1.0000 | lr=0.02455
[Epoch 135/200] loss=0.0001 | train_acc(noisy-online)=1.0000 | lr=0.02388
[Epoch 136/200] loss=0.0001 | train_acc(noisy-online)=1.0000 | lr=0.02321
[Epoch 137/200] loss=0.0001 | train_acc(noisy-online)=1.0000 | lr=0.02255
[Epoch 138/200] loss=0.0001 | train_acc(noisy-online)=1.0000 | lr=0.02190
[Epoch 139/200] loss=0.0001 | train_acc(noisy-online)=1.0000 | lr=0.02125
[Epoch 140/200] loss=0.0001 | train_acc(noisy-online)=1.0000 | lr=0.02061
[Epoch 141/200] loss=0.0001 | train_acc(noisy-online)=1.0000 | lr=0.01998
[Epoch 142/200] loss=0.0001 | train_acc(noisy-online)=1.0000 | lr=0.01935
[Epoch 143/200] loss=0.0001 | train_acc(noisy-online)=1.0000 | lr=0.01874
[Epoch 144/200] loss=0.0001 | train_acc(noisy-online)=1.0000 | lr=0.01813
[Epoch 145/200] loss=0.0001 | train_acc(noisy-online)=1.0000 | lr=0.01753
[Epoch 146/200] loss=0.0001 | train_acc(noisy-online)=1.0000 | lr=0.01693
[Epoch 147/200] loss=0.0001 | train_acc(noisy-online)=1.0000 | lr=0.01635
[Epoch 148/200] loss=0.0001 | train_acc(noisy-online)=1.0000 | lr=0.01577
[Epoch 149/200] loss=0.0001 | train_acc(noisy-online)=1.0000 | lr=0.01520
[Epoch 150/200] loss=0.0001 | train_acc(noisy-online)=1.0000 | lr=0.01464
[Epoch 151/200] loss=0.0001 | train_acc(noisy-online)=1.0000 | lr=0.01409
[Epoch 152/200] loss=0.0001 | train_acc(noisy-online)=1.0000 | lr=0.01355
[Epoch 153/200] loss=0.0001 | train_acc(noisy-online)=1.0000 | lr=0.01302
[Epoch 154/200] loss=0.0001 | train_acc(noisy-online)=1.0000 | lr=0.01249
[Epoch 155/200] loss=0.0001 | train_acc(noisy-online)=1.0000 | lr=0.01198
[Epoch 156/200] loss=0.0001 | train_acc(noisy-online)=1.0000 | lr=0.01147
[Epoch 157/200] loss=0.0001 | train_acc(noisy-online)=1.0000 | lr=0.01098
[Epoch 158/200] loss=0.0001 | train_acc(noisy-online)=1.0000 | lr=0.01049
[Epoch 159/200] loss=0.0001 | train_acc(noisy-online)=1.0000 | lr=0.01002
[Epoch 160/200] loss=0.0001 | train_acc(noisy-online)=1.0000 | lr=0.00955
[Epoch 161/200] loss=0.0001 | train_acc(noisy-online)=1.0000 | lr=0.00909
[Epoch 162/200] loss=0.0001 | train_acc(noisy-online)=1.0000 | lr=0.00865
[Epoch 163/200] loss=0.0001 | train_acc(noisy-online)=1.0000 | lr=0.00821
[Epoch 164/200] loss=0.0001 | train_acc(noisy-online)=1.0000 | lr=0.00778
[Epoch 165/200] loss=0.0001 | train_acc(noisy-online)=1.0000 | lr=0.00737
[Epoch 166/200] loss=0.0001 | train_acc(noisy-online)=1.0000 | lr=0.00696
[Epoch 167/200] loss=0.0001 | train_acc(noisy-online)=1.0000 | lr=0.00657
[Epoch 168/200] loss=0.0001 | train_acc(noisy-online)=1.0000 | lr=0.00618
[Epoch 169/200] loss=0.0001 | train_acc(noisy-online)=1.0000 | lr=0.00581
[Epoch 170/200] loss=0.0001 | train_acc(noisy-online)=1.0000 | lr=0.00545
[Epoch 171/200] loss=0.0001 | train_acc(noisy-online)=1.0000 | lr=0.00510
[Epoch 172/200] loss=0.0001 | train_acc(noisy-online)=1.0000 | lr=0.00476
[Epoch 173/200] loss=0.0001 | train_acc(noisy-online)=1.0000 | lr=0.00443
[Epoch 174/200] loss=0.0001 | train_acc(noisy-online)=1.0000 | lr=0.00411
[Epoch 175/200] loss=0.0001 | train_acc(noisy-online)=1.0000 | lr=0.00381
[Epoch 176/200] loss=0.0001 | train_acc(noisy-online)=1.0000 | lr=0.00351
[Epoch 177/200] loss=0.0001 | train_acc(noisy-online)=1.0000 | lr=0.00323
[Epoch 178/200] loss=0.0001 | train_acc(noisy-online)=1.0000 | lr=0.00296
[Epoch 179/200] loss=0.0001 | train_acc(noisy-online)=1.0000 | lr=0.00270
[Epoch 180/200] loss=0.0001 | train_acc(noisy-online)=1.0000 | lr=0.00245
[Epoch 181/200] loss=0.0001 | train_acc(noisy-online)=1.0000 | lr=0.00221
[Epoch 182/200] loss=0.0001 | train_acc(noisy-online)=1.0000 | lr=0.00199
[Epoch 183/200] loss=0.0001 | train_acc(noisy-online)=1.0000 | lr=0.00177
[Epoch 184/200] loss=0.0001 | train_acc(noisy-online)=1.0000 | lr=0.00157
[Epoch 185/200] loss=0.0001 | train_acc(noisy-online)=1.0000 | lr=0.00138
[Epoch 186/200] loss=0.0001 | train_acc(noisy-online)=1.0000 | lr=0.00120
[Epoch 187/200] loss=0.0001 | train_acc(noisy-online)=1.0000 | lr=0.00104
[Epoch 188/200] loss=0.0001 | train_acc(noisy-online)=1.0000 | lr=0.00089
[Epoch 189/200] loss=0.0001 | train_acc(noisy-online)=1.0000 | lr=0.00074
[Epoch 190/200] loss=0.0001 | train_acc(noisy-online)=1.0000 | lr=0.00062
[Epoch 191/200] loss=0.0001 | train_acc(noisy-online)=1.0000 | lr=0.00050
[Epoch 192/200] loss=0.0001 | train_acc(noisy-online)=1.0000 | lr=0.00039
[Epoch 193/200] loss=0.0001 | train_acc(noisy-online)=1.0000 | lr=0.00030
[Epoch 194/200] loss=0.0001 | train_acc(noisy-online)=1.0000 | lr=0.00022
[Epoch 195/200] loss=0.0001 | train_acc(noisy-online)=1.0000 | lr=0.00015
[Epoch 196/200] loss=0.0001 | train_acc(noisy-online)=1.0000 | lr=0.00010
[Epoch 197/200] loss=0.0001 | train_acc(noisy-online)=1.0000 | lr=0.00006
[Epoch 198/200] loss=0.0001 | train_acc(noisy-online)=1.0000 | lr=0.00002
[Epoch 199/200] loss=0.0001 | train_acc(noisy-online)=1.0000 | lr=0.00001
[Epoch 200/200] loss=0.0001 | train_acc(noisy-online)=1.0000 | lr=0.00000
[alpha=0.800] train_acc=1.0000 | test_acc=0.2036 | overfit_rate=0.7964
    pruning_ratio=0.000 | train_acc_pruned=1.0000 | retained_train_acc=1.0000
    pruning_ratio=0.100 | train_acc_pruned=1.0000 | retained_train_acc=1.0000
    pruning_ratio=0.200 | train_acc_pruned=1.0000 | retained_train_acc=1.0000
    pruning_ratio=0.300 | train_acc_pruned=0.9991 | retained_train_acc=0.9991
    pruning_ratio=0.400 | train_acc_pruned=0.9662 | retained_train_acc=0.9662
    pruning_ratio=0.500 | train_acc_pruned=0.7690 | retained_train_acc=0.7690
    pruning_ratio=0.600 | train_acc_pruned=0.2864 | retained_train_acc=0.2864
    pruning_ratio=0.700 | train_acc_pruned=0.1807 | retained_train_acc=0.1807
    pruning_ratio=0.750 | train_acc_pruned=0.1317 | retained_train_acc=0.1317
    pruning_ratio=0.800 | train_acc_pruned=0.1175 | retained_train_acc=0.1175
    pruning_ratio=0.850 | train_acc_pruned=0.1188 | retained_train_acc=0.1188
    pruning_ratio=0.900 | train_acc_pruned=0.1025 | retained_train_acc=0.1025
    pruning_ratio=0.950 | train_acc_pruned=0.1000 | retained_train_acc=0.1000
    pruning_ratio=0.980 | train_acc_pruned=0.1000 | retained_train_acc=0.1000
    pruning_ratio=0.990 | train_acc_pruned=0.1000 | retained_train_acc=0.1000

====================================================================================================
Training model for label-noise alpha = 0.600
====================================================================================================
[Epoch 001/200] loss=2.2628 | train_acc(noisy-online)=0.1809 | lr=0.09999
[Epoch 002/200] loss=2.1978 | train_acc(noisy-online)=0.2279 | lr=0.09998
[Epoch 003/200] loss=2.1620 | train_acc(noisy-online)=0.2566 | lr=0.09994
[Epoch 004/200] loss=2.1316 | train_acc(noisy-online)=0.2827 | lr=0.09990
[Epoch 005/200] loss=2.1061 | train_acc(noisy-online)=0.2990 | lr=0.09985
[Epoch 006/200] loss=2.0827 | train_acc(noisy-online)=0.3137 | lr=0.09978
[Epoch 007/200] loss=2.0572 | train_acc(noisy-online)=0.3260 | lr=0.09970
[Epoch 008/200] loss=2.0318 | train_acc(noisy-online)=0.3363 | lr=0.09961
[Epoch 009/200] loss=2.0024 | train_acc(noisy-online)=0.3469 | lr=0.09950
[Epoch 010/200] loss=1.9728 | train_acc(noisy-online)=0.3562 | lr=0.09938
[Epoch 011/200] loss=1.9332 | train_acc(noisy-online)=0.3661 | lr=0.09926
[Epoch 012/200] loss=1.8897 | train_acc(noisy-online)=0.3771 | lr=0.09911
[Epoch 013/200] loss=1.8420 | train_acc(noisy-online)=0.3936 | lr=0.09896
[Epoch 014/200] loss=1.7813 | train_acc(noisy-online)=0.4125 | lr=0.09880
[Epoch 015/200] loss=1.7206 | train_acc(noisy-online)=0.4316 | lr=0.09862
[Epoch 016/200] loss=1.6491 | train_acc(noisy-online)=0.4529 | lr=0.09843
[Epoch 017/200] loss=1.5746 | train_acc(noisy-online)=0.4760 | lr=0.09823
[Epoch 018/200] loss=1.4933 | train_acc(noisy-online)=0.5025 | lr=0.09801
[Epoch 019/200] loss=1.4026 | train_acc(noisy-online)=0.5313 | lr=0.09779
[Epoch 020/200] loss=1.3146 | train_acc(noisy-online)=0.5622 | lr=0.09755
[Epoch 021/200] loss=1.2259 | train_acc(noisy-online)=0.5906 | lr=0.09730
[Epoch 022/200] loss=1.1288 | train_acc(noisy-online)=0.6222 | lr=0.09704
[Epoch 023/200] loss=1.0422 | train_acc(noisy-online)=0.6477 | lr=0.09677
[Epoch 024/200] loss=0.9552 | train_acc(noisy-online)=0.6779 | lr=0.09649
[Epoch 025/200] loss=0.8722 | train_acc(noisy-online)=0.7040 | lr=0.09619
[Epoch 026/200] loss=0.8013 | train_acc(noisy-online)=0.7288 | lr=0.09589
[Epoch 027/200] loss=0.7252 | train_acc(noisy-online)=0.7529 | lr=0.09557
[Epoch 028/200] loss=0.6538 | train_acc(noisy-online)=0.7793 | lr=0.09524
[Epoch 029/200] loss=0.5990 | train_acc(noisy-online)=0.7971 | lr=0.09490
[Epoch 030/200] loss=0.5490 | train_acc(noisy-online)=0.8128 | lr=0.09455
[Epoch 031/200] loss=0.4958 | train_acc(noisy-online)=0.8314 | lr=0.09419
[Epoch 032/200] loss=0.4591 | train_acc(noisy-online)=0.8438 | lr=0.09382
[Epoch 033/200] loss=0.4131 | train_acc(noisy-online)=0.8592 | lr=0.09343
[Epoch 034/200] loss=0.3739 | train_acc(noisy-online)=0.8735 | lr=0.09304
[Epoch 035/200] loss=0.3405 | train_acc(noisy-online)=0.8844 | lr=0.09263
[Epoch 036/200] loss=0.3165 | train_acc(noisy-online)=0.8921 | lr=0.09222
[Epoch 037/200] loss=0.2881 | train_acc(noisy-online)=0.9012 | lr=0.09179
[Epoch 038/200] loss=0.2756 | train_acc(noisy-online)=0.9071 | lr=0.09135
[Epoch 039/200] loss=0.2603 | train_acc(noisy-online)=0.9116 | lr=0.09091
[Epoch 040/200] loss=0.2198 | train_acc(noisy-online)=0.9265 | lr=0.09045
[Epoch 041/200] loss=0.2054 | train_acc(noisy-online)=0.9306 | lr=0.08998
[Epoch 042/200] loss=0.1990 | train_acc(noisy-online)=0.9323 | lr=0.08951
[Epoch 043/200] loss=0.1842 | train_acc(noisy-online)=0.9385 | lr=0.08902
[Epoch 044/200] loss=0.1686 | train_acc(noisy-online)=0.9434 | lr=0.08853
[Epoch 045/200] loss=0.1558 | train_acc(noisy-online)=0.9471 | lr=0.08802
[Epoch 046/200] loss=0.1480 | train_acc(noisy-online)=0.9504 | lr=0.08751
[Epoch 047/200] loss=0.1375 | train_acc(noisy-online)=0.9534 | lr=0.08698
[Epoch 048/200] loss=0.1336 | train_acc(noisy-online)=0.9549 | lr=0.08645
[Epoch 049/200] loss=0.1108 | train_acc(noisy-online)=0.9632 | lr=0.08591
[Epoch 050/200] loss=0.1011 | train_acc(noisy-online)=0.9671 | lr=0.08536
[Epoch 051/200] loss=0.1069 | train_acc(noisy-online)=0.9641 | lr=0.08480
[Epoch 052/200] loss=0.1030 | train_acc(noisy-online)=0.9657 | lr=0.08423
[Epoch 053/200] loss=0.0911 | train_acc(noisy-online)=0.9697 | lr=0.08365
[Epoch 054/200] loss=0.0706 | train_acc(noisy-online)=0.9773 | lr=0.08307
[Epoch 055/200] loss=0.0677 | train_acc(noisy-online)=0.9777 | lr=0.08247
[Epoch 056/200] loss=0.0573 | train_acc(noisy-online)=0.9805 | lr=0.08187
[Epoch 057/200] loss=0.0428 | train_acc(noisy-online)=0.9867 | lr=0.08126
[Epoch 058/200] loss=0.0610 | train_acc(noisy-online)=0.9799 | lr=0.08065
[Epoch 059/200] loss=0.0736 | train_acc(noisy-online)=0.9744 | lr=0.08002
[Epoch 060/200] loss=0.0628 | train_acc(noisy-online)=0.9790 | lr=0.07939
[Epoch 061/200] loss=0.0508 | train_acc(noisy-online)=0.9840 | lr=0.07875
[Epoch 062/200] loss=0.0502 | train_acc(noisy-online)=0.9830 | lr=0.07810
[Epoch 063/200] loss=0.0401 | train_acc(noisy-online)=0.9869 | lr=0.07745
[Epoch 064/200] loss=0.0241 | train_acc(noisy-online)=0.9924 | lr=0.07679
[Epoch 065/200] loss=0.0213 | train_acc(noisy-online)=0.9937 | lr=0.07612
[Epoch 066/200] loss=0.0106 | train_acc(noisy-online)=0.9970 | lr=0.07545
[Epoch 067/200] loss=0.0052 | train_acc(noisy-online)=0.9990 | lr=0.07477
[Epoch 068/200] loss=0.0028 | train_acc(noisy-online)=0.9996 | lr=0.07409
[Epoch 069/200] loss=0.0008 | train_acc(noisy-online)=0.9999 | lr=0.07340
[Epoch 070/200] loss=0.0006 | train_acc(noisy-online)=1.0000 | lr=0.07270
[Epoch 071/200] loss=0.0004 | train_acc(noisy-online)=1.0000 | lr=0.07200
[Epoch 072/200] loss=0.0003 | train_acc(noisy-online)=1.0000 | lr=0.07129
[Epoch 073/200] loss=0.0002 | train_acc(noisy-online)=1.0000 | lr=0.07058
[Epoch 074/200] loss=0.0002 | train_acc(noisy-online)=1.0000 | lr=0.06986
[Epoch 075/200] loss=0.0002 | train_acc(noisy-online)=1.0000 | lr=0.06913
[Epoch 076/200] loss=0.0002 | train_acc(noisy-online)=1.0000 | lr=0.06841
[Epoch 077/200] loss=0.0002 | train_acc(noisy-online)=1.0000 | lr=0.06767
[Epoch 078/200] loss=0.0002 | train_acc(noisy-online)=1.0000 | lr=0.06694
[Epoch 079/200] loss=0.0001 | train_acc(noisy-online)=1.0000 | lr=0.06620
[Epoch 080/200] loss=0.0001 | train_acc(noisy-online)=1.0000 | lr=0.06545
[Epoch 081/200] loss=0.0001 | train_acc(noisy-online)=1.0000 | lr=0.06470
[Epoch 082/200] loss=0.0001 | train_acc(noisy-online)=1.0000 | lr=0.06395
[Epoch 083/200] loss=0.0001 | train_acc(noisy-online)=1.0000 | lr=0.06319
[Epoch 084/200] loss=0.0001 | train_acc(noisy-online)=1.0000 | lr=0.06243
[Epoch 085/200] loss=0.0001 | train_acc(noisy-online)=1.0000 | lr=0.06167
[Epoch 086/200] loss=0.0001 | train_acc(noisy-online)=1.0000 | lr=0.06091
[Epoch 087/200] loss=0.0001 | train_acc(noisy-online)=1.0000 | lr=0.06014
[Epoch 088/200] loss=0.0001 | train_acc(noisy-online)=1.0000 | lr=0.05937
[Epoch 089/200] loss=0.0001 | train_acc(noisy-online)=1.0000 | lr=0.05860
[Epoch 090/200] loss=0.0001 | train_acc(noisy-online)=1.0000 | lr=0.05782
[Epoch 091/200] loss=0.0001 | train_acc(noisy-online)=1.0000 | lr=0.05705
[Epoch 092/200] loss=0.0001 | train_acc(noisy-online)=1.0000 | lr=0.05627
[Epoch 093/200] loss=0.0001 | train_acc(noisy-online)=1.0000 | lr=0.05549
[Epoch 094/200] loss=0.0001 | train_acc(noisy-online)=1.0000 | lr=0.05471
[Epoch 095/200] loss=0.0001 | train_acc(noisy-online)=1.0000 | lr=0.05392
[Epoch 096/200] loss=0.0001 | train_acc(noisy-online)=1.0000 | lr=0.05314
[Epoch 097/200] loss=0.0001 | train_acc(noisy-online)=1.0000 | lr=0.05236
[Epoch 098/200] loss=0.0001 | train_acc(noisy-online)=1.0000 | lr=0.05157
[Epoch 099/200] loss=0.0001 | train_acc(noisy-online)=1.0000 | lr=0.05079
[Epoch 100/200] loss=0.0001 | train_acc(noisy-online)=1.0000 | lr=0.05000
[Epoch 101/200] loss=0.0001 | train_acc(noisy-online)=1.0000 | lr=0.04921
[Epoch 102/200] loss=0.0001 | train_acc(noisy-online)=1.0000 | lr=0.04843
[Epoch 103/200] loss=0.0001 | train_acc(noisy-online)=1.0000 | lr=0.04764
[Epoch 104/200] loss=0.0001 | train_acc(noisy-online)=1.0000 | lr=0.04686
[Epoch 105/200] loss=0.0001 | train_acc(noisy-online)=1.0000 | lr=0.04608
[Epoch 106/200] loss=0.0001 | train_acc(noisy-online)=1.0000 | lr=0.04529
[Epoch 107/200] loss=0.0001 | train_acc(noisy-online)=1.0000 | lr=0.04451
[Epoch 108/200] loss=0.0001 | train_acc(noisy-online)=1.0000 | lr=0.04373
[Epoch 109/200] loss=0.0001 | train_acc(noisy-online)=1.0000 | lr=0.04295
[Epoch 110/200] loss=0.0001 | train_acc(noisy-online)=1.0000 | lr=0.04218
[Epoch 111/200] loss=0.0001 | train_acc(noisy-online)=1.0000 | lr=0.04140
[Epoch 112/200] loss=0.0001 | train_acc(noisy-online)=1.0000 | lr=0.04063
[Epoch 113/200] loss=0.0001 | train_acc(noisy-online)=1.0000 | lr=0.03986
[Epoch 114/200] loss=0.0001 | train_acc(noisy-online)=1.0000 | lr=0.03909
[Epoch 115/200] loss=0.0001 | train_acc(noisy-online)=1.0000 | lr=0.03833
[Epoch 116/200] loss=0.0001 | train_acc(noisy-online)=1.0000 | lr=0.03757
[Epoch 117/200] loss=0.0001 | train_acc(noisy-online)=1.0000 | lr=0.03681
[Epoch 118/200] loss=0.0001 | train_acc(noisy-online)=1.0000 | lr=0.03605
[Epoch 119/200] loss=0.0001 | train_acc(noisy-online)=1.0000 | lr=0.03530
[Epoch 120/200] loss=0.0001 | train_acc(noisy-online)=1.0000 | lr=0.03455
[Epoch 121/200] loss=0.0001 | train_acc(noisy-online)=1.0000 | lr=0.03380
[Epoch 122/200] loss=0.0001 | train_acc(noisy-online)=1.0000 | lr=0.03306
[Epoch 123/200] loss=0.0001 | train_acc(noisy-online)=1.0000 | lr=0.03233
[Epoch 124/200] loss=0.0001 | train_acc(noisy-online)=1.0000 | lr=0.03159
[Epoch 125/200] loss=0.0001 | train_acc(noisy-online)=1.0000 | lr=0.03087
[Epoch 126/200] loss=0.0001 | train_acc(noisy-online)=1.0000 | lr=0.03014
[Epoch 127/200] loss=0.0001 | train_acc(noisy-online)=1.0000 | lr=0.02942
[Epoch 128/200] loss=0.0001 | train_acc(noisy-online)=1.0000 | lr=0.02871
[Epoch 129/200] loss=0.0001 | train_acc(noisy-online)=1.0000 | lr=0.02800
[Epoch 130/200] loss=0.0001 | train_acc(noisy-online)=1.0000 | lr=0.02730
[Epoch 131/200] loss=0.0001 | train_acc(noisy-online)=1.0000 | lr=0.02660
[Epoch 132/200] loss=0.0000 | train_acc(noisy-online)=1.0000 | lr=0.02591
[Epoch 133/200] loss=0.0001 | train_acc(noisy-online)=1.0000 | lr=0.02523
[Epoch 134/200] loss=0.0001 | train_acc(noisy-online)=1.0000 | lr=0.02455
[Epoch 135/200] loss=0.0001 | train_acc(noisy-online)=1.0000 | lr=0.02388
[Epoch 136/200] loss=0.0001 | train_acc(noisy-online)=1.0000 | lr=0.02321
[Epoch 137/200] loss=0.0001 | train_acc(noisy-online)=1.0000 | lr=0.02255
[Epoch 138/200] loss=0.0000 | train_acc(noisy-online)=1.0000 | lr=0.02190
[Epoch 139/200] loss=0.0001 | train_acc(noisy-online)=1.0000 | lr=0.02125
[Epoch 140/200] loss=0.0001 | train_acc(noisy-online)=1.0000 | lr=0.02061
[Epoch 141/200] loss=0.0001 | train_acc(noisy-online)=1.0000 | lr=0.01998
[Epoch 142/200] loss=0.0000 | train_acc(noisy-online)=1.0000 | lr=0.01935
[Epoch 143/200] loss=0.0000 | train_acc(noisy-online)=1.0000 | lr=0.01874
[Epoch 144/200] loss=0.0001 | train_acc(noisy-online)=1.0000 | lr=0.01813
[Epoch 145/200] loss=0.0000 | train_acc(noisy-online)=1.0000 | lr=0.01753
[Epoch 146/200] loss=0.0000 | train_acc(noisy-online)=1.0000 | lr=0.01693
[Epoch 147/200] loss=0.0000 | train_acc(noisy-online)=1.0000 | lr=0.01635
[Epoch 148/200] loss=0.0000 | train_acc(noisy-online)=1.0000 | lr=0.01577
[Epoch 149/200] loss=0.0000 | train_acc(noisy-online)=1.0000 | lr=0.01520
[Epoch 150/200] loss=0.0000 | train_acc(noisy-online)=1.0000 | lr=0.01464
[Epoch 151/200] loss=0.0000 | train_acc(noisy-online)=1.0000 | lr=0.01409
[Epoch 152/200] loss=0.0000 | train_acc(noisy-online)=1.0000 | lr=0.01355
[Epoch 153/200] loss=0.0000 | train_acc(noisy-online)=1.0000 | lr=0.01302
[Epoch 154/200] loss=0.0000 | train_acc(noisy-online)=1.0000 | lr=0.01249
[Epoch 155/200] loss=0.0000 | train_acc(noisy-online)=1.0000 | lr=0.01198
[Epoch 156/200] loss=0.0000 | train_acc(noisy-online)=1.0000 | lr=0.01147
[Epoch 157/200] loss=0.0000 | train_acc(noisy-online)=1.0000 | lr=0.01098
[Epoch 158/200] loss=0.0000 | train_acc(noisy-online)=1.0000 | lr=0.01049
[Epoch 159/200] loss=0.0000 | train_acc(noisy-online)=1.0000 | lr=0.01002
[Epoch 160/200] loss=0.0000 | train_acc(noisy-online)=1.0000 | lr=0.00955
[Epoch 161/200] loss=0.0000 | train_acc(noisy-online)=1.0000 | lr=0.00909
[Epoch 162/200] loss=0.0000 | train_acc(noisy-online)=1.0000 | lr=0.00865
[Epoch 163/200] loss=0.0000 | train_acc(noisy-online)=1.0000 | lr=0.00821
[Epoch 164/200] loss=0.0000 | train_acc(noisy-online)=1.0000 | lr=0.00778
[Epoch 165/200] loss=0.0000 | train_acc(noisy-online)=1.0000 | lr=0.00737
[Epoch 166/200] loss=0.0000 | train_acc(noisy-online)=1.0000 | lr=0.00696
[Epoch 167/200] loss=0.0000 | train_acc(noisy-online)=1.0000 | lr=0.00657
[Epoch 168/200] loss=0.0000 | train_acc(noisy-online)=1.0000 | lr=0.00618
[Epoch 169/200] loss=0.0000 | train_acc(noisy-online)=1.0000 | lr=0.00581
[Epoch 170/200] loss=0.0000 | train_acc(noisy-online)=1.0000 | lr=0.00545
[Epoch 171/200] loss=0.0000 | train_acc(noisy-online)=1.0000 | lr=0.00510
[Epoch 172/200] loss=0.0000 | train_acc(noisy-online)=1.0000 | lr=0.00476
[Epoch 173/200] loss=0.0000 | train_acc(noisy-online)=1.0000 | lr=0.00443
[Epoch 174/200] loss=0.0000 | train_acc(noisy-online)=1.0000 | lr=0.00411
[Epoch 175/200] loss=0.0000 | train_acc(noisy-online)=1.0000 | lr=0.00381
[Epoch 176/200] loss=0.0000 | train_acc(noisy-online)=1.0000 | lr=0.00351
[Epoch 177/200] loss=0.0000 | train_acc(noisy-online)=1.0000 | lr=0.00323
[Epoch 178/200] loss=0.0000 | train_acc(noisy-online)=1.0000 | lr=0.00296
[Epoch 179/200] loss=0.0000 | train_acc(noisy-online)=1.0000 | lr=0.00270
[Epoch 180/200] loss=0.0000 | train_acc(noisy-online)=1.0000 | lr=0.00245
[Epoch 181/200] loss=0.0000 | train_acc(noisy-online)=1.0000 | lr=0.00221
[Epoch 182/200] loss=0.0000 | train_acc(noisy-online)=1.0000 | lr=0.00199
[Epoch 183/200] loss=0.0000 | train_acc(noisy-online)=1.0000 | lr=0.00177
[Epoch 184/200] loss=0.0000 | train_acc(noisy-online)=1.0000 | lr=0.00157
[Epoch 185/200] loss=0.0000 | train_acc(noisy-online)=1.0000 | lr=0.00138
[Epoch 186/200] loss=0.0000 | train_acc(noisy-online)=1.0000 | lr=0.00120
[Epoch 187/200] loss=0.0000 | train_acc(noisy-online)=1.0000 | lr=0.00104
[Epoch 188/200] loss=0.0000 | train_acc(noisy-online)=1.0000 | lr=0.00089
[Epoch 189/200] loss=0.0000 | train_acc(noisy-online)=1.0000 | lr=0.00074
[Epoch 190/200] loss=0.0000 | train_acc(noisy-online)=1.0000 | lr=0.00062
[Epoch 191/200] loss=0.0000 | train_acc(noisy-online)=1.0000 | lr=0.00050
[Epoch 192/200] loss=0.0000 | train_acc(noisy-online)=1.0000 | lr=0.00039
[Epoch 193/200] loss=0.0000 | train_acc(noisy-online)=1.0000 | lr=0.00030
[Epoch 194/200] loss=0.0000 | train_acc(noisy-online)=1.0000 | lr=0.00022
[Epoch 195/200] loss=0.0000 | train_acc(noisy-online)=1.0000 | lr=0.00015
[Epoch 196/200] loss=0.0000 | train_acc(noisy-online)=1.0000 | lr=0.00010
[Epoch 197/200] loss=0.0000 | train_acc(noisy-online)=1.0000 | lr=0.00006
[Epoch 198/200] loss=0.0000 | train_acc(noisy-online)=1.0000 | lr=0.00002
[Epoch 199/200] loss=0.0000 | train_acc(noisy-online)=1.0000 | lr=0.00001
[Epoch 200/200] loss=0.0000 | train_acc(noisy-online)=1.0000 | lr=0.00000
[alpha=0.600] train_acc=1.0000 | test_acc=0.3483 | overfit_rate=0.6517
    pruning_ratio=0.000 | train_acc_pruned=1.0000 | retained_train_acc=1.0000
    pruning_ratio=0.100 | train_acc_pruned=1.0000 | retained_train_acc=1.0000
    pruning_ratio=0.200 | train_acc_pruned=1.0000 | retained_train_acc=1.0000
    pruning_ratio=0.300 | train_acc_pruned=0.9999 | retained_train_acc=0.9999
    pruning_ratio=0.400 | train_acc_pruned=0.9843 | retained_train_acc=0.9843
    pruning_ratio=0.500 | train_acc_pruned=0.8756 | retained_train_acc=0.8756
    pruning_ratio=0.600 | train_acc_pruned=0.4153 | retained_train_acc=0.4153
    pruning_ratio=0.700 | train_acc_pruned=0.3202 | retained_train_acc=0.3202
    pruning_ratio=0.750 | train_acc_pruned=0.1830 | retained_train_acc=0.1830
    pruning_ratio=0.800 | train_acc_pruned=0.1131 | retained_train_acc=0.1131
    pruning_ratio=0.850 | train_acc_pruned=0.1002 | retained_train_acc=0.1002
    pruning_ratio=0.900 | train_acc_pruned=0.1000 | retained_train_acc=0.1000
    pruning_ratio=0.950 | train_acc_pruned=0.1000 | retained_train_acc=0.1000
    pruning_ratio=0.980 | train_acc_pruned=0.1000 | retained_train_acc=0.1000
    pruning_ratio=0.990 | train_acc_pruned=0.1000 | retained_train_acc=0.1000

====================================================================================================
Training model for label-noise alpha = 0.400
====================================================================================================
[Epoch 001/200] loss=2.0991 | train_acc(noisy-online)=0.2793 | lr=0.09999
[Epoch 002/200] loss=1.9498 | train_acc(noisy-online)=0.3717 | lr=0.09998
[Epoch 003/200] loss=1.8702 | train_acc(noisy-online)=0.4189 | lr=0.09994
[Epoch 004/200] loss=1.8113 | train_acc(noisy-online)=0.4510 | lr=0.09990
[Epoch 005/200] loss=1.7637 | train_acc(noisy-online)=0.4711 | lr=0.09985
[Epoch 006/200] loss=1.7220 | train_acc(noisy-online)=0.4903 | lr=0.09978
[Epoch 007/200] loss=1.6793 | train_acc(noisy-online)=0.5020 | lr=0.09970
[Epoch 008/200] loss=1.6384 | train_acc(noisy-online)=0.5174 | lr=0.09961
[Epoch 009/200] loss=1.5887 | train_acc(noisy-online)=0.5280 | lr=0.09950
[Epoch 010/200] loss=1.5432 | train_acc(noisy-online)=0.5382 | lr=0.09938
[Epoch 011/200] loss=1.4879 | train_acc(noisy-online)=0.5504 | lr=0.09926
[Epoch 012/200] loss=1.4289 | train_acc(noisy-online)=0.5629 | lr=0.09911
[Epoch 013/200] loss=1.3653 | train_acc(noisy-online)=0.5796 | lr=0.09896
[Epoch 014/200] loss=1.2947 | train_acc(noisy-online)=0.5993 | lr=0.09880
[Epoch 015/200] loss=1.2257 | train_acc(noisy-online)=0.6162 | lr=0.09862
[Epoch 016/200] loss=1.1546 | train_acc(noisy-online)=0.6369 | lr=0.09843
[Epoch 017/200] loss=1.0714 | train_acc(noisy-online)=0.6602 | lr=0.09823
[Epoch 018/200] loss=0.9972 | train_acc(noisy-online)=0.6794 | lr=0.09801
[Epoch 019/200] loss=0.9232 | train_acc(noisy-online)=0.7024 | lr=0.09779
[Epoch 020/200] loss=0.8539 | train_acc(noisy-online)=0.7234 | lr=0.09755
[Epoch 021/200] loss=0.7781 | train_acc(noisy-online)=0.7457 | lr=0.09730
[Epoch 022/200] loss=0.7123 | train_acc(noisy-online)=0.7643 | lr=0.09704
[Epoch 023/200] loss=0.6490 | train_acc(noisy-online)=0.7849 | lr=0.09677
[Epoch 024/200] loss=0.5822 | train_acc(noisy-online)=0.8066 | lr=0.09649
[Epoch 025/200] loss=0.5394 | train_acc(noisy-online)=0.8195 | lr=0.09619
[Epoch 026/200] loss=0.4890 | train_acc(noisy-online)=0.8346 | lr=0.09589
[Epoch 027/200] loss=0.4366 | train_acc(noisy-online)=0.8522 | lr=0.09557
[Epoch 028/200] loss=0.3962 | train_acc(noisy-online)=0.8665 | lr=0.09524
[Epoch 029/200] loss=0.3700 | train_acc(noisy-online)=0.8726 | lr=0.09490
[Epoch 030/200] loss=0.3368 | train_acc(noisy-online)=0.8858 | lr=0.09455
[Epoch 031/200] loss=0.2978 | train_acc(noisy-online)=0.8991 | lr=0.09419
[Epoch 032/200] loss=0.2965 | train_acc(noisy-online)=0.8986 | lr=0.09382
[Epoch 033/200] loss=0.2468 | train_acc(noisy-online)=0.9157 | lr=0.09343
[Epoch 034/200] loss=0.2361 | train_acc(noisy-online)=0.9202 | lr=0.09304
[Epoch 035/200] loss=0.2261 | train_acc(noisy-online)=0.9232 | lr=0.09263
[Epoch 036/200] loss=0.1992 | train_acc(noisy-online)=0.9333 | lr=0.09222
[Epoch 037/200] loss=0.1722 | train_acc(noisy-online)=0.9425 | lr=0.09179
[Epoch 038/200] loss=0.1603 | train_acc(noisy-online)=0.9466 | lr=0.09135
[Epoch 039/200] loss=0.1597 | train_acc(noisy-online)=0.9463 | lr=0.09091
[Epoch 040/200] loss=0.1477 | train_acc(noisy-online)=0.9504 | lr=0.09045
[Epoch 041/200] loss=0.1308 | train_acc(noisy-online)=0.9563 | lr=0.08998
[Epoch 042/200] loss=0.1332 | train_acc(noisy-online)=0.9552 | lr=0.08951
[Epoch 043/200] loss=0.1226 | train_acc(noisy-online)=0.9588 | lr=0.08902
[Epoch 044/200] loss=0.0900 | train_acc(noisy-online)=0.9703 | lr=0.08853
[Epoch 045/200] loss=0.0822 | train_acc(noisy-online)=0.9724 | lr=0.08802
[Epoch 046/200] loss=0.0983 | train_acc(noisy-online)=0.9663 | lr=0.08751
[Epoch 047/200] loss=0.1129 | train_acc(noisy-online)=0.9612 | lr=0.08698
[Epoch 048/200] loss=0.0817 | train_acc(noisy-online)=0.9732 | lr=0.08645
[Epoch 049/200] loss=0.0764 | train_acc(noisy-online)=0.9741 | lr=0.08591
[Epoch 050/200] loss=0.0729 | train_acc(noisy-online)=0.9756 | lr=0.08536
[Epoch 051/200] loss=0.0648 | train_acc(noisy-online)=0.9792 | lr=0.08480
[Epoch 052/200] loss=0.0395 | train_acc(noisy-online)=0.9877 | lr=0.08423
[Epoch 053/200] loss=0.0299 | train_acc(noisy-online)=0.9905 | lr=0.08365
[Epoch 054/200] loss=0.0378 | train_acc(noisy-online)=0.9880 | lr=0.08307
[Epoch 055/200] loss=0.0436 | train_acc(noisy-online)=0.9853 | lr=0.08247
[Epoch 056/200] loss=0.0605 | train_acc(noisy-online)=0.9798 | lr=0.08187
[Epoch 057/200] loss=0.0600 | train_acc(noisy-online)=0.9800 | lr=0.08126
[Epoch 058/200] loss=0.0552 | train_acc(noisy-online)=0.9822 | lr=0.08065
[Epoch 059/200] loss=0.0456 | train_acc(noisy-online)=0.9851 | lr=0.08002
[Epoch 060/200] loss=0.0307 | train_acc(noisy-online)=0.9904 | lr=0.07939
[Epoch 061/200] loss=0.0195 | train_acc(noisy-online)=0.9942 | lr=0.07875
[Epoch 062/200] loss=0.0116 | train_acc(noisy-online)=0.9969 | lr=0.07810
[Epoch 063/200] loss=0.0077 | train_acc(noisy-online)=0.9980 | lr=0.07745
[Epoch 064/200] loss=0.0037 | train_acc(noisy-online)=0.9993 | lr=0.07679
[Epoch 065/200] loss=0.0010 | train_acc(noisy-online)=0.9999 | lr=0.07612
[Epoch 066/200] loss=0.0005 | train_acc(noisy-online)=1.0000 | lr=0.07545
[Epoch 067/200] loss=0.0003 | train_acc(noisy-online)=1.0000 | lr=0.07477
[Epoch 068/200] loss=0.0002 | train_acc(noisy-online)=1.0000 | lr=0.07409
[Epoch 069/200] loss=0.0002 | train_acc(noisy-online)=1.0000 | lr=0.07340
[Epoch 070/200] loss=0.0002 | train_acc(noisy-online)=1.0000 | lr=0.07270
[Epoch 071/200] loss=0.0002 | train_acc(noisy-online)=1.0000 | lr=0.07200
[Epoch 072/200] loss=0.0001 | train_acc(noisy-online)=1.0000 | lr=0.07129
[Epoch 073/200] loss=0.0001 | train_acc(noisy-online)=1.0000 | lr=0.07058
[Epoch 074/200] loss=0.0001 | train_acc(noisy-online)=1.0000 | lr=0.06986
[Epoch 075/200] loss=0.0001 | train_acc(noisy-online)=1.0000 | lr=0.06913
[Epoch 076/200] loss=0.0001 | train_acc(noisy-online)=1.0000 | lr=0.06841
[Epoch 077/200] loss=0.0001 | train_acc(noisy-online)=1.0000 | lr=0.06767
[Epoch 078/200] loss=0.0001 | train_acc(noisy-online)=1.0000 | lr=0.06694
[Epoch 079/200] loss=0.0001 | train_acc(noisy-online)=1.0000 | lr=0.06620
[Epoch 080/200] loss=0.0001 | train_acc(noisy-online)=1.0000 | lr=0.06545
[Epoch 081/200] loss=0.0001 | train_acc(noisy-online)=1.0000 | lr=0.06470
[Epoch 082/200] loss=0.0001 | train_acc(noisy-online)=1.0000 | lr=0.06395
[Epoch 083/200] loss=0.0001 | train_acc(noisy-online)=1.0000 | lr=0.06319
[Epoch 084/200] loss=0.0001 | train_acc(noisy-online)=1.0000 | lr=0.06243
[Epoch 085/200] loss=0.0001 | train_acc(noisy-online)=1.0000 | lr=0.06167
[Epoch 086/200] loss=0.0001 | train_acc(noisy-online)=1.0000 | lr=0.06091
[Epoch 087/200] loss=0.0001 | train_acc(noisy-online)=1.0000 | lr=0.06014
[Epoch 088/200] loss=0.0001 | train_acc(noisy-online)=1.0000 | lr=0.05937
[Epoch 089/200] loss=0.0001 | train_acc(noisy-online)=1.0000 | lr=0.05860
[Epoch 090/200] loss=0.0001 | train_acc(noisy-online)=1.0000 | lr=0.05782
[Epoch 091/200] loss=0.0001 | train_acc(noisy-online)=1.0000 | lr=0.05705
[Epoch 092/200] loss=0.0001 | train_acc(noisy-online)=1.0000 | lr=0.05627
[Epoch 093/200] loss=0.0001 | train_acc(noisy-online)=1.0000 | lr=0.05549
[Epoch 094/200] loss=0.0001 | train_acc(noisy-online)=1.0000 | lr=0.05471
[Epoch 095/200] loss=0.0001 | train_acc(noisy-online)=1.0000 | lr=0.05392
[Epoch 096/200] loss=0.0001 | train_acc(noisy-online)=1.0000 | lr=0.05314
[Epoch 097/200] loss=0.0001 | train_acc(noisy-online)=1.0000 | lr=0.05236
[Epoch 098/200] loss=0.0001 | train_acc(noisy-online)=1.0000 | lr=0.05157
[Epoch 099/200] loss=0.0001 | train_acc(noisy-online)=1.0000 | lr=0.05079
[Epoch 100/200] loss=0.0001 | train_acc(noisy-online)=1.0000 | lr=0.05000
[Epoch 101/200] loss=0.0001 | train_acc(noisy-online)=1.0000 | lr=0.04921
[Epoch 102/200] loss=0.0001 | train_acc(noisy-online)=1.0000 | lr=0.04843
[Epoch 103/200] loss=0.0001 | train_acc(noisy-online)=1.0000 | lr=0.04764
[Epoch 104/200] loss=0.0001 | train_acc(noisy-online)=1.0000 | lr=0.04686
[Epoch 105/200] loss=0.0001 | train_acc(noisy-online)=1.0000 | lr=0.04608
[Epoch 106/200] loss=0.0001 | train_acc(noisy-online)=1.0000 | lr=0.04529
[Epoch 107/200] loss=0.0001 | train_acc(noisy-online)=1.0000 | lr=0.04451
[Epoch 108/200] loss=0.0001 | train_acc(noisy-online)=1.0000 | lr=0.04373
[Epoch 109/200] loss=0.0001 | train_acc(noisy-online)=1.0000 | lr=0.04295
[Epoch 110/200] loss=0.0001 | train_acc(noisy-online)=1.0000 | lr=0.04218
[Epoch 111/200] loss=0.0000 | train_acc(noisy-online)=1.0000 | lr=0.04140
[Epoch 112/200] loss=0.0000 | train_acc(noisy-online)=1.0000 | lr=0.04063
[Epoch 113/200] loss=0.0001 | train_acc(noisy-online)=1.0000 | lr=0.03986
[Epoch 114/200] loss=0.0000 | train_acc(noisy-online)=1.0000 | lr=0.03909
[Epoch 115/200] loss=0.0000 | train_acc(noisy-online)=1.0000 | lr=0.03833
[Epoch 116/200] loss=0.0000 | train_acc(noisy-online)=1.0000 | lr=0.03757
[Epoch 117/200] loss=0.0000 | train_acc(noisy-online)=1.0000 | lr=0.03681
[Epoch 118/200] loss=0.0000 | train_acc(noisy-online)=1.0000 | lr=0.03605
[Epoch 119/200] loss=0.0000 | train_acc(noisy-online)=1.0000 | lr=0.03530
[Epoch 120/200] loss=0.0000 | train_acc(noisy-online)=1.0000 | lr=0.03455
[Epoch 121/200] loss=0.0000 | train_acc(noisy-online)=1.0000 | lr=0.03380
[Epoch 122/200] loss=0.0000 | train_acc(noisy-online)=1.0000 | lr=0.03306
[Epoch 123/200] loss=0.0000 | train_acc(noisy-online)=1.0000 | lr=0.03233
[Epoch 124/200] loss=0.0000 | train_acc(noisy-online)=1.0000 | lr=0.03159
[Epoch 125/200] loss=0.0000 | train_acc(noisy-online)=1.0000 | lr=0.03087
[Epoch 126/200] loss=0.0000 | train_acc(noisy-online)=1.0000 | lr=0.03014
[Epoch 127/200] loss=0.0000 | train_acc(noisy-online)=1.0000 | lr=0.02942
[Epoch 128/200] loss=0.0000 | train_acc(noisy-online)=1.0000 | lr=0.02871
[Epoch 129/200] loss=0.0000 | train_acc(noisy-online)=1.0000 | lr=0.02800
[Epoch 130/200] loss=0.0000 | train_acc(noisy-online)=1.0000 | lr=0.02730
[Epoch 131/200] loss=0.0000 | train_acc(noisy-online)=1.0000 | lr=0.02660
[Epoch 132/200] loss=0.0000 | train_acc(noisy-online)=1.0000 | lr=0.02591
[Epoch 133/200] loss=0.0000 | train_acc(noisy-online)=1.0000 | lr=0.02523
[Epoch 134/200] loss=0.0000 | train_acc(noisy-online)=1.0000 | lr=0.02455
[Epoch 135/200] loss=0.0000 | train_acc(noisy-online)=1.0000 | lr=0.02388
[Epoch 136/200] loss=0.0000 | train_acc(noisy-online)=1.0000 | lr=0.02321
[Epoch 137/200] loss=0.0000 | train_acc(noisy-online)=1.0000 | lr=0.02255
[Epoch 138/200] loss=0.0000 | train_acc(noisy-online)=1.0000 | lr=0.02190
[Epoch 139/200] loss=0.0000 | train_acc(noisy-online)=1.0000 | lr=0.02125
[Epoch 140/200] loss=0.0000 | train_acc(noisy-online)=1.0000 | lr=0.02061
[Epoch 141/200] loss=0.0000 | train_acc(noisy-online)=1.0000 | lr=0.01998
[Epoch 142/200] loss=0.0000 | train_acc(noisy-online)=1.0000 | lr=0.01935
[Epoch 143/200] loss=0.0000 | train_acc(noisy-online)=1.0000 | lr=0.01874
[Epoch 144/200] loss=0.0000 | train_acc(noisy-online)=1.0000 | lr=0.01813
[Epoch 145/200] loss=0.0000 | train_acc(noisy-online)=1.0000 | lr=0.01753
[Epoch 146/200] loss=0.0000 | train_acc(noisy-online)=1.0000 | lr=0.01693
[Epoch 147/200] loss=0.0000 | train_acc(noisy-online)=1.0000 | lr=0.01635
[Epoch 148/200] loss=0.0000 | train_acc(noisy-online)=1.0000 | lr=0.01577
[Epoch 149/200] loss=0.0000 | train_acc(noisy-online)=1.0000 | lr=0.01520
[Epoch 150/200] loss=0.0000 | train_acc(noisy-online)=1.0000 | lr=0.01464
[Epoch 151/200] loss=0.0000 | train_acc(noisy-online)=1.0000 | lr=0.01409
[Epoch 152/200] loss=0.0000 | train_acc(noisy-online)=1.0000 | lr=0.01355
[Epoch 153/200] loss=0.0000 | train_acc(noisy-online)=1.0000 | lr=0.01302
[Epoch 154/200] loss=0.0000 | train_acc(noisy-online)=1.0000 | lr=0.01249
[Epoch 155/200] loss=0.0000 | train_acc(noisy-online)=1.0000 | lr=0.01198
[Epoch 156/200] loss=0.0000 | train_acc(noisy-online)=1.0000 | lr=0.01147
[Epoch 157/200] loss=0.0000 | train_acc(noisy-online)=1.0000 | lr=0.01098
[Epoch 158/200] loss=0.0000 | train_acc(noisy-online)=1.0000 | lr=0.01049
[Epoch 159/200] loss=0.0000 | train_acc(noisy-online)=1.0000 | lr=0.01002
[Epoch 160/200] loss=0.0000 | train_acc(noisy-online)=1.0000 | lr=0.00955
[Epoch 161/200] loss=0.0000 | train_acc(noisy-online)=1.0000 | lr=0.00909
[Epoch 162/200] loss=0.0000 | train_acc(noisy-online)=1.0000 | lr=0.00865
[Epoch 163/200] loss=0.0000 | train_acc(noisy-online)=1.0000 | lr=0.00821
[Epoch 164/200] loss=0.0000 | train_acc(noisy-online)=1.0000 | lr=0.00778
[Epoch 165/200] loss=0.0000 | train_acc(noisy-online)=1.0000 | lr=0.00737
[Epoch 166/200] loss=0.0000 | train_acc(noisy-online)=1.0000 | lr=0.00696
[Epoch 167/200] loss=0.0000 | train_acc(noisy-online)=1.0000 | lr=0.00657
[Epoch 168/200] loss=0.0000 | train_acc(noisy-online)=1.0000 | lr=0.00618
[Epoch 169/200] loss=0.0000 | train_acc(noisy-online)=1.0000 | lr=0.00581
[Epoch 170/200] loss=0.0000 | train_acc(noisy-online)=1.0000 | lr=0.00545
[Epoch 171/200] loss=0.0000 | train_acc(noisy-online)=1.0000 | lr=0.00510
[Epoch 172/200] loss=0.0000 | train_acc(noisy-online)=1.0000 | lr=0.00476
[Epoch 173/200] loss=0.0000 | train_acc(noisy-online)=1.0000 | lr=0.00443
[Epoch 174/200] loss=0.0000 | train_acc(noisy-online)=1.0000 | lr=0.00411
[Epoch 175/200] loss=0.0000 | train_acc(noisy-online)=1.0000 | lr=0.00381
[Epoch 176/200] loss=0.0000 | train_acc(noisy-online)=1.0000 | lr=0.00351
[Epoch 177/200] loss=0.0000 | train_acc(noisy-online)=1.0000 | lr=0.00323
[Epoch 178/200] loss=0.0000 | train_acc(noisy-online)=1.0000 | lr=0.00296
[Epoch 179/200] loss=0.0000 | train_acc(noisy-online)=1.0000 | lr=0.00270
[Epoch 180/200] loss=0.0000 | train_acc(noisy-online)=1.0000 | lr=0.00245
[Epoch 181/200] loss=0.0000 | train_acc(noisy-online)=1.0000 | lr=0.00221
[Epoch 182/200] loss=0.0000 | train_acc(noisy-online)=1.0000 | lr=0.00199
[Epoch 183/200] loss=0.0000 | train_acc(noisy-online)=1.0000 | lr=0.00177
[Epoch 184/200] loss=0.0000 | train_acc(noisy-online)=1.0000 | lr=0.00157
[Epoch 185/200] loss=0.0000 | train_acc(noisy-online)=1.0000 | lr=0.00138
[Epoch 186/200] loss=0.0000 | train_acc(noisy-online)=1.0000 | lr=0.00120
[Epoch 187/200] loss=0.0000 | train_acc(noisy-online)=1.0000 | lr=0.00104
[Epoch 188/200] loss=0.0000 | train_acc(noisy-online)=1.0000 | lr=0.00089
[Epoch 189/200] loss=0.0000 | train_acc(noisy-online)=1.0000 | lr=0.00074
[Epoch 190/200] loss=0.0000 | train_acc(noisy-online)=1.0000 | lr=0.00062
[Epoch 191/200] loss=0.0000 | train_acc(noisy-online)=1.0000 | lr=0.00050
[Epoch 192/200] loss=0.0000 | train_acc(noisy-online)=1.0000 | lr=0.00039
[Epoch 193/200] loss=0.0000 | train_acc(noisy-online)=1.0000 | lr=0.00030
[Epoch 194/200] loss=0.0000 | train_acc(noisy-online)=1.0000 | lr=0.00022
[Epoch 195/200] loss=0.0000 | train_acc(noisy-online)=1.0000 | lr=0.00015
[Epoch 196/200] loss=0.0000 | train_acc(noisy-online)=1.0000 | lr=0.00010
[Epoch 197/200] loss=0.0000 | train_acc(noisy-online)=1.0000 | lr=0.00006
[Epoch 198/200] loss=0.0000 | train_acc(noisy-online)=1.0000 | lr=0.00002
[Epoch 199/200] loss=0.0000 | train_acc(noisy-online)=1.0000 | lr=0.00001
[Epoch 200/200] loss=0.0000 | train_acc(noisy-online)=1.0000 | lr=0.00000
[alpha=0.400] train_acc=1.0000 | test_acc=0.5265 | overfit_rate=0.4735
    pruning_ratio=0.000 | train_acc_pruned=1.0000 | retained_train_acc=1.0000
    pruning_ratio=0.100 | train_acc_pruned=1.0000 | retained_train_acc=1.0000
    pruning_ratio=0.200 | train_acc_pruned=1.0000 | retained_train_acc=1.0000
    pruning_ratio=0.300 | train_acc_pruned=1.0000 | retained_train_acc=1.0000
    pruning_ratio=0.400 | train_acc_pruned=0.9903 | retained_train_acc=0.9903
    pruning_ratio=0.500 | train_acc_pruned=0.7973 | retained_train_acc=0.7973
    pruning_ratio=0.600 | train_acc_pruned=0.5851 | retained_train_acc=0.5851
    pruning_ratio=0.700 | train_acc_pruned=0.2378 | retained_train_acc=0.2378
    pruning_ratio=0.750 | train_acc_pruned=0.2108 | retained_train_acc=0.2108
    pruning_ratio=0.800 | train_acc_pruned=0.1124 | retained_train_acc=0.1124
    pruning_ratio=0.850 | train_acc_pruned=0.1168 | retained_train_acc=0.1168
    pruning_ratio=0.900 | train_acc_pruned=0.1002 | retained_train_acc=0.1002
    pruning_ratio=0.950 | train_acc_pruned=0.1001 | retained_train_acc=0.1001
    pruning_ratio=0.980 | train_acc_pruned=0.1000 | retained_train_acc=0.1000
    pruning_ratio=0.990 | train_acc_pruned=0.1000 | retained_train_acc=0.1000

====================================================================================================
Training model for label-noise alpha = 0.200
====================================================================================================
[Epoch 001/200] loss=1.8615 | train_acc(noisy-online)=0.3663 | lr=0.09999
[Epoch 002/200] loss=1.5752 | train_acc(noisy-online)=0.5135 | lr=0.09998
[Epoch 003/200] loss=1.4464 | train_acc(noisy-online)=0.5767 | lr=0.09994
[Epoch 004/200] loss=1.3617 | train_acc(noisy-online)=0.6137 | lr=0.09990
[Epoch 005/200] loss=1.2934 | train_acc(noisy-online)=0.6428 | lr=0.09985
[Epoch 006/200] loss=1.2397 | train_acc(noisy-online)=0.6613 | lr=0.09978
[Epoch 007/200] loss=1.1855 | train_acc(noisy-online)=0.6792 | lr=0.09970
[Epoch 008/200] loss=1.1389 | train_acc(noisy-online)=0.6898 | lr=0.09961
[Epoch 009/200] loss=1.0860 | train_acc(noisy-online)=0.7040 | lr=0.09950
[Epoch 010/200] loss=1.0368 | train_acc(noisy-online)=0.7151 | lr=0.09938
[Epoch 011/200] loss=0.9814 | train_acc(noisy-online)=0.7254 | lr=0.09926
[Epoch 012/200] loss=0.9277 | train_acc(noisy-online)=0.7387 | lr=0.09911
[Epoch 013/200] loss=0.8759 | train_acc(noisy-online)=0.7483 | lr=0.09896
[Epoch 014/200] loss=0.8192 | train_acc(noisy-online)=0.7592 | lr=0.09880
[Epoch 015/200] loss=0.7644 | train_acc(noisy-online)=0.7727 | lr=0.09862
[Epoch 016/200] loss=0.7021 | train_acc(noisy-online)=0.7893 | lr=0.09843
[Epoch 017/200] loss=0.6588 | train_acc(noisy-online)=0.7983 | lr=0.09823
[Epoch 018/200] loss=0.5973 | train_acc(noisy-online)=0.8127 | lr=0.09801
[Epoch 019/200] loss=0.5467 | train_acc(noisy-online)=0.8283 | lr=0.09779
[Epoch 020/200] loss=0.4978 | train_acc(noisy-online)=0.8417 | lr=0.09755
[Epoch 021/200] loss=0.4548 | train_acc(noisy-online)=0.8538 | lr=0.09730
[Epoch 022/200] loss=0.4081 | train_acc(noisy-online)=0.8672 | lr=0.09704
[Epoch 023/200] loss=0.3820 | train_acc(noisy-online)=0.8743 | lr=0.09677
[Epoch 024/200] loss=0.3350 | train_acc(noisy-online)=0.8886 | lr=0.09649
[Epoch 025/200] loss=0.3235 | train_acc(noisy-online)=0.8926 | lr=0.09619
[Epoch 026/200] loss=0.2819 | train_acc(noisy-online)=0.9042 | lr=0.09589
[Epoch 027/200] loss=0.2613 | train_acc(noisy-online)=0.9112 | lr=0.09557
[Epoch 028/200] loss=0.2333 | train_acc(noisy-online)=0.9205 | lr=0.09524
[Epoch 029/200] loss=0.2144 | train_acc(noisy-online)=0.9286 | lr=0.09490
[Epoch 030/200] loss=0.1794 | train_acc(noisy-online)=0.9390 | lr=0.09455
[Epoch 031/200] loss=0.2000 | train_acc(noisy-online)=0.9324 | lr=0.09419
[Epoch 032/200] loss=0.1608 | train_acc(noisy-online)=0.9449 | lr=0.09382
[Epoch 033/200] loss=0.1355 | train_acc(noisy-online)=0.9544 | lr=0.09343
[Epoch 034/200] loss=0.1341 | train_acc(noisy-online)=0.9539 | lr=0.09304
[Epoch 035/200] loss=0.1369 | train_acc(noisy-online)=0.9538 | lr=0.09263
[Epoch 036/200] loss=0.1180 | train_acc(noisy-online)=0.9593 | lr=0.09222
[Epoch 037/200] loss=0.1000 | train_acc(noisy-online)=0.9664 | lr=0.09179
[Epoch 038/200] loss=0.1052 | train_acc(noisy-online)=0.9648 | lr=0.09135
[Epoch 039/200] loss=0.0908 | train_acc(noisy-online)=0.9694 | lr=0.09091
[Epoch 040/200] loss=0.0865 | train_acc(noisy-online)=0.9699 | lr=0.09045
[Epoch 041/200] loss=0.0710 | train_acc(noisy-online)=0.9769 | lr=0.08998
[Epoch 042/200] loss=0.0669 | train_acc(noisy-online)=0.9768 | lr=0.08951
[Epoch 043/200] loss=0.0583 | train_acc(noisy-online)=0.9806 | lr=0.08902
[Epoch 044/200] loss=0.0666 | train_acc(noisy-online)=0.9771 | lr=0.08853
[Epoch 045/200] loss=0.0531 | train_acc(noisy-online)=0.9827 | lr=0.08802
[Epoch 046/200] loss=0.0516 | train_acc(noisy-online)=0.9832 | lr=0.08751
[Epoch 047/200] loss=0.0525 | train_acc(noisy-online)=0.9827 | lr=0.08698
[Epoch 048/200] loss=0.0435 | train_acc(noisy-online)=0.9857 | lr=0.08645
[Epoch 049/200] loss=0.0450 | train_acc(noisy-online)=0.9847 | lr=0.08591
[Epoch 050/200] loss=0.0530 | train_acc(noisy-online)=0.9821 | lr=0.08536
[Epoch 051/200] loss=0.0453 | train_acc(noisy-online)=0.9845 | lr=0.08480
[Epoch 052/200] loss=0.0378 | train_acc(noisy-online)=0.9873 | lr=0.08423
[Epoch 053/200] loss=0.0339 | train_acc(noisy-online)=0.9889 | lr=0.08365
[Epoch 054/200] loss=0.0208 | train_acc(noisy-online)=0.9933 | lr=0.08307
[Epoch 055/200] loss=0.0274 | train_acc(noisy-online)=0.9910 | lr=0.08247
[Epoch 056/200] loss=0.0288 | train_acc(noisy-online)=0.9895 | lr=0.08187
[Epoch 057/200] loss=0.0294 | train_acc(noisy-online)=0.9901 | lr=0.08126
[Epoch 058/200] loss=0.0146 | train_acc(noisy-online)=0.9958 | lr=0.08065
[Epoch 059/200] loss=0.0085 | train_acc(noisy-online)=0.9977 | lr=0.08002
[Epoch 060/200] loss=0.0068 | train_acc(noisy-online)=0.9981 | lr=0.07939
[Epoch 061/200] loss=0.0027 | train_acc(noisy-online)=0.9995 | lr=0.07875
[Epoch 062/200] loss=0.0010 | train_acc(noisy-online)=0.9999 | lr=0.07810
[Epoch 063/200] loss=0.0009 | train_acc(noisy-online)=0.9998 | lr=0.07745
[Epoch 064/200] loss=0.0004 | train_acc(noisy-online)=1.0000 | lr=0.07679
[Epoch 065/200] loss=0.0002 | train_acc(noisy-online)=1.0000 | lr=0.07612
[Epoch 066/200] loss=0.0002 | train_acc(noisy-online)=1.0000 | lr=0.07545
[Epoch 067/200] loss=0.0002 | train_acc(noisy-online)=1.0000 | lr=0.07477
[Epoch 068/200] loss=0.0001 | train_acc(noisy-online)=1.0000 | lr=0.07409
[Epoch 069/200] loss=0.0001 | train_acc(noisy-online)=1.0000 | lr=0.07340
[Epoch 070/200] loss=0.0001 | train_acc(noisy-online)=1.0000 | lr=0.07270
[Epoch 071/200] loss=0.0001 | train_acc(noisy-online)=1.0000 | lr=0.07200
[Epoch 072/200] loss=0.0001 | train_acc(noisy-online)=1.0000 | lr=0.07129
[Epoch 073/200] loss=0.0001 | train_acc(noisy-online)=1.0000 | lr=0.07058
[Epoch 074/200] loss=0.0001 | train_acc(noisy-online)=1.0000 | lr=0.06986
[Epoch 075/200] loss=0.0001 | train_acc(noisy-online)=1.0000 | lr=0.06913
[Epoch 076/200] loss=0.0001 | train_acc(noisy-online)=1.0000 | lr=0.06841
[Epoch 077/200] loss=0.0001 | train_acc(noisy-online)=1.0000 | lr=0.06767
[Epoch 078/200] loss=0.0001 | train_acc(noisy-online)=1.0000 | lr=0.06694
[Epoch 079/200] loss=0.0001 | train_acc(noisy-online)=1.0000 | lr=0.06620
[Epoch 080/200] loss=0.0001 | train_acc(noisy-online)=1.0000 | lr=0.06545
[Epoch 081/200] loss=0.0001 | train_acc(noisy-online)=1.0000 | lr=0.06470
[Epoch 082/200] loss=0.0001 | train_acc(noisy-online)=1.0000 | lr=0.06395
[Epoch 083/200] loss=0.0001 | train_acc(noisy-online)=1.0000 | lr=0.06319
[Epoch 084/200] loss=0.0001 | train_acc(noisy-online)=1.0000 | lr=0.06243
[Epoch 085/200] loss=0.0001 | train_acc(noisy-online)=1.0000 | lr=0.06167
[Epoch 086/200] loss=0.0001 | train_acc(noisy-online)=1.0000 | lr=0.06091
[Epoch 087/200] loss=0.0000 | train_acc(noisy-online)=1.0000 | lr=0.06014
[Epoch 088/200] loss=0.0001 | train_acc(noisy-online)=1.0000 | lr=0.05937
[Epoch 089/200] loss=0.0001 | train_acc(noisy-online)=1.0000 | lr=0.05860
[Epoch 090/200] loss=0.0000 | train_acc(noisy-online)=1.0000 | lr=0.05782
[Epoch 091/200] loss=0.0001 | train_acc(noisy-online)=1.0000 | lr=0.05705
[Epoch 092/200] loss=0.0000 | train_acc(noisy-online)=1.0000 | lr=0.05627
[Epoch 093/200] loss=0.0000 | train_acc(noisy-online)=1.0000 | lr=0.05549
[Epoch 094/200] loss=0.0000 | train_acc(noisy-online)=1.0000 | lr=0.05471
[Epoch 095/200] loss=0.0000 | train_acc(noisy-online)=1.0000 | lr=0.05392
[Epoch 096/200] loss=0.0000 | train_acc(noisy-online)=1.0000 | lr=0.05314
[Epoch 097/200] loss=0.0000 | train_acc(noisy-online)=1.0000 | lr=0.05236
[Epoch 098/200] loss=0.0000 | train_acc(noisy-online)=1.0000 | lr=0.05157
[Epoch 099/200] loss=0.0000 | train_acc(noisy-online)=1.0000 | lr=0.05079
[Epoch 100/200] loss=0.0000 | train_acc(noisy-online)=1.0000 | lr=0.05000
[Epoch 101/200] loss=0.0000 | train_acc(noisy-online)=1.0000 | lr=0.04921
[Epoch 102/200] loss=0.0000 | train_acc(noisy-online)=1.0000 | lr=0.04843
[Epoch 103/200] loss=0.0000 | train_acc(noisy-online)=1.0000 | lr=0.04764
[Epoch 104/200] loss=0.0000 | train_acc(noisy-online)=1.0000 | lr=0.04686
[Epoch 105/200] loss=0.0000 | train_acc(noisy-online)=1.0000 | lr=0.04608
[Epoch 106/200] loss=0.0000 | train_acc(noisy-online)=1.0000 | lr=0.04529
[Epoch 107/200] loss=0.0000 | train_acc(noisy-online)=1.0000 | lr=0.04451
[Epoch 108/200] loss=0.0000 | train_acc(noisy-online)=1.0000 | lr=0.04373
[Epoch 109/200] loss=0.0000 | train_acc(noisy-online)=1.0000 | lr=0.04295
[Epoch 110/200] loss=0.0000 | train_acc(noisy-online)=1.0000 | lr=0.04218
[Epoch 111/200] loss=0.0000 | train_acc(noisy-online)=1.0000 | lr=0.04140
[Epoch 112/200] loss=0.0000 | train_acc(noisy-online)=1.0000 | lr=0.04063
[Epoch 113/200] loss=0.0000 | train_acc(noisy-online)=1.0000 | lr=0.03986
[Epoch 114/200] loss=0.0000 | train_acc(noisy-online)=1.0000 | lr=0.03909
[Epoch 115/200] loss=0.0000 | train_acc(noisy-online)=1.0000 | lr=0.03833
[Epoch 116/200] loss=0.0000 | train_acc(noisy-online)=1.0000 | lr=0.03757
[Epoch 117/200] loss=0.0000 | train_acc(noisy-online)=1.0000 | lr=0.03681
[Epoch 118/200] loss=0.0000 | train_acc(noisy-online)=1.0000 | lr=0.03605
[Epoch 119/200] loss=0.0000 | train_acc(noisy-online)=1.0000 | lr=0.03530
[Epoch 120/200] loss=0.0000 | train_acc(noisy-online)=1.0000 | lr=0.03455
[Epoch 121/200] loss=0.0000 | train_acc(noisy-online)=1.0000 | lr=0.03380
[Epoch 122/200] loss=0.0000 | train_acc(noisy-online)=1.0000 | lr=0.03306
[Epoch 123/200] loss=0.0000 | train_acc(noisy-online)=1.0000 | lr=0.03233
[Epoch 124/200] loss=0.0000 | train_acc(noisy-online)=1.0000 | lr=0.03159
[Epoch 125/200] loss=0.0000 | train_acc(noisy-online)=1.0000 | lr=0.03087
[Epoch 126/200] loss=0.0000 | train_acc(noisy-online)=1.0000 | lr=0.03014
[Epoch 127/200] loss=0.0000 | train_acc(noisy-online)=1.0000 | lr=0.02942
[Epoch 128/200] loss=0.0000 | train_acc(noisy-online)=1.0000 | lr=0.02871
[Epoch 129/200] loss=0.0000 | train_acc(noisy-online)=1.0000 | lr=0.02800
[Epoch 130/200] loss=0.0000 | train_acc(noisy-online)=1.0000 | lr=0.02730
[Epoch 131/200] loss=0.0000 | train_acc(noisy-online)=1.0000 | lr=0.02660
[Epoch 132/200] loss=0.0000 | train_acc(noisy-online)=1.0000 | lr=0.02591
[Epoch 133/200] loss=0.0000 | train_acc(noisy-online)=1.0000 | lr=0.02523
[Epoch 134/200] loss=0.0000 | train_acc(noisy-online)=1.0000 | lr=0.02455
[Epoch 135/200] loss=0.0000 | train_acc(noisy-online)=1.0000 | lr=0.02388
[Epoch 136/200] loss=0.0000 | train_acc(noisy-online)=1.0000 | lr=0.02321
[Epoch 137/200] loss=0.0000 | train_acc(noisy-online)=1.0000 | lr=0.02255
[Epoch 138/200] loss=0.0000 | train_acc(noisy-online)=1.0000 | lr=0.02190
[Epoch 139/200] loss=0.0000 | train_acc(noisy-online)=1.0000 | lr=0.02125
[Epoch 140/200] loss=0.0000 | train_acc(noisy-online)=1.0000 | lr=0.02061
[Epoch 141/200] loss=0.0000 | train_acc(noisy-online)=1.0000 | lr=0.01998
[Epoch 142/200] loss=0.0000 | train_acc(noisy-online)=1.0000 | lr=0.01935
[Epoch 143/200] loss=0.0000 | train_acc(noisy-online)=1.0000 | lr=0.01874
[Epoch 144/200] loss=0.0000 | train_acc(noisy-online)=1.0000 | lr=0.01813
[Epoch 145/200] loss=0.0000 | train_acc(noisy-online)=1.0000 | lr=0.01753
[Epoch 146/200] loss=0.0000 | train_acc(noisy-online)=1.0000 | lr=0.01693
[Epoch 147/200] loss=0.0000 | train_acc(noisy-online)=1.0000 | lr=0.01635
[Epoch 148/200] loss=0.0000 | train_acc(noisy-online)=1.0000 | lr=0.01577
[Epoch 149/200] loss=0.0000 | train_acc(noisy-online)=1.0000 | lr=0.01520
[Epoch 150/200] loss=0.0000 | train_acc(noisy-online)=1.0000 | lr=0.01464
[Epoch 151/200] loss=0.0000 | train_acc(noisy-online)=1.0000 | lr=0.01409
[Epoch 152/200] loss=0.0000 | train_acc(noisy-online)=1.0000 | lr=0.01355
[Epoch 153/200] loss=0.0000 | train_acc(noisy-online)=1.0000 | lr=0.01302
[Epoch 154/200] loss=0.0000 | train_acc(noisy-online)=1.0000 | lr=0.01249
[Epoch 155/200] loss=0.0000 | train_acc(noisy-online)=1.0000 | lr=0.01198
[Epoch 156/200] loss=0.0000 | train_acc(noisy-online)=1.0000 | lr=0.01147
[Epoch 157/200] loss=0.0000 | train_acc(noisy-online)=1.0000 | lr=0.01098
[Epoch 158/200] loss=0.0000 | train_acc(noisy-online)=1.0000 | lr=0.01049
[Epoch 159/200] loss=0.0000 | train_acc(noisy-online)=1.0000 | lr=0.01002
[Epoch 160/200] loss=0.0000 | train_acc(noisy-online)=1.0000 | lr=0.00955
[Epoch 161/200] loss=0.0000 | train_acc(noisy-online)=1.0000 | lr=0.00909
[Epoch 162/200] loss=0.0000 | train_acc(noisy-online)=1.0000 | lr=0.00865
[Epoch 163/200] loss=0.0000 | train_acc(noisy-online)=1.0000 | lr=0.00821
[Epoch 164/200] loss=0.0000 | train_acc(noisy-online)=1.0000 | lr=0.00778
[Epoch 165/200] loss=0.0000 | train_acc(noisy-online)=1.0000 | lr=0.00737
[Epoch 166/200] loss=0.0000 | train_acc(noisy-online)=1.0000 | lr=0.00696
[Epoch 167/200] loss=0.0000 | train_acc(noisy-online)=1.0000 | lr=0.00657
[Epoch 168/200] loss=0.0000 | train_acc(noisy-online)=1.0000 | lr=0.00618
[Epoch 169/200] loss=0.0000 | train_acc(noisy-online)=1.0000 | lr=0.00581
[Epoch 170/200] loss=0.0000 | train_acc(noisy-online)=1.0000 | lr=0.00545
[Epoch 171/200] loss=0.0000 | train_acc(noisy-online)=1.0000 | lr=0.00510
[Epoch 172/200] loss=0.0000 | train_acc(noisy-online)=1.0000 | lr=0.00476
[Epoch 173/200] loss=0.0000 | train_acc(noisy-online)=1.0000 | lr=0.00443
[Epoch 174/200] loss=0.0000 | train_acc(noisy-online)=1.0000 | lr=0.00411
[Epoch 175/200] loss=0.0000 | train_acc(noisy-online)=1.0000 | lr=0.00381
[Epoch 176/200] loss=0.0000 | train_acc(noisy-online)=1.0000 | lr=0.00351
[Epoch 177/200] loss=0.0000 | train_acc(noisy-online)=1.0000 | lr=0.00323
[Epoch 178/200] loss=0.0000 | train_acc(noisy-online)=1.0000 | lr=0.00296
[Epoch 179/200] loss=0.0000 | train_acc(noisy-online)=1.0000 | lr=0.00270
[Epoch 180/200] loss=0.0000 | train_acc(noisy-online)=1.0000 | lr=0.00245
[Epoch 181/200] loss=0.0000 | train_acc(noisy-online)=1.0000 | lr=0.00221
[Epoch 182/200] loss=0.0000 | train_acc(noisy-online)=1.0000 | lr=0.00199
[Epoch 183/200] loss=0.0000 | train_acc(noisy-online)=1.0000 | lr=0.00177
[Epoch 184/200] loss=0.0000 | train_acc(noisy-online)=1.0000 | lr=0.00157
[Epoch 185/200] loss=0.0000 | train_acc(noisy-online)=1.0000 | lr=0.00138
[Epoch 186/200] loss=0.0000 | train_acc(noisy-online)=1.0000 | lr=0.00120
[Epoch 187/200] loss=0.0000 | train_acc(noisy-online)=1.0000 | lr=0.00104
[Epoch 188/200] loss=0.0000 | train_acc(noisy-online)=1.0000 | lr=0.00089
[Epoch 189/200] loss=0.0000 | train_acc(noisy-online)=1.0000 | lr=0.00074
[Epoch 190/200] loss=0.0000 | train_acc(noisy-online)=1.0000 | lr=0.00062
[Epoch 191/200] loss=0.0000 | train_acc(noisy-online)=1.0000 | lr=0.00050
[Epoch 192/200] loss=0.0000 | train_acc(noisy-online)=1.0000 | lr=0.00039
[Epoch 193/200] loss=0.0000 | train_acc(noisy-online)=1.0000 | lr=0.00030
[Epoch 194/200] loss=0.0000 | train_acc(noisy-online)=1.0000 | lr=0.00022
[Epoch 195/200] loss=0.0000 | train_acc(noisy-online)=1.0000 | lr=0.00015
[Epoch 196/200] loss=0.0000 | train_acc(noisy-online)=1.0000 | lr=0.00010
[Epoch 197/200] loss=0.0000 | train_acc(noisy-online)=1.0000 | lr=0.00006
[Epoch 198/200] loss=0.0000 | train_acc(noisy-online)=1.0000 | lr=0.00002
[Epoch 199/200] loss=0.0000 | train_acc(noisy-online)=1.0000 | lr=0.00001
[Epoch 200/200] loss=0.0000 | train_acc(noisy-online)=1.0000 | lr=0.00000
[alpha=0.200] train_acc=1.0000 | test_acc=0.7051 | overfit_rate=0.2949
    pruning_ratio=0.000 | train_acc_pruned=1.0000 | retained_train_acc=1.0000
    pruning_ratio=0.100 | train_acc_pruned=1.0000 | retained_train_acc=1.0000
    pruning_ratio=0.200 | train_acc_pruned=1.0000 | retained_train_acc=1.0000
    pruning_ratio=0.300 | train_acc_pruned=1.0000 | retained_train_acc=1.0000
    pruning_ratio=0.400 | train_acc_pruned=0.9982 | retained_train_acc=0.9982
    pruning_ratio=0.500 | train_acc_pruned=0.8764 | retained_train_acc=0.8764
    pruning_ratio=0.600 | train_acc_pruned=0.4318 | retained_train_acc=0.4318
    pruning_ratio=0.700 | train_acc_pruned=0.4138 | retained_train_acc=0.4138
    pruning_ratio=0.750 | train_acc_pruned=0.4114 | retained_train_acc=0.4114
    pruning_ratio=0.800 | train_acc_pruned=0.2320 | retained_train_acc=0.2320
    pruning_ratio=0.850 | train_acc_pruned=0.1614 | retained_train_acc=0.1614
    pruning_ratio=0.900 | train_acc_pruned=0.1000 | retained_train_acc=0.1000
    pruning_ratio=0.950 | train_acc_pruned=0.1000 | retained_train_acc=0.1000
    pruning_ratio=0.980 | train_acc_pruned=0.1001 | retained_train_acc=0.1001
    pruning_ratio=0.990 | train_acc_pruned=0.1000 | retained_train_acc=0.1000

====================================================================================================
Training model for label-noise alpha = 0.100
====================================================================================================
[Epoch 001/200] loss=1.5625 | train_acc(noisy-online)=0.4786 | lr=0.09999
[Epoch 002/200] loss=1.2378 | train_acc(noisy-online)=0.6213 | lr=0.09998
[Epoch 003/200] loss=1.0997 | train_acc(noisy-online)=0.6798 | lr=0.09994
[Epoch 004/200] loss=1.0081 | train_acc(noisy-online)=0.7171 | lr=0.09990
[Epoch 005/200] loss=0.9370 | train_acc(noisy-online)=0.7423 | lr=0.09985
[Epoch 006/200] loss=0.8846 | train_acc(noisy-online)=0.7597 | lr=0.09978
[Epoch 007/200] loss=0.8298 | train_acc(noisy-online)=0.7760 | lr=0.09970
[Epoch 008/200] loss=0.7808 | train_acc(noisy-online)=0.7893 | lr=0.09961
[Epoch 009/200] loss=0.7241 | train_acc(noisy-online)=0.8027 | lr=0.09950
[Epoch 010/200] loss=0.6808 | train_acc(noisy-online)=0.8155 | lr=0.09938
[Epoch 011/200] loss=0.6275 | train_acc(noisy-online)=0.8267 | lr=0.09926
[Epoch 012/200] loss=0.5830 | train_acc(noisy-online)=0.8341 | lr=0.09911
[Epoch 013/200] loss=0.5335 | train_acc(noisy-online)=0.8453 | lr=0.09896
[Epoch 014/200] loss=0.4878 | train_acc(noisy-online)=0.8557 | lr=0.09880
[Epoch 015/200] loss=0.4474 | train_acc(noisy-online)=0.8671 | lr=0.09862
[Epoch 016/200] loss=0.4041 | train_acc(noisy-online)=0.8763 | lr=0.09843
[Epoch 017/200] loss=0.3618 | train_acc(noisy-online)=0.8878 | lr=0.09823
[Epoch 018/200] loss=0.3373 | train_acc(noisy-online)=0.8935 | lr=0.09801
[Epoch 019/200] loss=0.3058 | train_acc(noisy-online)=0.9026 | lr=0.09779
[Epoch 020/200] loss=0.2666 | train_acc(noisy-online)=0.9135 | lr=0.09755
[Epoch 021/200] loss=0.2473 | train_acc(noisy-online)=0.9186 | lr=0.09730
[Epoch 022/200] loss=0.2173 | train_acc(noisy-online)=0.9294 | lr=0.09704
[Epoch 023/200] loss=0.1942 | train_acc(noisy-online)=0.9350 | lr=0.09677
[Epoch 024/200] loss=0.1870 | train_acc(noisy-online)=0.9378 | lr=0.09649
[Epoch 025/200] loss=0.1651 | train_acc(noisy-online)=0.9450 | lr=0.09619
[Epoch 026/200] loss=0.1457 | train_acc(noisy-online)=0.9516 | lr=0.09589
[Epoch 027/200] loss=0.1281 | train_acc(noisy-online)=0.9564 | lr=0.09557
[Epoch 028/200] loss=0.1243 | train_acc(noisy-online)=0.9583 | lr=0.09524
[Epoch 029/200] loss=0.1233 | train_acc(noisy-online)=0.9579 | lr=0.09490
[Epoch 030/200] loss=0.1104 | train_acc(noisy-online)=0.9626 | lr=0.09455
[Epoch 031/200] loss=0.0918 | train_acc(noisy-online)=0.9681 | lr=0.09419
[Epoch 032/200] loss=0.0839 | train_acc(noisy-online)=0.9711 | lr=0.09382
[Epoch 033/200] loss=0.0913 | train_acc(noisy-online)=0.9689 | lr=0.09343
[Epoch 034/200] loss=0.0815 | train_acc(noisy-online)=0.9718 | lr=0.09304
[Epoch 035/200] loss=0.0698 | train_acc(noisy-online)=0.9759 | lr=0.09263
[Epoch 036/200] loss=0.0700 | train_acc(noisy-online)=0.9762 | lr=0.09222
[Epoch 037/200] loss=0.0445 | train_acc(noisy-online)=0.9853 | lr=0.09179
[Epoch 038/200] loss=0.0490 | train_acc(noisy-online)=0.9841 | lr=0.09135
[Epoch 039/200] loss=0.0409 | train_acc(noisy-online)=0.9862 | lr=0.09091
[Epoch 040/200] loss=0.0470 | train_acc(noisy-online)=0.9839 | lr=0.09045
[Epoch 041/200] loss=0.0497 | train_acc(noisy-online)=0.9828 | lr=0.08998
[Epoch 042/200] loss=0.0474 | train_acc(noisy-online)=0.9834 | lr=0.08951
[Epoch 043/200] loss=0.0411 | train_acc(noisy-online)=0.9861 | lr=0.08902
[Epoch 044/200] loss=0.0317 | train_acc(noisy-online)=0.9893 | lr=0.08853
[Epoch 045/200] loss=0.0216 | train_acc(noisy-online)=0.9928 | lr=0.08802
[Epoch 046/200] loss=0.0180 | train_acc(noisy-online)=0.9943 | lr=0.08751
[Epoch 047/200] loss=0.0260 | train_acc(noisy-online)=0.9910 | lr=0.08698
[Epoch 048/200] loss=0.0294 | train_acc(noisy-online)=0.9901 | lr=0.08645
[Epoch 049/200] loss=0.0310 | train_acc(noisy-online)=0.9895 | lr=0.08591
[Epoch 050/200] loss=0.0174 | train_acc(noisy-online)=0.9944 | lr=0.08536
[Epoch 051/200] loss=0.0141 | train_acc(noisy-online)=0.9957 | lr=0.08480
[Epoch 052/200] loss=0.0094 | train_acc(noisy-online)=0.9970 | lr=0.08423
[Epoch 053/200] loss=0.0123 | train_acc(noisy-online)=0.9960 | lr=0.08365
[Epoch 054/200] loss=0.0166 | train_acc(noisy-online)=0.9948 | lr=0.08307
[Epoch 055/200] loss=0.0108 | train_acc(noisy-online)=0.9963 | lr=0.08247
[Epoch 056/200] loss=0.0134 | train_acc(noisy-online)=0.9957 | lr=0.08187
[Epoch 057/200] loss=0.0260 | train_acc(noisy-online)=0.9907 | lr=0.08126
[Epoch 058/200] loss=0.0167 | train_acc(noisy-online)=0.9941 | lr=0.08065
[Epoch 059/200] loss=0.0118 | train_acc(noisy-online)=0.9962 | lr=0.08002
[Epoch 060/200] loss=0.0111 | train_acc(noisy-online)=0.9967 | lr=0.07939
[Epoch 061/200] loss=0.0034 | train_acc(noisy-online)=0.9990 | lr=0.07875
[Epoch 062/200] loss=0.0014 | train_acc(noisy-online)=0.9998 | lr=0.07810
[Epoch 063/200] loss=0.0006 | train_acc(noisy-online)=0.9999 | lr=0.07745
[Epoch 064/200] loss=0.0004 | train_acc(noisy-online)=1.0000 | lr=0.07679
[Epoch 065/200] loss=0.0003 | train_acc(noisy-online)=1.0000 | lr=0.07612
[Epoch 066/200] loss=0.0002 | train_acc(noisy-online)=1.0000 | lr=0.07545
[Epoch 067/200] loss=0.0002 | train_acc(noisy-online)=1.0000 | lr=0.07477
[Epoch 068/200] loss=0.0001 | train_acc(noisy-online)=1.0000 | lr=0.07409
[Epoch 069/200] loss=0.0001 | train_acc(noisy-online)=1.0000 | lr=0.07340
[Epoch 070/200] loss=0.0001 | train_acc(noisy-online)=1.0000 | lr=0.07270
[Epoch 071/200] loss=0.0001 | train_acc(noisy-online)=1.0000 | lr=0.07200
[Epoch 072/200] loss=0.0001 | train_acc(noisy-online)=1.0000 | lr=0.07129
[Epoch 073/200] loss=0.0001 | train_acc(noisy-online)=1.0000 | lr=0.07058
[Epoch 074/200] loss=0.0001 | train_acc(noisy-online)=1.0000 | lr=0.06986
[Epoch 075/200] loss=0.0001 | train_acc(noisy-online)=1.0000 | lr=0.06913
[Epoch 076/200] loss=0.0001 | train_acc(noisy-online)=1.0000 | lr=0.06841
[Epoch 077/200] loss=0.0001 | train_acc(noisy-online)=1.0000 | lr=0.06767
[Epoch 078/200] loss=0.0001 | train_acc(noisy-online)=1.0000 | lr=0.06694
[Epoch 079/200] loss=0.0001 | train_acc(noisy-online)=1.0000 | lr=0.06620
[Epoch 080/200] loss=0.0001 | train_acc(noisy-online)=1.0000 | lr=0.06545
[Epoch 081/200] loss=0.0001 | train_acc(noisy-online)=1.0000 | lr=0.06470
[Epoch 082/200] loss=0.0000 | train_acc(noisy-online)=1.0000 | lr=0.06395
[Epoch 083/200] loss=0.0000 | train_acc(noisy-online)=1.0000 | lr=0.06319
[Epoch 084/200] loss=0.0000 | train_acc(noisy-online)=1.0000 | lr=0.06243
[Epoch 085/200] loss=0.0000 | train_acc(noisy-online)=1.0000 | lr=0.06167
[Epoch 086/200] loss=0.0000 | train_acc(noisy-online)=1.0000 | lr=0.06091
[Epoch 087/200] loss=0.0000 | train_acc(noisy-online)=1.0000 | lr=0.06014
[Epoch 088/200] loss=0.0000 | train_acc(noisy-online)=1.0000 | lr=0.05937
[Epoch 089/200] loss=0.0000 | train_acc(noisy-online)=1.0000 | lr=0.05860
[Epoch 090/200] loss=0.0000 | train_acc(noisy-online)=1.0000 | lr=0.05782
[Epoch 091/200] loss=0.0000 | train_acc(noisy-online)=1.0000 | lr=0.05705
[Epoch 092/200] loss=0.0000 | train_acc(noisy-online)=1.0000 | lr=0.05627
[Epoch 093/200] loss=0.0000 | train_acc(noisy-online)=1.0000 | lr=0.05549
[Epoch 094/200] loss=0.0000 | train_acc(noisy-online)=1.0000 | lr=0.05471
[Epoch 095/200] loss=0.0000 | train_acc(noisy-online)=1.0000 | lr=0.05392
[Epoch 096/200] loss=0.0000 | train_acc(noisy-online)=1.0000 | lr=0.05314
[Epoch 097/200] loss=0.0000 | train_acc(noisy-online)=1.0000 | lr=0.05236
[Epoch 098/200] loss=0.0000 | train_acc(noisy-online)=1.0000 | lr=0.05157
[Epoch 099/200] loss=0.0000 | train_acc(noisy-online)=1.0000 | lr=0.05079
[Epoch 100/200] loss=0.0000 | train_acc(noisy-online)=1.0000 | lr=0.05000
[Epoch 101/200] loss=0.0000 | train_acc(noisy-online)=1.0000 | lr=0.04921
[Epoch 102/200] loss=0.0000 | train_acc(noisy-online)=1.0000 | lr=0.04843
[Epoch 103/200] loss=0.0000 | train_acc(noisy-online)=1.0000 | lr=0.04764
[Epoch 104/200] loss=0.0000 | train_acc(noisy-online)=1.0000 | lr=0.04686
[Epoch 105/200] loss=0.0000 | train_acc(noisy-online)=1.0000 | lr=0.04608
[Epoch 106/200] loss=0.0000 | train_acc(noisy-online)=1.0000 | lr=0.04529
[Epoch 107/200] loss=0.0000 | train_acc(noisy-online)=1.0000 | lr=0.04451
[Epoch 108/200] loss=0.0000 | train_acc(noisy-online)=1.0000 | lr=0.04373
[Epoch 109/200] loss=0.0000 | train_acc(noisy-online)=1.0000 | lr=0.04295
[Epoch 110/200] loss=0.0000 | train_acc(noisy-online)=1.0000 | lr=0.04218
[Epoch 111/200] loss=0.0000 | train_acc(noisy-online)=1.0000 | lr=0.04140
[Epoch 112/200] loss=0.0000 | train_acc(noisy-online)=1.0000 | lr=0.04063
[Epoch 113/200] loss=0.0000 | train_acc(noisy-online)=1.0000 | lr=0.03986
[Epoch 114/200] loss=0.0000 | train_acc(noisy-online)=1.0000 | lr=0.03909
[Epoch 115/200] loss=0.0000 | train_acc(noisy-online)=1.0000 | lr=0.03833
[Epoch 116/200] loss=0.0000 | train_acc(noisy-online)=1.0000 | lr=0.03757
[Epoch 117/200] loss=0.0000 | train_acc(noisy-online)=1.0000 | lr=0.03681
[Epoch 118/200] loss=0.0000 | train_acc(noisy-online)=1.0000 | lr=0.03605
[Epoch 119/200] loss=0.0000 | train_acc(noisy-online)=1.0000 | lr=0.03530
[Epoch 120/200] loss=0.0000 | train_acc(noisy-online)=1.0000 | lr=0.03455
[Epoch 121/200] loss=0.0000 | train_acc(noisy-online)=1.0000 | lr=0.03380
[Epoch 122/200] loss=0.0000 | train_acc(noisy-online)=1.0000 | lr=0.03306
[Epoch 123/200] loss=0.0000 | train_acc(noisy-online)=1.0000 | lr=0.03233
[Epoch 124/200] loss=0.0000 | train_acc(noisy-online)=1.0000 | lr=0.03159
[Epoch 125/200] loss=0.0000 | train_acc(noisy-online)=1.0000 | lr=0.03087
[Epoch 126/200] loss=0.0000 | train_acc(noisy-online)=1.0000 | lr=0.03014
[Epoch 127/200] loss=0.0000 | train_acc(noisy-online)=1.0000 | lr=0.02942
[Epoch 128/200] loss=0.0000 | train_acc(noisy-online)=1.0000 | lr=0.02871
[Epoch 129/200] loss=0.0000 | train_acc(noisy-online)=1.0000 | lr=0.02800
[Epoch 130/200] loss=0.0000 | train_acc(noisy-online)=1.0000 | lr=0.02730
[Epoch 131/200] loss=0.0000 | train_acc(noisy-online)=1.0000 | lr=0.02660
[Epoch 132/200] loss=0.0000 | train_acc(noisy-online)=1.0000 | lr=0.02591
[Epoch 133/200] loss=0.0000 | train_acc(noisy-online)=1.0000 | lr=0.02523
[Epoch 134/200] loss=0.0000 | train_acc(noisy-online)=1.0000 | lr=0.02455
[Epoch 135/200] loss=0.0000 | train_acc(noisy-online)=1.0000 | lr=0.02388
[Epoch 136/200] loss=0.0000 | train_acc(noisy-online)=1.0000 | lr=0.02321
[Epoch 137/200] loss=0.0000 | train_acc(noisy-online)=1.0000 | lr=0.02255
[Epoch 138/200] loss=0.0000 | train_acc(noisy-online)=1.0000 | lr=0.02190
[Epoch 139/200] loss=0.0000 | train_acc(noisy-online)=1.0000 | lr=0.02125
[Epoch 140/200] loss=0.0000 | train_acc(noisy-online)=1.0000 | lr=0.02061
[Epoch 141/200] loss=0.0000 | train_acc(noisy-online)=1.0000 | lr=0.01998
[Epoch 142/200] loss=0.0000 | train_acc(noisy-online)=1.0000 | lr=0.01935
[Epoch 143/200] loss=0.0000 | train_acc(noisy-online)=1.0000 | lr=0.01874
[Epoch 144/200] loss=0.0000 | train_acc(noisy-online)=1.0000 | lr=0.01813
[Epoch 145/200] loss=0.0000 | train_acc(noisy-online)=1.0000 | lr=0.01753
[Epoch 146/200] loss=0.0000 | train_acc(noisy-online)=1.0000 | lr=0.01693
[Epoch 147/200] loss=0.0000 | train_acc(noisy-online)=1.0000 | lr=0.01635
[Epoch 148/200] loss=0.0000 | train_acc(noisy-online)=1.0000 | lr=0.01577
[Epoch 149/200] loss=0.0000 | train_acc(noisy-online)=1.0000 | lr=0.01520
[Epoch 150/200] loss=0.0000 | train_acc(noisy-online)=1.0000 | lr=0.01464
[Epoch 151/200] loss=0.0000 | train_acc(noisy-online)=1.0000 | lr=0.01409
[Epoch 152/200] loss=0.0000 | train_acc(noisy-online)=1.0000 | lr=0.01355
[Epoch 153/200] loss=0.0000 | train_acc(noisy-online)=1.0000 | lr=0.01302
[Epoch 154/200] loss=0.0000 | train_acc(noisy-online)=1.0000 | lr=0.01249
[Epoch 155/200] loss=0.0000 | train_acc(noisy-online)=1.0000 | lr=0.01198
[Epoch 156/200] loss=0.0000 | train_acc(noisy-online)=1.0000 | lr=0.01147
[Epoch 157/200] loss=0.0000 | train_acc(noisy-online)=1.0000 | lr=0.01098
[Epoch 158/200] loss=0.0000 | train_acc(noisy-online)=1.0000 | lr=0.01049
[Epoch 159/200] loss=0.0000 | train_acc(noisy-online)=1.0000 | lr=0.01002
[Epoch 160/200] loss=0.0000 | train_acc(noisy-online)=1.0000 | lr=0.00955
[Epoch 161/200] loss=0.0000 | train_acc(noisy-online)=1.0000 | lr=0.00909
[Epoch 162/200] loss=0.0000 | train_acc(noisy-online)=1.0000 | lr=0.00865
[Epoch 163/200] loss=0.0000 | train_acc(noisy-online)=1.0000 | lr=0.00821
[Epoch 164/200] loss=0.0000 | train_acc(noisy-online)=1.0000 | lr=0.00778
[Epoch 165/200] loss=0.0000 | train_acc(noisy-online)=1.0000 | lr=0.00737
[Epoch 166/200] loss=0.0000 | train_acc(noisy-online)=1.0000 | lr=0.00696
[Epoch 167/200] loss=0.0000 | train_acc(noisy-online)=1.0000 | lr=0.00657
[Epoch 168/200] loss=0.0000 | train_acc(noisy-online)=1.0000 | lr=0.00618
[Epoch 169/200] loss=0.0000 | train_acc(noisy-online)=1.0000 | lr=0.00581
[Epoch 170/200] loss=0.0000 | train_acc(noisy-online)=1.0000 | lr=0.00545
[Epoch 171/200] loss=0.0000 | train_acc(noisy-online)=1.0000 | lr=0.00510
[Epoch 172/200] loss=0.0000 | train_acc(noisy-online)=1.0000 | lr=0.00476
[Epoch 173/200] loss=0.0000 | train_acc(noisy-online)=1.0000 | lr=0.00443
[Epoch 174/200] loss=0.0000 | train_acc(noisy-online)=1.0000 | lr=0.00411
[Epoch 175/200] loss=0.0000 | train_acc(noisy-online)=1.0000 | lr=0.00381
[Epoch 176/200] loss=0.0000 | train_acc(noisy-online)=1.0000 | lr=0.00351
[Epoch 177/200] loss=0.0000 | train_acc(noisy-online)=1.0000 | lr=0.00323
[Epoch 178/200] loss=0.0000 | train_acc(noisy-online)=1.0000 | lr=0.00296
[Epoch 179/200] loss=0.0000 | train_acc(noisy-online)=1.0000 | lr=0.00270
[Epoch 180/200] loss=0.0000 | train_acc(noisy-online)=1.0000 | lr=0.00245
[Epoch 181/200] loss=0.0000 | train_acc(noisy-online)=1.0000 | lr=0.00221
[Epoch 182/200] loss=0.0000 | train_acc(noisy-online)=1.0000 | lr=0.00199
[Epoch 183/200] loss=0.0000 | train_acc(noisy-online)=1.0000 | lr=0.00177
[Epoch 184/200] loss=0.0000 | train_acc(noisy-online)=1.0000 | lr=0.00157
[Epoch 185/200] loss=0.0000 | train_acc(noisy-online)=1.0000 | lr=0.00138
[Epoch 186/200] loss=0.0000 | train_acc(noisy-online)=1.0000 | lr=0.00120
[Epoch 187/200] loss=0.0000 | train_acc(noisy-online)=1.0000 | lr=0.00104
[Epoch 188/200] loss=0.0000 | train_acc(noisy-online)=1.0000 | lr=0.00089
[Epoch 189/200] loss=0.0000 | train_acc(noisy-online)=1.0000 | lr=0.00074
[Epoch 190/200] loss=0.0000 | train_acc(noisy-online)=1.0000 | lr=0.00062
[Epoch 191/200] loss=0.0000 | train_acc(noisy-online)=1.0000 | lr=0.00050
[Epoch 192/200] loss=0.0000 | train_acc(noisy-online)=1.0000 | lr=0.00039
[Epoch 193/200] loss=0.0000 | train_acc(noisy-online)=1.0000 | lr=0.00030
[Epoch 194/200] loss=0.0000 | train_acc(noisy-online)=1.0000 | lr=0.00022
[Epoch 195/200] loss=0.0000 | train_acc(noisy-online)=1.0000 | lr=0.00015
[Epoch 196/200] loss=0.0000 | train_acc(noisy-online)=1.0000 | lr=0.00010
[Epoch 197/200] loss=0.0000 | train_acc(noisy-online)=1.0000 | lr=0.00006
[Epoch 198/200] loss=0.0000 | train_acc(noisy-online)=1.0000 | lr=0.00002
[Epoch 199/200] loss=0.0000 | train_acc(noisy-online)=1.0000 | lr=0.00001
[Epoch 200/200] loss=0.0000 | train_acc(noisy-online)=1.0000 | lr=0.00000
[alpha=0.100] train_acc=1.0000 | test_acc=0.7819 | overfit_rate=0.2181
    pruning_ratio=0.000 | train_acc_pruned=1.0000 | retained_train_acc=1.0000
    pruning_ratio=0.100 | train_acc_pruned=1.0000 | retained_train_acc=1.0000
    pruning_ratio=0.200 | train_acc_pruned=1.0000 | retained_train_acc=1.0000
    pruning_ratio=0.300 | train_acc_pruned=1.0000 | retained_train_acc=1.0000
    pruning_ratio=0.400 | train_acc_pruned=0.9972 | retained_train_acc=0.9972
    pruning_ratio=0.500 | train_acc_pruned=0.9815 | retained_train_acc=0.9815
    pruning_ratio=0.600 | train_acc_pruned=0.8552 | retained_train_acc=0.8552
    pruning_ratio=0.700 | train_acc_pruned=0.4776 | retained_train_acc=0.4776
    pruning_ratio=0.750 | train_acc_pruned=0.2289 | retained_train_acc=0.2289
    pruning_ratio=0.800 | train_acc_pruned=0.1235 | retained_train_acc=0.1235
    pruning_ratio=0.850 | train_acc_pruned=0.1063 | retained_train_acc=0.1063
    pruning_ratio=0.900 | train_acc_pruned=0.1000 | retained_train_acc=0.1000
    pruning_ratio=0.950 | train_acc_pruned=0.1232 | retained_train_acc=0.1232
    pruning_ratio=0.980 | train_acc_pruned=0.1000 | retained_train_acc=0.1000
    pruning_ratio=0.990 | train_acc_pruned=0.1000 | retained_train_acc=0.1000

====================================================================================================
Training model for label-noise alpha = 0.000
====================================================================================================
[Epoch 001/200] loss=1.3665 | train_acc(noisy-online)=0.5035 | lr=0.09999
[Epoch 002/200] loss=0.8489 | train_acc(noisy-online)=0.6986 | lr=0.09998
[Epoch 003/200] loss=0.6521 | train_acc(noisy-online)=0.7723 | lr=0.09994
[Epoch 004/200] loss=0.5336 | train_acc(noisy-online)=0.8149 | lr=0.09990
[Epoch 005/200] loss=0.4513 | train_acc(noisy-online)=0.8426 | lr=0.09985
[Epoch 006/200] loss=0.3879 | train_acc(noisy-online)=0.8639 | lr=0.09978
[Epoch 007/200] loss=0.3295 | train_acc(noisy-online)=0.8852 | lr=0.09970
[Epoch 008/200] loss=0.2854 | train_acc(noisy-online)=0.8995 | lr=0.09961
[Epoch 009/200] loss=0.2488 | train_acc(noisy-online)=0.9123 | lr=0.09950
[Epoch 010/200] loss=0.2120 | train_acc(noisy-online)=0.9238 | lr=0.09938
[Epoch 011/200] loss=0.1809 | train_acc(noisy-online)=0.9355 | lr=0.09926
[Epoch 012/200] loss=0.1580 | train_acc(noisy-online)=0.9446 | lr=0.09911
[Epoch 013/200] loss=0.1332 | train_acc(noisy-online)=0.9528 | lr=0.09896
[Epoch 014/200] loss=0.1159 | train_acc(noisy-online)=0.9591 | lr=0.09880
[Epoch 015/200] loss=0.1061 | train_acc(noisy-online)=0.9627 | lr=0.09862
[Epoch 016/200] loss=0.0965 | train_acc(noisy-online)=0.9663 | lr=0.09843
[Epoch 017/200] loss=0.0811 | train_acc(noisy-online)=0.9712 | lr=0.09823
[Epoch 018/200] loss=0.0679 | train_acc(noisy-online)=0.9771 | lr=0.09801
[Epoch 019/200] loss=0.0702 | train_acc(noisy-online)=0.9754 | lr=0.09779
[Epoch 020/200] loss=0.0561 | train_acc(noisy-online)=0.9808 | lr=0.09755
[Epoch 021/200] loss=0.0541 | train_acc(noisy-online)=0.9813 | lr=0.09730
[Epoch 022/200] loss=0.0486 | train_acc(noisy-online)=0.9828 | lr=0.09704
[Epoch 023/200] loss=0.0479 | train_acc(noisy-online)=0.9834 | lr=0.09677
[Epoch 024/200] loss=0.0361 | train_acc(noisy-online)=0.9878 | lr=0.09649
[Epoch 025/200] loss=0.0328 | train_acc(noisy-online)=0.9888 | lr=0.09619
[Epoch 026/200] loss=0.0419 | train_acc(noisy-online)=0.9853 | lr=0.09589
[Epoch 027/200] loss=0.0325 | train_acc(noisy-online)=0.9886 | lr=0.09557
[Epoch 028/200] loss=0.0283 | train_acc(noisy-online)=0.9906 | lr=0.09524
[Epoch 029/200] loss=0.0221 | train_acc(noisy-online)=0.9926 | lr=0.09490
[Epoch 030/200] loss=0.0260 | train_acc(noisy-online)=0.9912 | lr=0.09455
[Epoch 031/200] loss=0.0191 | train_acc(noisy-online)=0.9935 | lr=0.09419
[Epoch 032/200] loss=0.0105 | train_acc(noisy-online)=0.9966 | lr=0.09382
[Epoch 033/200] loss=0.0054 | train_acc(noisy-online)=0.9986 | lr=0.09343
[Epoch 034/200] loss=0.0117 | train_acc(noisy-online)=0.9964 | lr=0.09304
[Epoch 035/200] loss=0.0239 | train_acc(noisy-online)=0.9919 | lr=0.09263
[Epoch 036/200] loss=0.0260 | train_acc(noisy-online)=0.9909 | lr=0.09222
[Epoch 037/200] loss=0.0225 | train_acc(noisy-online)=0.9926 | lr=0.09179
[Epoch 038/200] loss=0.0177 | train_acc(noisy-online)=0.9939 | lr=0.09135
[Epoch 039/200] loss=0.0103 | train_acc(noisy-online)=0.9966 | lr=0.09091
[Epoch 040/200] loss=0.0094 | train_acc(noisy-online)=0.9970 | lr=0.09045
[Epoch 041/200] loss=0.0061 | train_acc(noisy-online)=0.9982 | lr=0.08998
[Epoch 042/200] loss=0.0047 | train_acc(noisy-online)=0.9988 | lr=0.08951
[Epoch 043/200] loss=0.0023 | train_acc(noisy-online)=0.9994 | lr=0.08902
[Epoch 044/200] loss=0.0006 | train_acc(noisy-online)=0.9999 | lr=0.08853
[Epoch 045/200] loss=0.0005 | train_acc(noisy-online)=1.0000 | lr=0.08802
[Epoch 046/200] loss=0.0002 | train_acc(noisy-online)=1.0000 | lr=0.08751
[Epoch 047/200] loss=0.0002 | train_acc(noisy-online)=1.0000 | lr=0.08698
[Epoch 048/200] loss=0.0001 | train_acc(noisy-online)=1.0000 | lr=0.08645
[Epoch 049/200] loss=0.0001 | train_acc(noisy-online)=1.0000 | lr=0.08591
[Epoch 050/200] loss=0.0001 | train_acc(noisy-online)=1.0000 | lr=0.08536
[Epoch 051/200] loss=0.0001 | train_acc(noisy-online)=1.0000 | lr=0.08480
[Epoch 052/200] loss=0.0001 | train_acc(noisy-online)=1.0000 | lr=0.08423
[Epoch 053/200] loss=0.0001 | train_acc(noisy-online)=1.0000 | lr=0.08365
[Epoch 054/200] loss=0.0001 | train_acc(noisy-online)=1.0000 | lr=0.08307
[Epoch 055/200] loss=0.0001 | train_acc(noisy-online)=1.0000 | lr=0.08247
[Epoch 056/200] loss=0.0001 | train_acc(noisy-online)=1.0000 | lr=0.08187
[Epoch 057/200] loss=0.0001 | train_acc(noisy-online)=1.0000 | lr=0.08126
[Epoch 058/200] loss=0.0001 | train_acc(noisy-online)=1.0000 | lr=0.08065
[Epoch 059/200] loss=0.0001 | train_acc(noisy-online)=1.0000 | lr=0.08002
[Epoch 060/200] loss=0.0000 | train_acc(noisy-online)=1.0000 | lr=0.07939
[Epoch 061/200] loss=0.0001 | train_acc(noisy-online)=1.0000 | lr=0.07875
[Epoch 062/200] loss=0.0000 | train_acc(noisy-online)=1.0000 | lr=0.07810
[Epoch 063/200] loss=0.0000 | train_acc(noisy-online)=1.0000 | lr=0.07745
[Epoch 064/200] loss=0.0000 | train_acc(noisy-online)=1.0000 | lr=0.07679
[Epoch 065/200] loss=0.0000 | train_acc(noisy-online)=1.0000 | lr=0.07612
[Epoch 066/200] loss=0.0000 | train_acc(noisy-online)=1.0000 | lr=0.07545
[Epoch 067/200] loss=0.0000 | train_acc(noisy-online)=1.0000 | lr=0.07477
[Epoch 068/200] loss=0.0000 | train_acc(noisy-online)=1.0000 | lr=0.07409
[Epoch 069/200] loss=0.0000 | train_acc(noisy-online)=1.0000 | lr=0.07340
[Epoch 070/200] loss=0.0000 | train_acc(noisy-online)=1.0000 | lr=0.07270
[Epoch 071/200] loss=0.0000 | train_acc(noisy-online)=1.0000 | lr=0.07200
[Epoch 072/200] loss=0.0000 | train_acc(noisy-online)=1.0000 | lr=0.07129
[Epoch 073/200] loss=0.0000 | train_acc(noisy-online)=1.0000 | lr=0.07058
[Epoch 074/200] loss=0.0000 | train_acc(noisy-online)=1.0000 | lr=0.06986
[Epoch 075/200] loss=0.0000 | train_acc(noisy-online)=1.0000 | lr=0.06913
[Epoch 076/200] loss=0.0000 | train_acc(noisy-online)=1.0000 | lr=0.06841
[Epoch 077/200] loss=0.0000 | train_acc(noisy-online)=1.0000 | lr=0.06767
[Epoch 078/200] loss=0.0000 | train_acc(noisy-online)=1.0000 | lr=0.06694
[Epoch 079/200] loss=0.0000 | train_acc(noisy-online)=1.0000 | lr=0.06620
[Epoch 080/200] loss=0.0000 | train_acc(noisy-online)=1.0000 | lr=0.06545
[Epoch 081/200] loss=0.0000 | train_acc(noisy-online)=1.0000 | lr=0.06470
[Epoch 082/200] loss=0.0000 | train_acc(noisy-online)=1.0000 | lr=0.06395
[Epoch 083/200] loss=0.0000 | train_acc(noisy-online)=1.0000 | lr=0.06319
[Epoch 084/200] loss=0.0000 | train_acc(noisy-online)=1.0000 | lr=0.06243
[Epoch 085/200] loss=0.0000 | train_acc(noisy-online)=1.0000 | lr=0.06167
[Epoch 086/200] loss=0.0000 | train_acc(noisy-online)=1.0000 | lr=0.06091
[Epoch 087/200] loss=0.0000 | train_acc(noisy-online)=1.0000 | lr=0.06014
[Epoch 088/200] loss=0.0000 | train_acc(noisy-online)=1.0000 | lr=0.05937
[Epoch 089/200] loss=0.0000 | train_acc(noisy-online)=1.0000 | lr=0.05860
[Epoch 090/200] loss=0.0000 | train_acc(noisy-online)=1.0000 | lr=0.05782
[Epoch 091/200] loss=0.0000 | train_acc(noisy-online)=1.0000 | lr=0.05705
[Epoch 092/200] loss=0.0000 | train_acc(noisy-online)=1.0000 | lr=0.05627
[Epoch 093/200] loss=0.0000 | train_acc(noisy-online)=1.0000 | lr=0.05549
[Epoch 094/200] loss=0.0000 | train_acc(noisy-online)=1.0000 | lr=0.05471
[Epoch 095/200] loss=0.0000 | train_acc(noisy-online)=1.0000 | lr=0.05392
[Epoch 096/200] loss=0.0000 | train_acc(noisy-online)=1.0000 | lr=0.05314
[Epoch 097/200] loss=0.0000 | train_acc(noisy-online)=1.0000 | lr=0.05236
[Epoch 098/200] loss=0.0000 | train_acc(noisy-online)=1.0000 | lr=0.05157
[Epoch 099/200] loss=0.0000 | train_acc(noisy-online)=1.0000 | lr=0.05079
[Epoch 100/200] loss=0.0000 | train_acc(noisy-online)=1.0000 | lr=0.05000
[Epoch 101/200] loss=0.0000 | train_acc(noisy-online)=1.0000 | lr=0.04921
[Epoch 102/200] loss=0.0000 | train_acc(noisy-online)=1.0000 | lr=0.04843
[Epoch 103/200] loss=0.0000 | train_acc(noisy-online)=1.0000 | lr=0.04764
[Epoch 104/200] loss=0.0000 | train_acc(noisy-online)=1.0000 | lr=0.04686
[Epoch 105/200] loss=0.0000 | train_acc(noisy-online)=1.0000 | lr=0.04608
[Epoch 106/200] loss=0.0000 | train_acc(noisy-online)=1.0000 | lr=0.04529
[Epoch 107/200] loss=0.0000 | train_acc(noisy-online)=1.0000 | lr=0.04451
[Epoch 108/200] loss=0.0000 | train_acc(noisy-online)=1.0000 | lr=0.04373
[Epoch 109/200] loss=0.0000 | train_acc(noisy-online)=1.0000 | lr=0.04295
[Epoch 110/200] loss=0.0000 | train_acc(noisy-online)=1.0000 | lr=0.04218
[Epoch 111/200] loss=0.0000 | train_acc(noisy-online)=1.0000 | lr=0.04140
[Epoch 112/200] loss=0.0000 | train_acc(noisy-online)=1.0000 | lr=0.04063
[Epoch 113/200] loss=0.0000 | train_acc(noisy-online)=1.0000 | lr=0.03986
[Epoch 114/200] loss=0.0000 | train_acc(noisy-online)=1.0000 | lr=0.03909
[Epoch 115/200] loss=0.0000 | train_acc(noisy-online)=1.0000 | lr=0.03833
[Epoch 116/200] loss=0.0000 | train_acc(noisy-online)=1.0000 | lr=0.03757
[Epoch 117/200] loss=0.0000 | train_acc(noisy-online)=1.0000 | lr=0.03681
[Epoch 118/200] loss=0.0000 | train_acc(noisy-online)=1.0000 | lr=0.03605
[Epoch 119/200] loss=0.0000 | train_acc(noisy-online)=1.0000 | lr=0.03530
[Epoch 120/200] loss=0.0000 | train_acc(noisy-online)=1.0000 | lr=0.03455
[Epoch 121/200] loss=0.0000 | train_acc(noisy-online)=1.0000 | lr=0.03380
[Epoch 122/200] loss=0.0000 | train_acc(noisy-online)=1.0000 | lr=0.03306
[Epoch 123/200] loss=0.0000 | train_acc(noisy-online)=1.0000 | lr=0.03233
[Epoch 124/200] loss=0.0000 | train_acc(noisy-online)=1.0000 | lr=0.03159
[Epoch 125/200] loss=0.0000 | train_acc(noisy-online)=1.0000 | lr=0.03087
[Epoch 126/200] loss=0.0000 | train_acc(noisy-online)=1.0000 | lr=0.03014
[Epoch 127/200] loss=0.0000 | train_acc(noisy-online)=1.0000 | lr=0.02942
[Epoch 128/200] loss=0.0000 | train_acc(noisy-online)=1.0000 | lr=0.02871
[Epoch 129/200] loss=0.0000 | train_acc(noisy-online)=1.0000 | lr=0.02800
[Epoch 130/200] loss=0.0000 | train_acc(noisy-online)=1.0000 | lr=0.02730
[Epoch 131/200] loss=0.0000 | train_acc(noisy-online)=1.0000 | lr=0.02660
[Epoch 132/200] loss=0.0000 | train_acc(noisy-online)=1.0000 | lr=0.02591
[Epoch 133/200] loss=0.0000 | train_acc(noisy-online)=1.0000 | lr=0.02523
[Epoch 134/200] loss=0.0000 | train_acc(noisy-online)=1.0000 | lr=0.02455
[Epoch 135/200] loss=0.0000 | train_acc(noisy-online)=1.0000 | lr=0.02388
[Epoch 136/200] loss=0.0000 | train_acc(noisy-online)=1.0000 | lr=0.02321
[Epoch 137/200] loss=0.0000 | train_acc(noisy-online)=1.0000 | lr=0.02255
[Epoch 138/200] loss=0.0000 | train_acc(noisy-online)=1.0000 | lr=0.02190
[Epoch 139/200] loss=0.0000 | train_acc(noisy-online)=1.0000 | lr=0.02125
[Epoch 140/200] loss=0.0000 | train_acc(noisy-online)=1.0000 | lr=0.02061
[Epoch 141/200] loss=0.0000 | train_acc(noisy-online)=1.0000 | lr=0.01998
[Epoch 142/200] loss=0.0000 | train_acc(noisy-online)=1.0000 | lr=0.01935
[Epoch 143/200] loss=0.0000 | train_acc(noisy-online)=1.0000 | lr=0.01874
[Epoch 144/200] loss=0.0000 | train_acc(noisy-online)=1.0000 | lr=0.01813
[Epoch 145/200] loss=0.0000 | train_acc(noisy-online)=1.0000 | lr=0.01753
[Epoch 146/200] loss=0.0000 | train_acc(noisy-online)=1.0000 | lr=0.01693
[Epoch 147/200] loss=0.0000 | train_acc(noisy-online)=1.0000 | lr=0.01635
[Epoch 148/200] loss=0.0000 | train_acc(noisy-online)=1.0000 | lr=0.01577
[Epoch 149/200] loss=0.0000 | train_acc(noisy-online)=1.0000 | lr=0.01520
[Epoch 150/200] loss=0.0000 | train_acc(noisy-online)=1.0000 | lr=0.01464
[Epoch 151/200] loss=0.0000 | train_acc(noisy-online)=1.0000 | lr=0.01409
[Epoch 152/200] loss=0.0000 | train_acc(noisy-online)=1.0000 | lr=0.01355
[Epoch 153/200] loss=0.0000 | train_acc(noisy-online)=1.0000 | lr=0.01302
[Epoch 154/200] loss=0.0000 | train_acc(noisy-online)=1.0000 | lr=0.01249
[Epoch 155/200] loss=0.0000 | train_acc(noisy-online)=1.0000 | lr=0.01198
[Epoch 156/200] loss=0.0000 | train_acc(noisy-online)=1.0000 | lr=0.01147
[Epoch 157/200] loss=0.0000 | train_acc(noisy-online)=1.0000 | lr=0.01098
[Epoch 158/200] loss=0.0000 | train_acc(noisy-online)=1.0000 | lr=0.01049
[Epoch 159/200] loss=0.0000 | train_acc(noisy-online)=1.0000 | lr=0.01002
[Epoch 160/200] loss=0.0000 | train_acc(noisy-online)=1.0000 | lr=0.00955
[Epoch 161/200] loss=0.0000 | train_acc(noisy-online)=1.0000 | lr=0.00909
[Epoch 162/200] loss=0.0000 | train_acc(noisy-online)=1.0000 | lr=0.00865
[Epoch 163/200] loss=0.0000 | train_acc(noisy-online)=1.0000 | lr=0.00821
[Epoch 164/200] loss=0.0000 | train_acc(noisy-online)=1.0000 | lr=0.00778
[Epoch 165/200] loss=0.0000 | train_acc(noisy-online)=1.0000 | lr=0.00737
[Epoch 166/200] loss=0.0000 | train_acc(noisy-online)=1.0000 | lr=0.00696
[Epoch 167/200] loss=0.0000 | train_acc(noisy-online)=1.0000 | lr=0.00657
[Epoch 168/200] loss=0.0000 | train_acc(noisy-online)=1.0000 | lr=0.00618
[Epoch 169/200] loss=0.0000 | train_acc(noisy-online)=1.0000 | lr=0.00581
[Epoch 170/200] loss=0.0000 | train_acc(noisy-online)=1.0000 | lr=0.00545
[Epoch 171/200] loss=0.0000 | train_acc(noisy-online)=1.0000 | lr=0.00510
[Epoch 172/200] loss=0.0000 | train_acc(noisy-online)=1.0000 | lr=0.00476
[Epoch 173/200] loss=0.0000 | train_acc(noisy-online)=1.0000 | lr=0.00443
[Epoch 174/200] loss=0.0000 | train_acc(noisy-online)=1.0000 | lr=0.00411
[Epoch 175/200] loss=0.0000 | train_acc(noisy-online)=1.0000 | lr=0.00381
[Epoch 176/200] loss=0.0000 | train_acc(noisy-online)=1.0000 | lr=0.00351
[Epoch 177/200] loss=0.0000 | train_acc(noisy-online)=1.0000 | lr=0.00323
[Epoch 178/200] loss=0.0000 | train_acc(noisy-online)=1.0000 | lr=0.00296
[Epoch 179/200] loss=0.0000 | train_acc(noisy-online)=1.0000 | lr=0.00270
[Epoch 180/200] loss=0.0000 | train_acc(noisy-online)=1.0000 | lr=0.00245
[Epoch 181/200] loss=0.0000 | train_acc(noisy-online)=1.0000 | lr=0.00221
[Epoch 182/200] loss=0.0000 | train_acc(noisy-online)=1.0000 | lr=0.00199
[Epoch 183/200] loss=0.0000 | train_acc(noisy-online)=1.0000 | lr=0.00177
[Epoch 184/200] loss=0.0000 | train_acc(noisy-online)=1.0000 | lr=0.00157
[Epoch 185/200] loss=0.0000 | train_acc(noisy-online)=1.0000 | lr=0.00138
[Epoch 186/200] loss=0.0000 | train_acc(noisy-online)=1.0000 | lr=0.00120
[Epoch 187/200] loss=0.0000 | train_acc(noisy-online)=1.0000 | lr=0.00104
[Epoch 188/200] loss=0.0000 | train_acc(noisy-online)=1.0000 | lr=0.00089
[Epoch 189/200] loss=0.0000 | train_acc(noisy-online)=1.0000 | lr=0.00074
[Epoch 190/200] loss=0.0000 | train_acc(noisy-online)=1.0000 | lr=0.00062
[Epoch 191/200] loss=0.0000 | train_acc(noisy-online)=1.0000 | lr=0.00050
[Epoch 192/200] loss=0.0000 | train_acc(noisy-online)=1.0000 | lr=0.00039
[Epoch 193/200] loss=0.0000 | train_acc(noisy-online)=1.0000 | lr=0.00030
[Epoch 194/200] loss=0.0000 | train_acc(noisy-online)=1.0000 | lr=0.00022
[Epoch 195/200] loss=0.0000 | train_acc(noisy-online)=1.0000 | lr=0.00015
[Epoch 196/200] loss=0.0000 | train_acc(noisy-online)=1.0000 | lr=0.00010
[Epoch 197/200] loss=0.0000 | train_acc(noisy-online)=1.0000 | lr=0.00006
[Epoch 198/200] loss=0.0000 | train_acc(noisy-online)=1.0000 | lr=0.00002
[Epoch 199/200] loss=0.0000 | train_acc(noisy-online)=1.0000 | lr=0.00001
[Epoch 200/200] loss=0.0000 | train_acc(noisy-online)=1.0000 | lr=0.00000
[alpha=0.000] train_acc=1.0000 | test_acc=0.8666 | overfit_rate=0.1334
    pruning_ratio=0.000 | train_acc_pruned=1.0000 | retained_train_acc=1.0000
    pruning_ratio=0.100 | train_acc_pruned=1.0000 | retained_train_acc=1.0000
    pruning_ratio=0.200 | train_acc_pruned=1.0000 | retained_train_acc=1.0000
    pruning_ratio=0.300 | train_acc_pruned=1.0000 | retained_train_acc=1.0000
    pruning_ratio=0.400 | train_acc_pruned=1.0000 | retained_train_acc=1.0000
    pruning_ratio=0.500 | train_acc_pruned=0.9920 | retained_train_acc=0.9920
    pruning_ratio=0.600 | train_acc_pruned=0.8813 | retained_train_acc=0.8813
    pruning_ratio=0.700 | train_acc_pruned=0.6481 | retained_train_acc=0.6481
    pruning_ratio=0.750 | train_acc_pruned=0.3828 | retained_train_acc=0.3828
    pruning_ratio=0.800 | train_acc_pruned=0.2723 | retained_train_acc=0.2723
    pruning_ratio=0.850 | train_acc_pruned=0.2053 | retained_train_acc=0.2053
    pruning_ratio=0.900 | train_acc_pruned=0.1002 | retained_train_acc=0.1002
    pruning_ratio=0.950 | train_acc_pruned=0.1015 | retained_train_acc=0.1015
    pruning_ratio=0.980 | train_acc_pruned=0.1000 | retained_train_acc=0.1000
    pruning_ratio=0.990 | train_acc_pruned=0.1000 | retained_train_acc=0.1000

Done.
Results saved in: outputs/noise_pruning_cifar10_wrn16
End time: Sat Mar 14 02:36:48 PM CET 2026
Job finished
